objective	family	representation	method	target_offset	target	sigma	metric	mean	std	n	status
jepa	physics	pooled	mlp	0	buoyancy_gradient_energy		test_vrmse	0.12717593313167358		1	ok
jepa	physics	pooled	mlp	0	buoyancy_gradient_energy		test_r2	0.9838262820320881		1	ok
jepa	physics	pooled	mlp	0	buoyancy_gradient_energy		test_pearson_r	0.9927810442703446		1	ok
jepa	physics	pooled	mlp	0	buoyancy_gradient_energy		test_mse	105.99594518195421		1	ok
jepa	physics	pooled	mlp	0	buoyancy_gradient_energy		test_log_mse	2.0252892518800083		1	ok
jepa	physics	pooled	ridge	0	buoyancy_gradient_energy		test_vrmse	0.2838388966628094		1	ok
jepa	physics	pooled	ridge	0	buoyancy_gradient_energy		test_r2	0.919435480741239		1	ok
jepa	physics	pooled	ridge	0	buoyancy_gradient_energy		test_pearson_r	0.9592266959775713		1	ok
jepa	physics	pooled	ridge	0	buoyancy_gradient_energy		test_mse	527.9869714498683		1	ok
jepa	physics	pooled	ridge	0	buoyancy_gradient_energy		test_log_mse	2.722623206061767		1	ok
jepa	physics	pooled	ridge_plus_control	0	buoyancy_gradient_energy		test_vrmse	0.2548732053681743		1	ok
jepa	physics	pooled	ridge_plus_control	0	buoyancy_gradient_energy		test_r2	0.9350396491853524		1	ok
jepa	physics	pooled	ridge_plus_control	0	buoyancy_gradient_energy		test_pearson_r	0.9674779519184948		1	ok
jepa	physics	pooled	ridge_plus_control	0	buoyancy_gradient_energy		test_mse	425.72362134733373		1	ok
jepa	physics	pooled	ridge_plus_control	0	buoyancy_gradient_energy		test_log_mse	2.6291277477486568		1	ok
jepa	physics	pooled	selected	0	buoyancy_gradient_energy		test_vrmse	0.12717593313167358		1	ok
jepa	physics	pooled	selected	0	buoyancy_gradient_energy		test_r2	0.9838262820320881		1	ok
jepa	physics	pooled	selected	0	buoyancy_gradient_energy		test_pearson_r	0.9927810442703446		1	ok
jepa	physics	pooled	selected	0	buoyancy_gradient_energy		test_mse	105.99594518195421		1	ok
jepa	physics	pooled	selected	0	buoyancy_gradient_energy		test_log_mse	2.0252892518800083		1	ok
jepa	physics	pooled	mlp	0	buoyancy_laplacian_magnitude		test_vrmse	0.10115944247625035		1	ok
jepa	physics	pooled	mlp	0	buoyancy_laplacian_magnitude		test_r2	0.9897667671978942		1	ok
jepa	physics	pooled	mlp	0	buoyancy_laplacian_magnitude		test_pearson_r	0.9956681130465384		1	ok
jepa	physics	pooled	mlp	0	buoyancy_laplacian_magnitude		test_mse	11010.9113215336		1	ok
jepa	physics	pooled	mlp	0	buoyancy_laplacian_magnitude		test_log_mse	4.041823264978502		1	ok
jepa	physics	pooled	ridge	0	buoyancy_laplacian_magnitude		test_vrmse	0.24021241586289024		1	ok
jepa	physics	pooled	ridge	0	buoyancy_laplacian_magnitude		test_r2	0.9422979952653139		1	ok
jepa	physics	pooled	ridge	0	buoyancy_laplacian_magnitude		test_pearson_r	0.9708717908105824		1	ok
jepa	physics	pooled	ridge	0	buoyancy_laplacian_magnitude		test_mse	62087.091097702534		1	ok
jepa	physics	pooled	ridge	0	buoyancy_laplacian_magnitude		test_log_mse	4.7930013127722155		1	ok
jepa	physics	pooled	ridge_plus_control	0	buoyancy_laplacian_magnitude		test_vrmse	0.2110697614385814		1	ok
jepa	physics	pooled	ridge_plus_control	0	buoyancy_laplacian_magnitude		test_r2	0.9554495558062603		1	ok
jepa	physics	pooled	ridge_plus_control	0	buoyancy_laplacian_magnitude		test_pearson_r	0.977698165483418		1	ok
jepa	physics	pooled	ridge_plus_control	0	buoyancy_laplacian_magnitude		test_mse	47936.07258219073		1	ok
jepa	physics	pooled	ridge_plus_control	0	buoyancy_laplacian_magnitude		test_log_mse	4.680662449268906		1	ok
jepa	physics	pooled	selected	0	buoyancy_laplacian_magnitude		test_vrmse	0.10115944247625035		1	ok
jepa	physics	pooled	selected	0	buoyancy_laplacian_magnitude		test_r2	0.9897667671978942		1	ok
jepa	physics	pooled	selected	0	buoyancy_laplacian_magnitude		test_pearson_r	0.9956681130465384		1	ok
jepa	physics	pooled	selected	0	buoyancy_laplacian_magnitude		test_mse	11010.9113215336		1	ok
jepa	physics	pooled	selected	0	buoyancy_laplacian_magnitude		test_log_mse	4.041823264978502		1	ok
jepa	physics	pooled	mlp	0	convective_flux		test_vrmse	0.12223849151735852		1	ok
jepa	physics	pooled	mlp	0	convective_flux		test_r2	0.9850577511915607		1	ok
jepa	physics	pooled	mlp	0	convective_flux		test_pearson_r	0.9926046422489468		1	ok
jepa	physics	pooled	mlp	0	convective_flux		test_mse	2.6661195526257135e-07		1	ok
jepa	physics	pooled	mlp	0	convective_flux		test_log_mse	-6.574120380097884		1	ok
jepa	physics	pooled	ridge	0	convective_flux		test_vrmse	0.13459844604089843		1	ok
jepa	physics	pooled	ridge	0	convective_flux		test_r2	0.9818832583233753		1	ok
jepa	physics	pooled	ridge	0	convective_flux		test_pearson_r	0.9909199526191454		1	ok
jepa	physics	pooled	ridge	0	convective_flux		test_mse	3.2325388121390174e-07		1	ok
jepa	physics	pooled	ridge	0	convective_flux		test_log_mse	-6.490456251970658		1	ok
jepa	physics	pooled	ridge_plus_control	0	convective_flux		test_vrmse	0.13074226505516595		1	ok
jepa	physics	pooled	ridge_plus_control	0	convective_flux		test_r2	0.9829064601282447		1	ok
jepa	physics	pooled	ridge_plus_control	0	convective_flux		test_pearson_r	0.9914307352653553		1	ok
jepa	physics	pooled	ridge_plus_control	0	convective_flux		test_mse	3.0499706878079984e-07		1	ok
jepa	physics	pooled	ridge_plus_control	0	convective_flux		test_log_mse	-6.515704334484169		1	ok
jepa	physics	pooled	selected	0	convective_flux		test_vrmse	0.12223849151735852		1	ok
jepa	physics	pooled	selected	0	convective_flux		test_r2	0.9850577511915607		1	ok
jepa	physics	pooled	selected	0	convective_flux		test_pearson_r	0.9926046422489468		1	ok
jepa	physics	pooled	selected	0	convective_flux		test_mse	2.6661195526257135e-07		1	ok
jepa	physics	pooled	selected	0	convective_flux		test_log_mse	-6.574120380097884		1	ok
jepa	physics	pooled	mlp	0	enstrophy		test_vrmse	0.0858961118691177		1	ok
jepa	physics	pooled	mlp	0	enstrophy		test_r2	0.992621857965768		1	ok
jepa	physics	pooled	mlp	0	enstrophy		test_pearson_r	0.9965174164369707		1	ok
jepa	physics	pooled	mlp	0	enstrophy		test_mse	12.2720962112639		1	ok
jepa	physics	pooled	mlp	0	enstrophy		test_log_mse	1.0889187514172605		1	ok
jepa	physics	pooled	ridge	0	enstrophy		test_vrmse	0.1687950914439311		1	ok
jepa	physics	pooled	ridge	0	enstrophy		test_r2	0.9715082171044349		1	ok
jepa	physics	pooled	ridge	0	enstrophy		test_pearson_r	0.985759447873703		1	ok
jepa	physics	pooled	ridge	0	enstrophy		test_mse	47.390508247543416		1	ok
jepa	physics	pooled	ridge	0	enstrophy		test_log_mse	1.6756913663892075		1	ok
jepa	physics	pooled	ridge_plus_control	0	enstrophy		test_vrmse	0.14340001309537007		1	ok
jepa	physics	pooled	ridge_plus_control	0	enstrophy		test_r2	0.9794364362442477		1	ok
jepa	physics	pooled	ridge_plus_control	0	enstrophy		test_pearson_r	0.9897195706641425		1	ok
jepa	physics	pooled	ridge_plus_control	0	enstrophy		test_mse	34.20346635863054		1	ok
jepa	physics	pooled	ridge_plus_control	0	enstrophy		test_log_mse	1.5340701219666428		1	ok
jepa	physics	pooled	selected	0	enstrophy		test_vrmse	0.0858961118691177		1	ok
jepa	physics	pooled	selected	0	enstrophy		test_r2	0.992621857965768		1	ok
jepa	physics	pooled	selected	0	enstrophy		test_pearson_r	0.9965174164369707		1	ok
jepa	physics	pooled	selected	0	enstrophy		test_mse	12.2720962112639		1	ok
jepa	physics	pooled	selected	0	enstrophy		test_log_mse	1.0889187514172605		1	ok
jepa	physics	pooled	mlp	0	pressure_gradient_magnitude		test_vrmse	0.04659785764072832		1	ok
jepa	physics	pooled	mlp	0	pressure_gradient_magnitude		test_r2	0.9978286396632944		1	ok
jepa	physics	pooled	mlp	0	pressure_gradient_magnitude		test_pearson_r	0.9989149118856937		1	ok
jepa	physics	pooled	mlp	0	pressure_gradient_magnitude		test_mse	0.00022697252732114403		1	ok
jepa	physics	pooled	mlp	0	pressure_gradient_magnitude		test_log_mse	-3.644026706484751		1	ok
jepa	physics	pooled	ridge	0	pressure_gradient_magnitude		test_vrmse	0.05286156778376697		1	ok
jepa	physics	pooled	ridge	0	pressure_gradient_magnitude		test_r2	0.9972056546514422		1	ok
jepa	physics	pooled	ridge	0	pressure_gradient_magnitude		test_pearson_r	0.9986032512443183		1	ok
jepa	physics	pooled	ridge	0	pressure_gradient_magnitude		test_mse	0.00029209321697960176		1	ok
jepa	physics	pooled	ridge	0	pressure_gradient_magnitude		test_log_mse	-3.5344785281429636		1	ok
jepa	physics	pooled	ridge_plus_control	0	pressure_gradient_magnitude		test_vrmse	0.05098675470727272		1	ok
jepa	physics	pooled	ridge_plus_control	0	pressure_gradient_magnitude		test_r2	0.9974003508444204		1	ok
jepa	physics	pooled	ridge_plus_control	0	pressure_gradient_magnitude		test_pearson_r	0.9987005471602098		1	ok
jepa	physics	pooled	ridge_plus_control	0	pressure_gradient_magnitude		test_mse	0.00027174160318568286		1	ok
jepa	physics	pooled	ridge_plus_control	0	pressure_gradient_magnitude		test_log_mse	-3.5658438667318766		1	ok
jepa	physics	pooled	selected	0	pressure_gradient_magnitude		test_vrmse	0.04659785764072832		1	ok
jepa	physics	pooled	selected	0	pressure_gradient_magnitude		test_r2	0.9978286396632944		1	ok
jepa	physics	pooled	selected	0	pressure_gradient_magnitude		test_pearson_r	0.9989149118856937		1	ok
jepa	physics	pooled	selected	0	pressure_gradient_magnitude		test_mse	0.00022697252732114403		1	ok
jepa	physics	pooled	selected	0	pressure_gradient_magnitude		test_log_mse	-3.644026706484751		1	ok
jepa	physics	pooled	mlp	16	buoyancy_gradient_energy		test_vrmse	0.15375516774128478		1	ok
jepa	physics	pooled	mlp	16	buoyancy_gradient_energy		test_r2	0.9763593483928494		1	ok
jepa	physics	pooled	mlp	16	buoyancy_gradient_energy		test_pearson_r	0.9895200070185634		1	ok
jepa	physics	pooled	mlp	16	buoyancy_gradient_energy		test_mse	69.90906443391926		1	ok
jepa	physics	pooled	mlp	16	buoyancy_gradient_energy		test_log_mse	1.8445334901721337		1	ok
jepa	physics	pooled	ridge	16	buoyancy_gradient_energy		test_vrmse	0.20263046276150262		1	ok
jepa	physics	pooled	ridge	16	buoyancy_gradient_energy		test_r2	0.9589408955610593		1	ok
jepa	physics	pooled	ridge	16	buoyancy_gradient_energy		test_pearson_r	0.9796530607335384		1	ok
jepa	physics	pooled	ridge	16	buoyancy_gradient_energy		test_mse	121.41812440367384		1	ok
jepa	physics	pooled	ridge	16	buoyancy_gradient_energy		test_log_mse	2.0842835198610437		1	ok
jepa	physics	pooled	ridge_plus_control	16	buoyancy_gradient_energy		test_vrmse	0.18896868170222914		1	ok
jepa	physics	pooled	ridge_plus_control	16	buoyancy_gradient_energy		test_r2	0.9642908373357216		1	ok
jepa	physics	pooled	ridge_plus_control	16	buoyancy_gradient_energy		test_pearson_r	0.9822549584786272		1	ok
jepa	physics	pooled	ridge_plus_control	16	buoyancy_gradient_energy		test_mse	105.59751884433058		1	ok
jepa	physics	pooled	ridge_plus_control	16	buoyancy_gradient_energy		test_log_mse	2.023653713984961		1	ok
jepa	physics	pooled	selected	16	buoyancy_gradient_energy		test_vrmse	0.15375516774128478		1	ok
jepa	physics	pooled	selected	16	buoyancy_gradient_energy		test_r2	0.9763593483928494		1	ok
jepa	physics	pooled	selected	16	buoyancy_gradient_energy		test_pearson_r	0.9895200070185634		1	ok
jepa	physics	pooled	selected	16	buoyancy_gradient_energy		test_mse	69.90906443391926		1	ok
jepa	physics	pooled	selected	16	buoyancy_gradient_energy		test_log_mse	1.8445334901721337		1	ok
jepa	physics	pooled	mlp	16	buoyancy_laplacian_magnitude		test_vrmse	0.13168175108510993		1	ok
jepa	physics	pooled	mlp	16	buoyancy_laplacian_magnitude		test_r2	0.9826599164311591		1	ok
jepa	physics	pooled	mlp	16	buoyancy_laplacian_magnitude		test_pearson_r	0.9916642870615444		1	ok
jepa	physics	pooled	mlp	16	buoyancy_laplacian_magnitude		test_mse	8010.175567535777		1	ok
jepa	physics	pooled	mlp	16	buoyancy_laplacian_magnitude		test_log_mse	3.903642035082537		1	ok
jepa	physics	pooled	ridge	16	buoyancy_laplacian_magnitude		test_vrmse	0.20455561461274172		1	ok
jepa	physics	pooled	ridge	16	buoyancy_laplacian_magnitude		test_r2	0.9581570005304035		1	ok
jepa	physics	pooled	ridge	16	buoyancy_laplacian_magnitude		test_pearson_r	0.9790666044544948		1	ok
jepa	physics	pooled	ridge	16	buoyancy_laplacian_magnitude		test_mse	19329.190121439526		1	ok
jepa	physics	pooled	ridge	16	buoyancy_laplacian_magnitude		test_log_mse	4.286213657796879		1	ok
jepa	physics	pooled	ridge_plus_control	16	buoyancy_laplacian_magnitude		test_vrmse	0.19140460929158143		1	ok
jepa	physics	pooled	ridge_plus_control	16	buoyancy_laplacian_magnitude		test_r2	0.963364275541937		1	ok
jepa	physics	pooled	ridge_plus_control	16	buoyancy_laplacian_magnitude		test_pearson_r	0.9817069544859547		1	ok
jepa	physics	pooled	ridge_plus_control	16	buoyancy_laplacian_magnitude		test_mse	16923.71226400991		1	ok
jepa	physics	pooled	ridge_plus_control	16	buoyancy_laplacian_magnitude		test_log_mse	4.22849563287203		1	ok
jepa	physics	pooled	selected	16	buoyancy_laplacian_magnitude		test_vrmse	0.13168175108510993		1	ok
jepa	physics	pooled	selected	16	buoyancy_laplacian_magnitude		test_r2	0.9826599164311591		1	ok
jepa	physics	pooled	selected	16	buoyancy_laplacian_magnitude		test_pearson_r	0.9916642870615444		1	ok
jepa	physics	pooled	selected	16	buoyancy_laplacian_magnitude		test_mse	8010.175567535777		1	ok
jepa	physics	pooled	selected	16	buoyancy_laplacian_magnitude		test_log_mse	3.903642035082537		1	ok
jepa	physics	pooled	mlp	16	convective_flux		test_vrmse	0.2185021238114274		1	ok
jepa	physics	pooled	mlp	16	convective_flux		test_r2	0.9522568218898957		1	ok
jepa	physics	pooled	mlp	16	convective_flux		test_pearson_r	0.9758656359578229		1	ok
jepa	physics	pooled	mlp	16	convective_flux		test_mse	8.003932877356881e-07		1	ok
jepa	physics	pooled	mlp	16	convective_flux		test_log_mse	-6.096696562104261		1	ok
jepa	physics	pooled	ridge	16	convective_flux		test_vrmse	0.2342473131966876		1	ok
jepa	physics	pooled	ridge	16	convective_flux		test_r2	0.945128196260133		1	ok
jepa	physics	pooled	ridge	16	convective_flux		test_pearson_r	0.9722261337732001		1	ok
jepa	physics	pooled	ridge	16	convective_flux		test_mse	9.199015469404753e-07		1	ok
jepa	physics	pooled	ridge	16	convective_flux		test_log_mse	-6.036258650815833		1	ok
jepa	physics	pooled	ridge_plus_control	16	convective_flux		test_vrmse	0.2420363334786843		1	ok
jepa	physics	pooled	ridge_plus_control	16	convective_flux		test_r2	0.9414184132761951		1	ok
jepa	physics	pooled	ridge_plus_control	16	convective_flux		test_pearson_r	0.9705151798239459		1	ok
jepa	physics	pooled	ridge_plus_control	16	convective_flux		test_mse	9.820944196573313e-07		1	ok
jepa	physics	pooled	ridge_plus_control	16	convective_flux		test_log_mse	-6.007846756647958		1	ok
jepa	physics	pooled	selected	16	convective_flux		test_vrmse	0.2185021238114274		1	ok
jepa	physics	pooled	selected	16	convective_flux		test_r2	0.9522568218898957		1	ok
jepa	physics	pooled	selected	16	convective_flux		test_pearson_r	0.9758656359578229		1	ok
jepa	physics	pooled	selected	16	convective_flux		test_mse	8.003932877356881e-07		1	ok
jepa	physics	pooled	selected	16	convective_flux		test_log_mse	-6.096696562104261		1	ok
jepa	physics	pooled	mlp	16	enstrophy		test_vrmse	0.17486468330971924		1	ok
jepa	physics	pooled	mlp	16	enstrophy		test_r2	0.9694223425309916		1	ok
jepa	physics	pooled	mlp	16	enstrophy		test_pearson_r	0.9846751292453754		1	ok
jepa	physics	pooled	mlp	16	enstrophy		test_mse	53.39679699181352		1	ok
jepa	physics	pooled	mlp	16	enstrophy		test_log_mse	1.7275152066446409		1	ok
jepa	physics	pooled	ridge	16	enstrophy		test_vrmse	0.21595328843276515		1	ok
jepa	physics	pooled	ridge	16	enstrophy		test_r2	0.9533641772150749		1	ok
jepa	physics	pooled	ridge	16	enstrophy		test_pearson_r	0.9764302520409911		1	ok
jepa	physics	pooled	ridge	16	enstrophy		test_mse	81.43866364899759		1	ok
jepa	physics	pooled	ridge	16	enstrophy		test_log_mse	1.9108306385851697		1	ok
jepa	physics	pooled	ridge_plus_control	16	enstrophy		test_vrmse	0.1880959774449691		1	ok
jepa	physics	pooled	ridge_plus_control	16	enstrophy		test_r2	0.9646199032690217		1	ok
jepa	physics	pooled	ridge_plus_control	16	enstrophy		test_pearson_r	0.9821983340206099		1	ok
jepa	physics	pooled	ridge_plus_control	16	enstrophy		test_mse	61.78314491911398		1	ok
jepa	physics	pooled	ridge_plus_control	16	enstrophy		test_log_mse	1.7908700112210933		1	ok
jepa	physics	pooled	selected	16	enstrophy		test_vrmse	0.17486468330971924		1	ok
jepa	physics	pooled	selected	16	enstrophy		test_r2	0.9694223425309916		1	ok
jepa	physics	pooled	selected	16	enstrophy		test_pearson_r	0.9846751292453754		1	ok
jepa	physics	pooled	selected	16	enstrophy		test_mse	53.39679699181352		1	ok
jepa	physics	pooled	selected	16	enstrophy		test_log_mse	1.7275152066446409		1	ok
jepa	physics	pooled	mlp	16	pressure_gradient_magnitude		test_vrmse	0.08069424102294523		1	ok
jepa	physics	pooled	mlp	16	pressure_gradient_magnitude		test_r2	0.9934884394657308		1	ok
jepa	physics	pooled	mlp	16	pressure_gradient_magnitude		test_pearson_r	0.996759228204575		1	ok
jepa	physics	pooled	mlp	16	pressure_gradient_magnitude		test_mse	0.0007716454041429496		1	ok
jepa	physics	pooled	mlp	16	pressure_gradient_magnitude		test_log_mse	-3.1125822260921834		1	ok
jepa	physics	pooled	ridge	16	pressure_gradient_magnitude		test_vrmse	0.08685215320300761		1	ok
jepa	physics	pooled	ridge	16	pressure_gradient_magnitude		test_r2	0.9924567034840013		1	ok
jepa	physics	pooled	ridge	16	pressure_gradient_magnitude		test_pearson_r	0.996263827172548		1	ok
jepa	physics	pooled	ridge	16	pressure_gradient_magnitude		test_mse	0.0008939101553344024		1	ok
jepa	physics	pooled	ridge	16	pressure_gradient_magnitude		test_log_mse	-3.0487061288587634		1	ok
jepa	physics	pooled	ridge_plus_control	16	pressure_gradient_magnitude		test_vrmse	0.0840649135567831		1	ok
jepa	physics	pooled	ridge_plus_control	16	pressure_gradient_magnitude		test_r2	0.9929330903086906		1	ok
jepa	physics	pooled	ridge_plus_control	16	pressure_gradient_magnitude		test_pearson_r	0.9964860694457929		1	ok
jepa	physics	pooled	ridge_plus_control	16	pressure_gradient_magnitude		test_mse	0.0008374564524269163		1	ok
jepa	physics	pooled	ridge_plus_control	16	pressure_gradient_magnitude		test_log_mse	-3.077037766932794		1	ok
jepa	physics	pooled	selected	16	pressure_gradient_magnitude		test_vrmse	0.08069424102294523		1	ok
jepa	physics	pooled	selected	16	pressure_gradient_magnitude		test_r2	0.9934884394657308		1	ok
jepa	physics	pooled	selected	16	pressure_gradient_magnitude		test_pearson_r	0.996759228204575		1	ok
jepa	physics	pooled	selected	16	pressure_gradient_magnitude		test_mse	0.0007716454041429496		1	ok
jepa	physics	pooled	selected	16	pressure_gradient_magnitude		test_log_mse	-3.1125822260921834		1	ok
jepa	physics	pooled	mlp	40	buoyancy_gradient_energy		test_vrmse	0.4113838937034365		1	ok
jepa	physics	pooled	mlp	40	buoyancy_gradient_energy		test_r2	0.8307632920013996		1	ok
jepa	physics	pooled	mlp	40	buoyancy_gradient_energy		test_pearson_r	0.9121408688594878		1	ok
jepa	physics	pooled	mlp	40	buoyancy_gradient_energy		test_mse	497.01706065292467		1	ok
jepa	physics	pooled	mlp	40	buoyancy_gradient_energy		test_log_mse	2.696371296621168		1	ok
jepa	physics	pooled	ridge	40	buoyancy_gradient_energy		test_vrmse	0.5052279690448914		1	ok
jepa	physics	pooled	ridge	40	buoyancy_gradient_energy		test_r2	0.7447446992947743		1	ok
jepa	physics	pooled	ridge	40	buoyancy_gradient_energy		test_pearson_r	0.863042743714534		1	ok
jepa	physics	pooled	ridge	40	buoyancy_gradient_energy		test_mse	749.6378343263386		1	ok
jepa	physics	pooled	ridge	40	buoyancy_gradient_energy		test_log_mse	2.8748514973361052		1	ok
jepa	physics	pooled	ridge_plus_control	40	buoyancy_gradient_energy		test_vrmse	0.24040122541730355		1	ok
jepa	physics	pooled	ridge_plus_control	40	buoyancy_gradient_energy		test_r2	0.9422072508178588		1	ok
jepa	physics	pooled	ridge_plus_control	40	buoyancy_gradient_energy		test_pearson_r	0.9708727338746239		1	ok
jepa	physics	pooled	ridge_plus_control	40	buoyancy_gradient_energy		test_mse	169.72666666263146		1	ok
jepa	physics	pooled	ridge_plus_control	40	buoyancy_gradient_energy		test_log_mse	2.2297500820029623		1	ok
jepa	physics	pooled	selected	40	buoyancy_gradient_energy		test_vrmse	0.4113838937034365		1	ok
jepa	physics	pooled	selected	40	buoyancy_gradient_energy		test_r2	0.8307632920013996		1	ok
jepa	physics	pooled	selected	40	buoyancy_gradient_energy		test_pearson_r	0.9121408688594878		1	ok
jepa	physics	pooled	selected	40	buoyancy_gradient_energy		test_mse	497.01706065292467		1	ok
jepa	physics	pooled	selected	40	buoyancy_gradient_energy		test_log_mse	2.696371296621168		1	ok
jepa	physics	pooled	mlp	40	buoyancy_laplacian_magnitude		test_vrmse	0.4469949265566632		1	ok
jepa	physics	pooled	mlp	40	buoyancy_laplacian_magnitude		test_r2	0.8001955356326034		1	ok
jepa	physics	pooled	mlp	40	buoyancy_laplacian_magnitude		test_pearson_r	0.897371035232093		1	ok
jepa	physics	pooled	mlp	40	buoyancy_laplacian_magnitude		test_mse	87896.32511830254		1	ok
jepa	physics	pooled	mlp	40	buoyancy_laplacian_magnitude		test_log_mse	4.943970717915572		1	ok
jepa	physics	pooled	ridge	40	buoyancy_laplacian_magnitude		test_vrmse	0.5483924859461137		1	ok
jepa	physics	pooled	ridge	40	buoyancy_laplacian_magnitude		test_r2	0.6992656813578415		1	ok
jepa	physics	pooled	ridge	40	buoyancy_laplacian_magnitude		test_pearson_r	0.8362992905456023		1	ok
jepa	physics	pooled	ridge	40	buoyancy_laplacian_magnitude		test_mse	132296.55067665075		1	ok
jepa	physics	pooled	ridge	40	buoyancy_laplacian_magnitude		test_log_mse	5.121548521121549		1	ok
jepa	physics	pooled	ridge_plus_control	40	buoyancy_laplacian_magnitude		test_vrmse	0.2511870941444222		1	ok
jepa	physics	pooled	ridge_plus_control	40	buoyancy_laplacian_magnitude		test_r2	0.9369050437352812		1	ok
jepa	physics	pooled	ridge_plus_control	40	buoyancy_laplacian_magnitude		test_pearson_r	0.9681889707255601		1	ok
jepa	physics	pooled	ridge_plus_control	40	buoyancy_laplacian_magnitude		test_mse	27756.210586822846		1	ok
jepa	physics	pooled	ridge_plus_control	40	buoyancy_laplacian_magnitude		test_log_mse	4.443360173830068		1	ok
jepa	physics	pooled	selected	40	buoyancy_laplacian_magnitude		test_vrmse	0.4469949265566632		1	ok
jepa	physics	pooled	selected	40	buoyancy_laplacian_magnitude		test_r2	0.8001955356326034		1	ok
jepa	physics	pooled	selected	40	buoyancy_laplacian_magnitude		test_pearson_r	0.897371035232093		1	ok
jepa	physics	pooled	selected	40	buoyancy_laplacian_magnitude		test_mse	87896.32511830254		1	ok
jepa	physics	pooled	selected	40	buoyancy_laplacian_magnitude		test_log_mse	4.943970717915572		1	ok
jepa	physics	pooled	mlp	40	convective_flux		test_vrmse	0.2701078045151227		1	ok
jepa	physics	pooled	mlp	40	convective_flux		test_r2	0.9270417739400203		1	ok
jepa	physics	pooled	mlp	40	convective_flux		test_pearson_r	0.9632293150294926		1	ok
jepa	physics	pooled	mlp	40	convective_flux		test_mse	1.254713253337763e-06		1	ok
jepa	physics	pooled	mlp	40	convective_flux		test_log_mse	-5.901455514598947		1	ok
jepa	physics	pooled	ridge	40	convective_flux		test_vrmse	0.30507056341196415		1	ok
jepa	physics	pooled	ridge	40	convective_flux		test_r2	0.9069319513395068		1	ok
jepa	physics	pooled	ridge	40	convective_flux		test_pearson_r	0.9526386982199975		1	ok
jepa	physics	pooled	ridge	40	convective_flux		test_mse	1.6005558306832164e-06		1	ok
jepa	physics	pooled	ridge	40	convective_flux		test_log_mse	-5.795729172169805		1	ok
jepa	physics	pooled	ridge_plus_control	40	convective_flux		test_vrmse	0.2957687195546663		1	ok
jepa	physics	pooled	ridge_plus_control	40	convective_flux		test_r2	0.9125208645329932		1	ok
jepa	physics	pooled	ridge_plus_control	40	convective_flux		test_pearson_r	0.9557043363147624		1	ok
jepa	physics	pooled	ridge_plus_control	40	convective_flux		test_mse	1.5044394112700496e-06		1	ok
jepa	physics	pooled	ridge_plus_control	40	convective_flux		test_log_mse	-5.822625298040842		1	ok
jepa	physics	pooled	selected	40	convective_flux		test_vrmse	0.2701078045151227		1	ok
jepa	physics	pooled	selected	40	convective_flux		test_r2	0.9270417739400203		1	ok
jepa	physics	pooled	selected	40	convective_flux		test_pearson_r	0.9632293150294926		1	ok
jepa	physics	pooled	selected	40	convective_flux		test_mse	1.254713253337763e-06		1	ok
jepa	physics	pooled	selected	40	convective_flux		test_log_mse	-5.901455514598947		1	ok
jepa	physics	pooled	mlp	40	enstrophy		test_vrmse	0.20824763491107798		1	ok
jepa	physics	pooled	mlp	40	enstrophy		test_r2	0.9566329225539424		1	ok
jepa	physics	pooled	mlp	40	enstrophy		test_pearson_r	0.9782608800369842		1	ok
jepa	physics	pooled	mlp	40	enstrophy		test_mse	89.09315620882536		1	ok
jepa	physics	pooled	mlp	40	enstrophy		test_log_mse	1.9498443444981906		1	ok
jepa	physics	pooled	ridge	40	enstrophy		test_vrmse	0.2633037466723371		1	ok
jepa	physics	pooled	ridge	40	enstrophy		test_r2	0.9306711369883097		1	ok
jepa	physics	pooled	ridge	40	enstrophy		test_pearson_r	0.9650571952558972		1	ok
jepa	physics	pooled	ridge	40	enstrophy		test_mse	142.42894808311055		1	ok
jepa	physics	pooled	ridge	40	enstrophy		test_log_mse	2.153598266794291		1	ok
jepa	physics	pooled	ridge_plus_control	40	enstrophy		test_vrmse	0.21785942533842426		1	ok
jepa	physics	pooled	ridge_plus_control	40	enstrophy		test_r2	0.9525372707912115		1	ok
jepa	physics	pooled	ridge_plus_control	40	enstrophy		test_pearson_r	0.9765278229956982		1	ok
jepa	physics	pooled	ridge_plus_control	40	enstrophy		test_mse	97.50724735268454		1	ok
jepa	physics	pooled	ridge_plus_control	40	enstrophy		test_log_mse	1.9890368963991105		1	ok
jepa	physics	pooled	selected	40	enstrophy		test_vrmse	0.20824763491107798		1	ok
jepa	physics	pooled	selected	40	enstrophy		test_r2	0.9566329225539424		1	ok
jepa	physics	pooled	selected	40	enstrophy		test_pearson_r	0.9782608800369842		1	ok
jepa	physics	pooled	selected	40	enstrophy		test_mse	89.09315620882536		1	ok
jepa	physics	pooled	selected	40	enstrophy		test_log_mse	1.9498443444981906		1	ok
jepa	physics	pooled	mlp	40	pressure_gradient_magnitude		test_vrmse	0.11721248406490373		1	ok
jepa	physics	pooled	mlp	40	pressure_gradient_magnitude		test_r2	0.9862612335793347		1	ok
jepa	physics	pooled	mlp	40	pressure_gradient_magnitude		test_pearson_r	0.9934186372771929		1	ok
jepa	physics	pooled	mlp	40	pressure_gradient_magnitude		test_mse	0.002043030504025666		1	ok
jepa	physics	pooled	mlp	40	pressure_gradient_magnitude		test_log_mse	-2.689725148966611		1	ok
jepa	physics	pooled	ridge	40	pressure_gradient_magnitude		test_vrmse	0.1181608608984903		1	ok
jepa	physics	pooled	ridge	40	pressure_gradient_magnitude		test_r2	0.9860380109517276		1	ok
jepa	physics	pooled	ridge	40	pressure_gradient_magnitude		test_pearson_r	0.9930101205699013		1	ok
jepa	physics	pooled	ridge	40	pressure_gradient_magnitude		test_mse	0.0020762249425528415		1	ok
jepa	physics	pooled	ridge	40	pressure_gradient_magnitude		test_log_mse	-2.6827255959019936		1	ok
jepa	physics	pooled	ridge_plus_control	40	pressure_gradient_magnitude		test_vrmse	0.10692018620503081		1	ok
jepa	physics	pooled	ridge_plus_control	40	pressure_gradient_magnitude		test_r2	0.9885680737818815		1	ok
jepa	physics	pooled	ridge_plus_control	40	pressure_gradient_magnitude		test_pearson_r	0.9942792045352151		1	ok
jepa	physics	pooled	ridge_plus_control	40	pressure_gradient_magnitude		test_mse	0.0016999906154788363		1	ok
jepa	physics	pooled	ridge_plus_control	40	pressure_gradient_magnitude		test_log_mse	-2.7695534760670237		1	ok
jepa	physics	pooled	selected	40	pressure_gradient_magnitude		test_vrmse	0.11721248406490373		1	ok
jepa	physics	pooled	selected	40	pressure_gradient_magnitude		test_r2	0.9862612335793347		1	ok
jepa	physics	pooled	selected	40	pressure_gradient_magnitude		test_pearson_r	0.9934186372771929		1	ok
jepa	physics	pooled	selected	40	pressure_gradient_magnitude		test_mse	0.002043030504025666		1	ok
jepa	physics	pooled	selected	40	pressure_gradient_magnitude		test_log_mse	-2.689725148966611		1	ok
jepa	physics	token	mlp	0	buoyancy_gradient_energy		test_vrmse	0.16764137698723955		1	ok
jepa	physics	token	mlp	0	buoyancy_gradient_energy		test_r2	0.9718963687218223		1	ok
jepa	physics	token	mlp	0	buoyancy_gradient_energy		test_pearson_r	0.9862915593889366		1	ok
jepa	physics	token	mlp	0	buoyancy_gradient_energy		test_mse	4192.686789344646		1	ok
jepa	physics	token	mlp	0	buoyancy_gradient_energy		test_log_mse	3.6224924200615694		1	ok
jepa	physics	token	ridge	0	buoyancy_gradient_energy		test_vrmse	0.41406373618192266		1	ok
jepa	physics	token	ridge	0	buoyancy_gradient_energy		test_r2	0.8285512223790672		1	ok
jepa	physics	token	ridge	0	buoyancy_gradient_energy		test_pearson_r	0.9133018598111559		1	ok
jepa	physics	token	ridge	0	buoyancy_gradient_energy		test_mse	25577.86991529238		1	ok
jepa	physics	token	ridge	0	buoyancy_gradient_energy		test_log_mse	4.407864374288327		1	ok
jepa	physics	token	selected	0	buoyancy_gradient_energy		test_vrmse	0.16764137698723955		1	ok
jepa	physics	token	selected	0	buoyancy_gradient_energy		test_r2	0.9718963687218223		1	ok
jepa	physics	token	selected	0	buoyancy_gradient_energy		test_pearson_r	0.9862915593889366		1	ok
jepa	physics	token	selected	0	buoyancy_gradient_energy		test_mse	4192.686789344646		1	ok
jepa	physics	token	selected	0	buoyancy_gradient_energy		test_log_mse	3.6224924200615694		1	ok
jepa	physics	token	mlp	0	buoyancy_laplacian_magnitude		test_vrmse	0.3218502013911757		1	ok
jepa	physics	token	mlp	0	buoyancy_laplacian_magnitude		test_r2	0.8964124478644596		1	ok
jepa	physics	token	mlp	0	buoyancy_laplacian_magnitude		test_pearson_r	0.9479426458799866		1	ok
jepa	physics	token	mlp	0	buoyancy_laplacian_magnitude		test_mse	505693.5819989294		1	ok
jepa	physics	token	mlp	0	buoyancy_laplacian_magnitude		test_log_mse	5.703887441826855		1	ok
jepa	physics	token	ridge	0	buoyancy_laplacian_magnitude		test_vrmse	0.5735644301629605		1	ok
jepa	physics	token	ridge	0	buoyancy_laplacian_magnitude		test_r2	0.6710238444518384		1	ok
jepa	physics	token	ridge	0	buoyancy_laplacian_magnitude		test_pearson_r	0.8192011172493131		1	ok
jepa	physics	token	ridge	0	buoyancy_laplacian_magnitude		test_mse	1605995.3832455624		1	ok
jepa	physics	token	ridge	0	buoyancy_laplacian_magnitude		test_log_mse	6.205744292478242		1	ok
jepa	physics	token	selected	0	buoyancy_laplacian_magnitude		test_vrmse	0.3218502013911757		1	ok
jepa	physics	token	selected	0	buoyancy_laplacian_magnitude		test_r2	0.8964124478644596		1	ok
jepa	physics	token	selected	0	buoyancy_laplacian_magnitude		test_pearson_r	0.9479426458799866		1	ok
jepa	physics	token	selected	0	buoyancy_laplacian_magnitude		test_mse	505693.5819989294		1	ok
jepa	physics	token	selected	0	buoyancy_laplacian_magnitude		test_log_mse	5.703887441826855		1	ok
jepa	physics	token	mlp	0	convective_flux		test_vrmse	0.04638605958025553		1	ok
jepa	physics	token	mlp	0	convective_flux		test_r2	0.9978483334766169		1	ok
jepa	physics	token	mlp	0	convective_flux		test_pearson_r	0.9989690958274094		1	ok
jepa	physics	token	mlp	0	convective_flux		test_mse	1.1234738148477766e-05		1	ok
jepa	physics	token	mlp	0	convective_flux		test_log_mse	-4.949437045362915		1	ok
jepa	physics	token	ridge	0	convective_flux		test_vrmse	0.1635316200995208		1	ok
jepa	physics	token	ridge	0	convective_flux		test_r2	0.973257409227626		1	ok
jepa	physics	token	ridge	0	convective_flux		test_pearson_r	0.9872586594709183		1	ok
jepa	physics	token	ridge	0	convective_flux		test_mse	0.00013963409360811879		1	ok
jepa	physics	token	ridge	0	convective_flux		test_log_mse	-3.855008529720736		1	ok
jepa	physics	token	selected	0	convective_flux		test_vrmse	0.04638605958025553		1	ok
jepa	physics	token	selected	0	convective_flux		test_r2	0.9978483334766169		1	ok
jepa	physics	token	selected	0	convective_flux		test_pearson_r	0.9989690958274094		1	ok
jepa	physics	token	selected	0	convective_flux		test_mse	1.1234738148477766e-05		1	ok
jepa	physics	token	selected	0	convective_flux		test_log_mse	-4.949437045362915		1	ok
jepa	physics	token	mlp	0	enstrophy		test_vrmse	0.21083056730593056		1	ok
jepa	physics	token	mlp	0	enstrophy		test_r2	0.9555504718894595		1	ok
jepa	physics	token	mlp	0	enstrophy		test_pearson_r	0.9781018993078671		1	ok
jepa	physics	token	mlp	0	enstrophy		test_mse	3121.844049688054		1	ok
jepa	physics	token	mlp	0	enstrophy		test_log_mse	3.4944112042832307		1	ok
jepa	physics	token	ridge	0	enstrophy		test_vrmse	0.7428185465234081		1	ok
jepa	physics	token	ridge	0	enstrophy		test_r2	0.44822060694085153		1	ok
jepa	physics	token	ridge	0	enstrophy		test_pearson_r	0.6746513059361544		1	ok
jepa	physics	token	ridge	0	enstrophy		test_mse	38753.37462927325		1	ok
jepa	physics	token	ridge	0	enstrophy		test_log_mse	4.588309526689008		1	ok
jepa	physics	token	selected	0	enstrophy		test_vrmse	0.21083056730593056		1	ok
jepa	physics	token	selected	0	enstrophy		test_r2	0.9555504718894595		1	ok
jepa	physics	token	selected	0	enstrophy		test_pearson_r	0.9781018993078671		1	ok
jepa	physics	token	selected	0	enstrophy		test_mse	3121.844049688054		1	ok
jepa	physics	token	selected	0	enstrophy		test_log_mse	3.4944112042832307		1	ok
jepa	physics	token	mlp	0	pressure_gradient_magnitude		test_vrmse	0.1795291577358861		1	ok
jepa	physics	token	mlp	0	pressure_gradient_magnitude		test_r2	0.9677692815226433		1	ok
jepa	physics	token	mlp	0	pressure_gradient_magnitude		test_pearson_r	0.9837979039661439		1	ok
jepa	physics	token	mlp	0	pressure_gradient_magnitude		test_mse	0.007740327121416827		1	ok
jepa	physics	token	mlp	0	pressure_gradient_magnitude		test_log_mse	-2.111240684792019		1	ok
jepa	physics	token	ridge	0	pressure_gradient_magnitude		test_vrmse	0.4503438057384094		1	ok
jepa	physics	token	ridge	0	pressure_gradient_magnitude		test_r2	0.7971904566330458		1	ok
jepa	physics	token	ridge	0	pressure_gradient_magnitude		test_pearson_r	0.8930235882081076		1	ok
jepa	physics	token	ridge	0	pressure_gradient_magnitude		test_mse	0.04870546742879008		1	ok
jepa	physics	token	ridge	0	pressure_gradient_magnitude		test_log_mse	-1.3124222843526032		1	ok
jepa	physics	token	selected	0	pressure_gradient_magnitude		test_vrmse	0.1795291577358861		1	ok
jepa	physics	token	selected	0	pressure_gradient_magnitude		test_r2	0.9677692815226433		1	ok
jepa	physics	token	selected	0	pressure_gradient_magnitude		test_pearson_r	0.9837979039661439		1	ok
jepa	physics	token	selected	0	pressure_gradient_magnitude		test_mse	0.007740327121416827		1	ok
jepa	physics	token	selected	0	pressure_gradient_magnitude		test_log_mse	-2.111240684792019		1	ok
jepa	physics	token	mlp	16	buoyancy_gradient_energy		test_vrmse	0.3715526241413419		1	ok
jepa	physics	token	mlp	16	buoyancy_gradient_energy		test_r2	0.8619486474936827		1	ok
jepa	physics	token	mlp	16	buoyancy_gradient_energy		test_pearson_r	0.9300071404834825		1	ok
jepa	physics	token	mlp	16	buoyancy_gradient_energy		test_mse	28335.555879159016		1	ok
jepa	physics	token	mlp	16	buoyancy_gradient_energy		test_log_mse	4.452331736931047		1	ok
jepa	physics	token	ridge	16	buoyancy_gradient_energy		test_vrmse	0.531535742949336		1	ok
jepa	physics	token	ridge	16	buoyancy_gradient_energy		test_r2	0.7174697539672974		1	ok
jepa	physics	token	ridge	16	buoyancy_gradient_energy		test_pearson_r	0.8471433093012791		1	ok
jepa	physics	token	ridge	16	buoyancy_gradient_energy		test_mse	57990.38856678966		1	ok
jepa	physics	token	ridge	16	buoyancy_gradient_energy		test_log_mse	4.76335601876455		1	ok
jepa	physics	token	selected	16	buoyancy_gradient_energy		test_vrmse	0.3715526241413419		1	ok
jepa	physics	token	selected	16	buoyancy_gradient_energy		test_r2	0.8619486474936827		1	ok
jepa	physics	token	selected	16	buoyancy_gradient_energy		test_pearson_r	0.9300071404834825		1	ok
jepa	physics	token	selected	16	buoyancy_gradient_energy		test_mse	28335.555879159016		1	ok
jepa	physics	token	selected	16	buoyancy_gradient_energy		test_log_mse	4.452331736931047		1	ok
jepa	physics	token	mlp	16	buoyancy_laplacian_magnitude		test_vrmse	0.382993762427911		1	ok
jepa	physics	token	mlp	16	buoyancy_laplacian_magnitude		test_r2	0.8533157779413129		1	ok
jepa	physics	token	mlp	16	buoyancy_laplacian_magnitude		test_pearson_r	0.9243516749603093		1	ok
jepa	physics	token	mlp	16	buoyancy_laplacian_magnitude		test_mse	770235.020757362		1	ok
jepa	physics	token	mlp	16	buoyancy_laplacian_magnitude		test_log_mse	5.886623261074434		1	ok
jepa	physics	token	ridge	16	buoyancy_laplacian_magnitude		test_vrmse	0.6080604031481108		1	ok
jepa	physics	token	ridge	16	buoyancy_laplacian_magnitude		test_r2	0.630262546123357		1	ok
jepa	physics	token	ridge	16	buoyancy_laplacian_magnitude		test_pearson_r	0.7941644685853495		1	ok
jepa	physics	token	ridge	16	buoyancy_laplacian_magnitude		test_mse	1941481.7181053755		1	ok
jepa	physics	token	ridge	16	buoyancy_laplacian_magnitude		test_log_mse	6.288133305382537		1	ok
jepa	physics	token	selected	16	buoyancy_laplacian_magnitude		test_vrmse	0.382993762427911		1	ok
jepa	physics	token	selected	16	buoyancy_laplacian_magnitude		test_r2	0.8533157779413129		1	ok
jepa	physics	token	selected	16	buoyancy_laplacian_magnitude		test_pearson_r	0.9243516749603093		1	ok
jepa	physics	token	selected	16	buoyancy_laplacian_magnitude		test_mse	770235.020757362		1	ok
jepa	physics	token	selected	16	buoyancy_laplacian_magnitude		test_log_mse	5.886623261074434		1	ok
jepa	physics	token	mlp	16	convective_flux		test_vrmse	0.5420564472049921		1	ok
jepa	physics	token	mlp	16	convective_flux		test_r2	0.7061748080435015		1	ok
jepa	physics	token	mlp	16	convective_flux		test_pearson_r	0.840588461387747		1	ok
jepa	physics	token	mlp	16	convective_flux		test_mse	0.0017308497136664929		1	ok
jepa	physics	token	mlp	16	convective_flux		test_log_mse	-2.7617406394376247		1	ok
jepa	physics	token	ridge	16	convective_flux		test_vrmse	0.6307147308906262		1	ok
jepa	physics	token	ridge	16	convective_flux		test_r2	0.6021989282375649		1	ok
jepa	physics	token	ridge	16	convective_flux		test_pearson_r	0.778770343207296		1	ok
jepa	physics	token	ridge	16	convective_flux		test_mse	0.0023433452610767767		1	ok
jepa	physics	token	ridge	16	convective_flux		test_log_mse	-2.6301637191137894		1	ok
jepa	physics	token	selected	16	convective_flux		test_vrmse	0.5420564472049921		1	ok
jepa	physics	token	selected	16	convective_flux		test_r2	0.7061748080435015		1	ok
jepa	physics	token	selected	16	convective_flux		test_pearson_r	0.840588461387747		1	ok
jepa	physics	token	selected	16	convective_flux		test_mse	0.0017308497136664929		1	ok
jepa	physics	token	selected	16	convective_flux		test_log_mse	-2.7617406394376247		1	ok
jepa	physics	token	mlp	16	enstrophy		test_vrmse	0.7722677923883294		1	ok
jepa	physics	token	mlp	16	enstrophy		test_r2	0.4036024568396561		1	ok
jepa	physics	token	mlp	16	enstrophy		test_pearson_r	0.6672731610990975		1	ok
jepa	physics	token	mlp	16	enstrophy		test_mse	28812.846414010543		1	ok
jepa	physics	token	mlp	16	enstrophy		test_log_mse	4.459586164244833		1	ok
jepa	physics	token	ridge	16	enstrophy		test_vrmse	0.8382808642637033		1	ok
jepa	physics	token	ridge	16	enstrophy		test_r2	0.29728519260929864		1	ok
jepa	physics	token	ridge	16	enstrophy		test_pearson_r	0.5527085792904353		1	ok
jepa	physics	token	ridge	16	enstrophy		test_mse	33949.19051964594		1	ok
jepa	physics	token	ridge	16	enstrophy		test_log_mse	4.530829423475367		1	ok
jepa	physics	token	selected	16	enstrophy		test_vrmse	0.7722677923883294		1	ok
jepa	physics	token	selected	16	enstrophy		test_r2	0.4036024568396561		1	ok
jepa	physics	token	selected	16	enstrophy		test_pearson_r	0.6672731610990975		1	ok
jepa	physics	token	selected	16	enstrophy		test_mse	28812.846414010543		1	ok
jepa	physics	token	selected	16	enstrophy		test_log_mse	4.459586164244833		1	ok
jepa	physics	token	mlp	16	pressure_gradient_magnitude		test_vrmse	0.662198513832419		1	ok
jepa	physics	token	mlp	16	pressure_gradient_magnitude		test_r2	0.5614931282781357		1	ok
jepa	physics	token	mlp	16	pressure_gradient_magnitude		test_pearson_r	0.749403764453147		1	ok
jepa	physics	token	mlp	16	pressure_gradient_magnitude		test_mse	0.11740253817826608		1	ok
jepa	physics	token	mlp	16	pressure_gradient_magnitude		test_log_mse	-0.9303225137792117		1	ok
jepa	physics	token	ridge	16	pressure_gradient_magnitude		test_vrmse	0.6896131268228345		1	ok
jepa	physics	token	ridge	16	pressure_gradient_magnitude		test_r2	0.5244337353136332		1	ok
jepa	physics	token	ridge	16	pressure_gradient_magnitude		test_pearson_r	0.7242826130434071		1	ok
jepa	physics	token	ridge	16	pressure_gradient_magnitude		test_mse	0.12732454186385034		1	ok
jepa	physics	token	ridge	16	pressure_gradient_magnitude		test_log_mse	-0.8950878778170873		1	ok
jepa	physics	token	selected	16	pressure_gradient_magnitude		test_vrmse	0.662198513832419		1	ok
jepa	physics	token	selected	16	pressure_gradient_magnitude		test_r2	0.5614931282781357		1	ok
jepa	physics	token	selected	16	pressure_gradient_magnitude		test_pearson_r	0.749403764453147		1	ok
jepa	physics	token	selected	16	pressure_gradient_magnitude		test_mse	0.11740253817826608		1	ok
jepa	physics	token	selected	16	pressure_gradient_magnitude		test_log_mse	-0.9303225137792117		1	ok
jepa	physics	token	mlp	40	buoyancy_gradient_energy		test_vrmse	0.3362004569383411		1	ok
jepa	physics	token	mlp	40	buoyancy_gradient_energy		test_r2	0.8869692527544506		1	ok
jepa	physics	token	mlp	40	buoyancy_gradient_energy		test_pearson_r	0.942991210577497		1	ok
jepa	physics	token	mlp	40	buoyancy_gradient_energy		test_mse	24286.930911637213		1	ok
jepa	physics	token	mlp	40	buoyancy_gradient_energy		test_log_mse	4.385372637392449		1	ok
jepa	physics	token	ridge	40	buoyancy_gradient_energy		test_vrmse	0.48395740479235744		1	ok
jepa	physics	token	ridge	40	buoyancy_gradient_energy		test_r2	0.7657852303466463		1	ok
jepa	physics	token	ridge	40	buoyancy_gradient_energy		test_pearson_r	0.8751039501513179		1	ok
jepa	physics	token	ridge	40	buoyancy_gradient_energy		test_mse	50325.7570853581		1	ok
jepa	physics	token	ridge	40	buoyancy_gradient_energy		test_log_mse	4.701790317003716		1	ok
jepa	physics	token	selected	40	buoyancy_gradient_energy		test_vrmse	0.3362004569383411		1	ok
jepa	physics	token	selected	40	buoyancy_gradient_energy		test_r2	0.8869692527544506		1	ok
jepa	physics	token	selected	40	buoyancy_gradient_energy		test_pearson_r	0.942991210577497		1	ok
jepa	physics	token	selected	40	buoyancy_gradient_energy		test_mse	24286.930911637213		1	ok
jepa	physics	token	selected	40	buoyancy_gradient_energy		test_log_mse	4.385372637392449		1	ok
jepa	physics	token	mlp	40	buoyancy_laplacian_magnitude		test_vrmse	0.3040503599206494		1	ok
jepa	physics	token	mlp	40	buoyancy_laplacian_magnitude		test_r2	0.9075533786321236		1	ok
jepa	physics	token	mlp	40	buoyancy_laplacian_magnitude		test_pearson_r	0.9530288258868945		1	ok
jepa	physics	token	mlp	40	buoyancy_laplacian_magnitude		test_mse	498868.2474649557		1	ok
jepa	physics	token	mlp	40	buoyancy_laplacian_magnitude		test_log_mse	5.69798586234847		1	ok
jepa	physics	token	ridge	40	buoyancy_laplacian_magnitude		test_vrmse	0.5192901998495932		1	ok
jepa	physics	token	ridge	40	buoyancy_laplacian_magnitude		test_r2	0.7303376883401695		1	ok
jepa	physics	token	ridge	40	buoyancy_laplacian_magnitude		test_pearson_r	0.8551612856450587		1	ok
jepa	physics	token	ridge	40	buoyancy_laplacian_magnitude		test_mse	1455174.4870130396		1	ok
jepa	physics	token	ridge	40	buoyancy_laplacian_magnitude		test_log_mse	6.162915071812309		1	ok
jepa	physics	token	selected	40	buoyancy_laplacian_magnitude		test_vrmse	0.3040503599206494		1	ok
jepa	physics	token	selected	40	buoyancy_laplacian_magnitude		test_r2	0.9075533786321236		1	ok
jepa	physics	token	selected	40	buoyancy_laplacian_magnitude		test_pearson_r	0.9530288258868945		1	ok
jepa	physics	token	selected	40	buoyancy_laplacian_magnitude		test_mse	498868.2474649557		1	ok
jepa	physics	token	selected	40	buoyancy_laplacian_magnitude		test_log_mse	5.69798586234847		1	ok
jepa	physics	token	mlp	40	convective_flux		test_vrmse	0.6458329677831265		1	ok
jepa	physics	token	mlp	40	convective_flux		test_r2	0.5828997777244391		1	ok
jepa	physics	token	mlp	40	convective_flux		test_pearson_r	0.763639867496027		1	ok
jepa	physics	token	mlp	40	convective_flux		test_mse	0.002842374151015007		1	ok
jepa	physics	token	mlp	40	convective_flux		test_log_mse	-2.5463187550411712		1	ok
jepa	physics	token	ridge	40	convective_flux		test_vrmse	0.6973996686146139		1	ok
jepa	physics	token	ridge	40	convective_flux		test_r2	0.5136337022162267		1	ok
jepa	physics	token	ridge	40	convective_flux		test_pearson_r	0.7181350587657032		1	ok
jepa	physics	token	ridge	40	convective_flux		test_mse	0.003314395243434195		1	ok
jepa	physics	token	ridge	40	convective_flux		test_log_mse	-2.479595702975441		1	ok
jepa	physics	token	selected	40	convective_flux		test_vrmse	0.6458329677831265		1	ok
jepa	physics	token	selected	40	convective_flux		test_r2	0.5828997777244391		1	ok
jepa	physics	token	selected	40	convective_flux		test_pearson_r	0.763639867496027		1	ok
jepa	physics	token	selected	40	convective_flux		test_mse	0.002842374151015007		1	ok
jepa	physics	token	selected	40	convective_flux		test_log_mse	-2.5463187550411712		1	ok
jepa	physics	token	mlp	40	enstrophy		test_vrmse	0.7530498046729684		1	ok
jepa	physics	token	mlp	40	enstrophy		test_r2	0.432915991682004		1	ok
jepa	physics	token	mlp	40	enstrophy		test_pearson_r	0.6602405555678642		1	ok
jepa	physics	token	mlp	40	enstrophy		test_mse	43103.46786983911		1	ok
jepa	physics	token	mlp	40	enstrophy		test_log_mse	4.634512212530757		1	ok
jepa	physics	token	ridge	40	enstrophy		test_vrmse	0.858577189695817		1	ok
jepa	physics	token	ridge	40	enstrophy		test_r2	0.2628452093340331		1	ok
jepa	physics	token	ridge	40	enstrophy		test_pearson_r	0.514105616309551		1	ok
jepa	physics	token	ridge	40	enstrophy		test_mse	56030.37181177404		1	ok
jepa	physics	token	ridge	40	enstrophy		test_log_mse	4.748423504410563		1	ok
jepa	physics	token	selected	40	enstrophy		test_vrmse	0.7530498046729684		1	ok
jepa	physics	token	selected	40	enstrophy		test_r2	0.432915991682004		1	ok
jepa	physics	token	selected	40	enstrophy		test_pearson_r	0.6602405555678642		1	ok
jepa	physics	token	selected	40	enstrophy		test_mse	43103.46786983911		1	ok
jepa	physics	token	selected	40	enstrophy		test_log_mse	4.634512212530757		1	ok
jepa	physics	token	mlp	40	pressure_gradient_magnitude		test_vrmse	0.6984314046950556		1	ok
jepa	physics	token	mlp	40	pressure_gradient_magnitude		test_r2	0.5121935729356915		1	ok
jepa	physics	token	mlp	40	pressure_gradient_magnitude		test_pearson_r	0.7157122185189764		1	ok
jepa	physics	token	mlp	40	pressure_gradient_magnitude		test_mse	0.16652732414047408		1	ok
jepa	physics	token	mlp	40	pressure_gradient_magnitude		test_log_mse	-0.7785144963929803		1	ok
jepa	physics	token	ridge	40	pressure_gradient_magnitude		test_vrmse	0.7294584322448219		1	ok
jepa	physics	token	ridge	40	pressure_gradient_magnitude		test_r2	0.4678903956269266		1	ok
jepa	physics	token	ridge	40	pressure_gradient_magnitude		test_pearson_r	0.6844144843366401		1	ok
jepa	physics	token	ridge	40	pressure_gradient_magnitude		test_mse	0.1816515397285089		1	ok
jepa	physics	token	ridge	40	pressure_gradient_magnitude		test_log_mse	-0.7407609165859568		1	ok
jepa	physics	token	selected	40	pressure_gradient_magnitude		test_vrmse	0.6984314046950556		1	ok
jepa	physics	token	selected	40	pressure_gradient_magnitude		test_r2	0.5121935729356915		1	ok
jepa	physics	token	selected	40	pressure_gradient_magnitude		test_pearson_r	0.7157122185189764		1	ok
jepa	physics	token	selected	40	pressure_gradient_magnitude		test_mse	0.16652732414047408		1	ok
jepa	physics	token	selected	40	pressure_gradient_magnitude		test_log_mse	-0.7785144963929803		1	ok
jepa	regime	pooled	mlp	0	log10_Prandtl		test_vrmse	0.04442579805403828		1	ok
jepa	regime	pooled	mlp	0	log10_Prandtl		test_r2	0.9980263484672618		1	ok
jepa	regime	pooled	mlp	0	log10_Prandtl		test_pearson_r	0.9990168159172269		1	ok
jepa	regime	pooled	mlp	0	log10_Prandtl		test_mse	0.000890499230190891		1	ok
jepa	regime	pooled	mlp	0	log10_Prandtl		test_log_mse	-3.0503664516347553		1	ok
jepa	regime	pooled	ridge	0	log10_Prandtl		test_vrmse	0.05710485858201273		1	ok
jepa	regime	pooled	ridge	0	log10_Prandtl		test_r2	0.9967390351263283		1	ok
jepa	regime	pooled	ridge	0	log10_Prandtl		test_pearson_r	0.9983908772285739		1	ok
jepa	regime	pooled	ridge	0	log10_Prandtl		test_mse	0.001471326959960042		1	ok
jepa	regime	pooled	ridge	0	log10_Prandtl		test_log_mse	-2.8322908071311215		1	ok
jepa	regime	pooled	mlp	0	log10_Rayleigh		test_vrmse	0.028776777466897035		1	ok
jepa	regime	pooled	mlp	0	log10_Rayleigh		test_r2	0.9991718970786206		1	ok
jepa	regime	pooled	mlp	0	log10_Rayleigh		test_pearson_r	0.9996079257785333		1	ok
jepa	regime	pooled	mlp	0	log10_Rayleigh		test_mse	0.001656205842758626		1	ok
jepa	regime	pooled	mlp	0	log10_Rayleigh		test_log_mse	-2.7808856875881953		1	ok
jepa	regime	pooled	ridge	0	log10_Rayleigh		test_vrmse	0.034272795679666526		1	ok
jepa	regime	pooled	ridge	0	log10_Rayleigh		test_r2	0.9988253754762998		1	ok
jepa	regime	pooled	ridge	0	log10_Rayleigh		test_pearson_r	0.9994214986681588		1	ok
jepa	regime	pooled	ridge	0	log10_Rayleigh		test_mse	0.0023492490474003366		1	ok
jepa	regime	pooled	ridge	0	log10_Rayleigh		test_log_mse	-2.6290709405751405		1	ok
jepa_future	physics	pooled	mlp	0	buoyancy_gradient_energy		test_vrmse	0.09231766493586122		1	ok
jepa_future	physics	pooled	mlp	0	buoyancy_gradient_energy		test_r2	0.99147744874079		1	ok
jepa_future	physics	pooled	mlp	0	buoyancy_gradient_energy		test_pearson_r	0.9958353201176086		1	ok
jepa_future	physics	pooled	mlp	0	buoyancy_gradient_energy		test_mse	55.85332190618372		1	ok
jepa_future	physics	pooled	mlp	0	buoyancy_gradient_energy		test_log_mse	1.7470490081162993		1	ok
jepa_future	physics	pooled	ridge	0	buoyancy_gradient_energy		test_vrmse	0.2872784961463359		1	ok
jepa_future	physics	pooled	ridge	0	buoyancy_gradient_energy		test_r2	0.9174710656518996		1	ok
jepa_future	physics	pooled	ridge	0	buoyancy_gradient_energy		test_pearson_r	0.9589791191382038		1	ok
jepa_future	physics	pooled	ridge	0	buoyancy_gradient_energy		test_mse	540.8609460386001		1	ok
jepa_future	physics	pooled	ridge	0	buoyancy_gradient_energy		test_log_mse	2.733085623460429		1	ok
jepa_future	physics	pooled	ridge_plus_control	0	buoyancy_gradient_energy		test_vrmse	0.2767359656140683		1	ok
jepa_future	physics	pooled	ridge_plus_control	0	buoyancy_gradient_energy		test_r2	0.9234172053356492		1	ok
jepa_future	physics	pooled	ridge_plus_control	0	buoyancy_gradient_energy		test_pearson_r	0.9619204905866005		1	ok
jepa_future	physics	pooled	ridge_plus_control	0	buoyancy_gradient_energy		test_mse	501.89237386407706		1	ok
jepa_future	physics	pooled	ridge_plus_control	0	buoyancy_gradient_energy		test_log_mse	2.7006105967302503		1	ok
jepa_future	physics	pooled	selected	0	buoyancy_gradient_energy		test_vrmse	0.09231766493586122		1	ok
jepa_future	physics	pooled	selected	0	buoyancy_gradient_energy		test_r2	0.99147744874079		1	ok
jepa_future	physics	pooled	selected	0	buoyancy_gradient_energy		test_pearson_r	0.9958353201176086		1	ok
jepa_future	physics	pooled	selected	0	buoyancy_gradient_energy		test_mse	55.85332190618372		1	ok
jepa_future	physics	pooled	selected	0	buoyancy_gradient_energy		test_log_mse	1.7470490081162993		1	ok
jepa_future	physics	pooled	mlp	0	buoyancy_laplacian_magnitude		test_vrmse	0.08297389368044629		1	ok
jepa_future	physics	pooled	mlp	0	buoyancy_laplacian_magnitude		test_r2	0.993115332967506		1	ok
jepa_future	physics	pooled	mlp	0	buoyancy_laplacian_magnitude		test_pearson_r	0.9971040802989722		1	ok
jepa_future	physics	pooled	mlp	0	buoyancy_laplacian_magnitude		test_mse	7407.86998977272		1	ok
jepa_future	physics	pooled	mlp	0	buoyancy_laplacian_magnitude		test_log_mse	3.8696933517489636		1	ok
jepa_future	physics	pooled	ridge	0	buoyancy_laplacian_magnitude		test_vrmse	0.2435842323750427		1	ok
jepa_future	physics	pooled	ridge	0	buoyancy_laplacian_magnitude		test_r2	0.9406667217382612		1	ok
jepa_future	physics	pooled	ridge	0	buoyancy_laplacian_magnitude		test_pearson_r	0.9707155638872677		1	ok
jepa_future	physics	pooled	ridge	0	buoyancy_laplacian_magnitude		test_mse	63842.33389290664		1	ok
jepa_future	physics	pooled	ridge	0	buoyancy_laplacian_magnitude		test_log_mse	4.805108755195483		1	ok
jepa_future	physics	pooled	ridge_plus_control	0	buoyancy_laplacian_magnitude		test_vrmse	0.2324054709676557		1	ok
jepa_future	physics	pooled	ridge_plus_control	0	buoyancy_laplacian_magnitude		test_r2	0.9459876970643022		1	ok
jepa_future	physics	pooled	ridge_plus_control	0	buoyancy_laplacian_magnitude		test_pearson_r	0.9733863764466678		1	ok
jepa_future	physics	pooled	ridge_plus_control	0	buoyancy_laplacian_magnitude		test_mse	58116.988970913975		1	ok
jepa_future	physics	pooled	ridge_plus_control	0	buoyancy_laplacian_magnitude		test_log_mse	4.764303105502249		1	ok
jepa_future	physics	pooled	selected	0	buoyancy_laplacian_magnitude		test_vrmse	0.08297389368044629		1	ok
jepa_future	physics	pooled	selected	0	buoyancy_laplacian_magnitude		test_r2	0.993115332967506		1	ok
jepa_future	physics	pooled	selected	0	buoyancy_laplacian_magnitude		test_pearson_r	0.9971040802989722		1	ok
jepa_future	physics	pooled	selected	0	buoyancy_laplacian_magnitude		test_mse	7407.86998977272		1	ok
jepa_future	physics	pooled	selected	0	buoyancy_laplacian_magnitude		test_log_mse	3.8696933517489636		1	ok
jepa_future	physics	pooled	mlp	0	convective_flux		test_vrmse	0.15111710529432523		1	ok
jepa_future	physics	pooled	mlp	0	convective_flux		test_r2	0.9771636204874639		1	ok
jepa_future	physics	pooled	mlp	0	convective_flux		test_pearson_r	0.9889178200646559		1	ok
jepa_future	physics	pooled	mlp	0	convective_flux		test_mse	4.0746556097477496e-07		1	ok
jepa_future	physics	pooled	mlp	0	convective_flux		test_log_mse	-6.389909091980862		1	ok
jepa_future	physics	pooled	ridge	0	convective_flux		test_vrmse	0.16170707700157547		1	ok
jepa_future	physics	pooled	ridge	0	convective_flux		test_r2	0.9738508212476066		1	ok
jepa_future	physics	pooled	ridge	0	convective_flux		test_pearson_r	0.9868594668021691		1	ok
jepa_future	physics	pooled	ridge	0	convective_flux		test_mse	4.6657526354055367e-07		1	ok
jepa_future	physics	pooled	ridge	0	convective_flux		test_log_mse	-6.331078289958497		1	ok
jepa_future	physics	pooled	ridge_plus_control	0	convective_flux		test_vrmse	0.15504916244612063		1	ok
jepa_future	physics	pooled	ridge_plus_control	0	convective_flux		test_r2	0.9759597572247565		1	ok
jepa_future	physics	pooled	ridge_plus_control	0	convective_flux		test_pearson_r	0.9879249778316165		1	ok
jepa_future	physics	pooled	ridge_plus_control	0	convective_flux		test_mse	4.289458844825659e-07		1	ok
jepa_future	physics	pooled	ridge_plus_control	0	convective_flux		test_log_mse	-6.367597494652215		1	ok
jepa_future	physics	pooled	selected	0	convective_flux		test_vrmse	0.15111710529432523		1	ok
jepa_future	physics	pooled	selected	0	convective_flux		test_r2	0.9771636204874639		1	ok
jepa_future	physics	pooled	selected	0	convective_flux		test_pearson_r	0.9889178200646559		1	ok
jepa_future	physics	pooled	selected	0	convective_flux		test_mse	4.0746556097477496e-07		1	ok
jepa_future	physics	pooled	selected	0	convective_flux		test_log_mse	-6.389909091980862		1	ok
jepa_future	physics	pooled	mlp	0	enstrophy		test_vrmse	0.06338145498177043		1	ok
jepa_future	physics	pooled	mlp	0	enstrophy		test_r2	0.9959827911643938		1	ok
jepa_future	physics	pooled	mlp	0	enstrophy		test_pearson_r	0.9980190726464604		1	ok
jepa_future	physics	pooled	mlp	0	enstrophy		test_mse	6.681841187465074		1	ok
jepa_future	physics	pooled	mlp	0	enstrophy		test_log_mse	0.8248961492088444		1	ok
jepa_future	physics	pooled	ridge	0	enstrophy		test_vrmse	0.11420571555175871		1	ok
jepa_future	physics	pooled	ridge	0	enstrophy		test_r2	0.9869570545353108		1	ok
jepa_future	physics	pooled	ridge	0	enstrophy		test_pearson_r	0.9935875514182585		1	ok
jepa_future	physics	pooled	ridge	0	enstrophy		test_mse	21.69438876051617		1	ok
jepa_future	physics	pooled	ridge	0	enstrophy		test_log_mse	1.3363474183889665		1	ok
jepa_future	physics	pooled	ridge_plus_control	0	enstrophy		test_vrmse	0.11114664213175611		1	ok
jepa_future	physics	pooled	ridge_plus_control	0	enstrophy		test_r2	0.9876464239428353		1	ok
jepa_future	physics	pooled	ridge_plus_control	0	enstrophy		test_pearson_r	0.9939180076698182		1	ok
jepa_future	physics	pooled	ridge_plus_control	0	enstrophy		test_mse	20.547757582234173		1	ok
jepa_future	physics	pooled	ridge_plus_control	0	enstrophy		test_log_mse	1.3127644333751023		1	ok
jepa_future	physics	pooled	selected	0	enstrophy		test_vrmse	0.06338145498177043		1	ok
jepa_future	physics	pooled	selected	0	enstrophy		test_r2	0.9959827911643938		1	ok
jepa_future	physics	pooled	selected	0	enstrophy		test_pearson_r	0.9980190726464604		1	ok
jepa_future	physics	pooled	selected	0	enstrophy		test_mse	6.681841187465074		1	ok
jepa_future	physics	pooled	selected	0	enstrophy		test_log_mse	0.8248961492088444		1	ok
jepa_future	physics	pooled	mlp	0	pressure_gradient_magnitude		test_vrmse	0.0389507350578833		1	ok
jepa_future	physics	pooled	mlp	0	pressure_gradient_magnitude		test_r2	0.9984828402384506		1	ok
jepa_future	physics	pooled	mlp	0	pressure_gradient_magnitude		test_pearson_r	0.9992576424539344		1	ok
jepa_future	physics	pooled	mlp	0	pressure_gradient_magnitude		test_mse	0.00015858887150498198		1	ok
jepa_future	physics	pooled	mlp	0	pressure_gradient_magnitude		test_log_mse	-3.7997272912526294		1	ok
jepa_future	physics	pooled	ridge	0	pressure_gradient_magnitude		test_vrmse	0.05318498401057801		1	ok
jepa_future	physics	pooled	ridge	0	pressure_gradient_magnitude		test_r2	0.9971713574757946		1	ok
jepa_future	physics	pooled	ridge	0	pressure_gradient_magnitude		test_pearson_r	0.9985852028358281		1	ok
jepa_future	physics	pooled	ridge	0	pressure_gradient_magnitude		test_mse	0.00029567830440389116		1	ok
jepa_future	physics	pooled	ridge	0	pressure_gradient_magnitude		test_log_mse	-3.5291805409569603		1	ok
jepa_future	physics	pooled	ridge_plus_control	0	pressure_gradient_magnitude		test_vrmse	0.052061030986138616		1	ok
jepa_future	physics	pooled	ridge_plus_control	0	pressure_gradient_magnitude		test_r2	0.9972896490526603		1	ok
jepa_future	physics	pooled	ridge_plus_control	0	pressure_gradient_magnitude		test_pearson_r	0.9986439862901401		1	ok
jepa_future	physics	pooled	ridge_plus_control	0	pressure_gradient_magnitude		test_mse	0.00028331327327195155		1	ok
jepa_future	physics	pooled	ridge_plus_control	0	pressure_gradient_magnitude		test_log_mse	-3.5477330782373135		1	ok
jepa_future	physics	pooled	selected	0	pressure_gradient_magnitude		test_vrmse	0.0389507350578833		1	ok
jepa_future	physics	pooled	selected	0	pressure_gradient_magnitude		test_r2	0.9984828402384506		1	ok
jepa_future	physics	pooled	selected	0	pressure_gradient_magnitude		test_pearson_r	0.9992576424539344		1	ok
jepa_future	physics	pooled	selected	0	pressure_gradient_magnitude		test_mse	0.00015858887150498198		1	ok
jepa_future	physics	pooled	selected	0	pressure_gradient_magnitude		test_log_mse	-3.7997272912526294		1	ok
jepa_future	physics	pooled	mlp	16	buoyancy_gradient_energy		test_vrmse	0.09794438365538792		1	ok
jepa_future	physics	pooled	mlp	16	buoyancy_gradient_energy		test_r2	0.9904068977103662		1	ok
jepa_future	physics	pooled	mlp	16	buoyancy_gradient_energy		test_pearson_r	0.9958913564579781		1	ok
jepa_future	physics	pooled	mlp	16	buoyancy_gradient_energy		test_mse	28.368287694927087		1	ok
jepa_future	physics	pooled	mlp	16	buoyancy_gradient_energy		test_log_mse	1.452833122645088		1	ok
jepa_future	physics	pooled	ridge	16	buoyancy_gradient_energy		test_vrmse	0.1721762390929303		1	ok
jepa_future	physics	pooled	ridge	16	buoyancy_gradient_energy		test_r2	0.9703553426918141		1	ok
jepa_future	physics	pooled	ridge	16	buoyancy_gradient_energy		test_pearson_r	0.9854680409945596		1	ok
jepa_future	physics	pooled	ridge	16	buoyancy_gradient_energy		test_mse	87.66383821893356		1	ok
jepa_future	physics	pooled	ridge	16	buoyancy_gradient_energy		test_log_mse	1.9428204816135257		1	ok
jepa_future	physics	pooled	ridge_plus_control	16	buoyancy_gradient_energy		test_vrmse	0.166066320988039		1	ok
jepa_future	physics	pooled	ridge_plus_control	16	buoyancy_gradient_energy		test_r2	0.9724219770334976		1	ok
jepa_future	physics	pooled	ridge_plus_control	16	buoyancy_gradient_energy		test_pearson_r	0.9865088489415066		1	ok
jepa_future	physics	pooled	ridge_plus_control	16	buoyancy_gradient_energy		test_mse	81.55248072528468		1	ok
jepa_future	physics	pooled	ridge_plus_control	16	buoyancy_gradient_energy		test_log_mse	1.9114371762765525		1	ok
jepa_future	physics	pooled	selected	16	buoyancy_gradient_energy		test_vrmse	0.09794438365538792		1	ok
jepa_future	physics	pooled	selected	16	buoyancy_gradient_energy		test_r2	0.9904068977103662		1	ok
jepa_future	physics	pooled	selected	16	buoyancy_gradient_energy		test_pearson_r	0.9958913564579781		1	ok
jepa_future	physics	pooled	selected	16	buoyancy_gradient_energy		test_mse	28.368287694927087		1	ok
jepa_future	physics	pooled	selected	16	buoyancy_gradient_energy		test_log_mse	1.452833122645088		1	ok
jepa_future	physics	pooled	mlp	16	buoyancy_laplacian_magnitude		test_vrmse	0.08139159870194501		1	ok
jepa_future	physics	pooled	mlp	16	buoyancy_laplacian_magnitude		test_r2	0.9933754076607415		1	ok
jepa_future	physics	pooled	mlp	16	buoyancy_laplacian_magnitude		test_pearson_r	0.9973177991374982		1	ok
jepa_future	physics	pooled	mlp	16	buoyancy_laplacian_magnitude		test_mse	3060.2013819683107		1	ok
jepa_future	physics	pooled	mlp	16	buoyancy_laplacian_magnitude		test_log_mse	3.4857500069390404		1	ok
jepa_future	physics	pooled	ridge	16	buoyancy_laplacian_magnitude		test_vrmse	0.19862836685499904		1	ok
jepa_future	physics	pooled	ridge	16	buoyancy_laplacian_magnitude		test_r2	0.960546771880516		1	ok
jepa_future	physics	pooled	ridge	16	buoyancy_laplacian_magnitude		test_pearson_r	0.9805696747737072		1	ok
jepa_future	physics	pooled	ridge	16	buoyancy_laplacian_magnitude		test_mse	18225.245725515997		1	ok
jepa_future	physics	pooled	ridge	16	buoyancy_laplacian_magnitude		test_log_mse	4.260673392491589		1	ok
jepa_future	physics	pooled	ridge_plus_control	16	buoyancy_laplacian_magnitude		test_vrmse	0.1893793329548758		1	ok
jepa_future	physics	pooled	ridge_plus_control	16	buoyancy_laplacian_magnitude		test_r2	0.9641354682495663		1	ok
jepa_future	physics	pooled	ridge_plus_control	16	buoyancy_laplacian_magnitude		test_pearson_r	0.982385099927872		1	ok
jepa_future	physics	pooled	ridge_plus_control	16	buoyancy_laplacian_magnitude		test_mse	16567.46317443725		1	ok
jepa_future	physics	pooled	ridge_plus_control	16	buoyancy_laplacian_magnitude		test_log_mse	4.219256013930015		1	ok
jepa_future	physics	pooled	selected	16	buoyancy_laplacian_magnitude		test_vrmse	0.08139159870194501		1	ok
jepa_future	physics	pooled	selected	16	buoyancy_laplacian_magnitude		test_r2	0.9933754076607415		1	ok
jepa_future	physics	pooled	selected	16	buoyancy_laplacian_magnitude		test_pearson_r	0.9973177991374982		1	ok
jepa_future	physics	pooled	selected	16	buoyancy_laplacian_magnitude		test_mse	3060.2013819683107		1	ok
jepa_future	physics	pooled	selected	16	buoyancy_laplacian_magnitude		test_log_mse	3.4857500069390404		1	ok
jepa_future	physics	pooled	mlp	16	convective_flux		test_vrmse	0.20601162351604332		1	ok
jepa_future	physics	pooled	mlp	16	convective_flux		test_r2	0.957559210976284		1	ok
jepa_future	physics	pooled	mlp	16	convective_flux		test_pearson_r	0.9787397990757278		1	ok
jepa_future	physics	pooled	mlp	16	convective_flux		test_mse	7.115010773361039e-07		1	ok
jepa_future	physics	pooled	mlp	16	convective_flux		test_log_mse	-6.147824437981987		1	ok
jepa_future	physics	pooled	ridge	16	convective_flux		test_vrmse	0.2218559028868613		1	ok
jepa_future	physics	pooled	ridge	16	convective_flux		test_r2	0.9507799583542555		1	ok
jepa_future	physics	pooled	ridge	16	convective_flux		test_pearson_r	0.9751255372804748		1	ok
jepa_future	physics	pooled	ridge	16	convective_flux		test_mse	8.251522524217394e-07		1	ok
jepa_future	physics	pooled	ridge	16	convective_flux		test_log_mse	-6.083465910497374		1	ok
jepa_future	physics	pooled	ridge_plus_control	16	convective_flux		test_vrmse	0.2187136283511014		1	ok
jepa_future	physics	pooled	ridge_plus_control	16	convective_flux		test_r2	0.9521643487734963		1	ok
jepa_future	physics	pooled	ridge_plus_control	16	convective_flux		test_pearson_r	0.9758949314248259		1	ok
jepa_future	physics	pooled	ridge_plus_control	16	convective_flux		test_mse	8.01943558676834e-07		1	ok
jepa_future	physics	pooled	ridge_plus_control	16	convective_flux		test_log_mse	-6.095856196575903		1	ok
jepa_future	physics	pooled	selected	16	convective_flux		test_vrmse	0.20601162351604332		1	ok
jepa_future	physics	pooled	selected	16	convective_flux		test_r2	0.957559210976284		1	ok
jepa_future	physics	pooled	selected	16	convective_flux		test_pearson_r	0.9787397990757278		1	ok
jepa_future	physics	pooled	selected	16	convective_flux		test_mse	7.115010773361039e-07		1	ok
jepa_future	physics	pooled	selected	16	convective_flux		test_log_mse	-6.147824437981987		1	ok
jepa_future	physics	pooled	mlp	16	enstrophy		test_vrmse	0.12756050628240082		1	ok
jepa_future	physics	pooled	mlp	16	enstrophy		test_r2	0.9837283172369776		1	ok
jepa_future	physics	pooled	mlp	16	enstrophy		test_pearson_r	0.9918317138809358		1	ok
jepa_future	physics	pooled	mlp	16	enstrophy		test_mse	28.414725427967042		1	ok
jepa_future	physics	pooled	mlp	16	enstrophy		test_log_mse	1.4535434638051754		1	ok
jepa_future	physics	pooled	ridge	16	enstrophy		test_vrmse	0.1504892531670725		1	ok
jepa_future	physics	pooled	ridge	16	enstrophy		test_r2	0.9773529846812168		1	ok
jepa_future	physics	pooled	ridge	16	enstrophy		test_pearson_r	0.9886308169025746		1	ok
jepa_future	physics	pooled	ridge	16	enstrophy		test_mse	39.54776721118052		1	ok
jepa_future	physics	pooled	ridge	16	enstrophy		test_log_mse	1.5971219691172258		1	ok
jepa_future	physics	pooled	ridge_plus_control	16	enstrophy		test_vrmse	0.14706057608457124		1	ok
jepa_future	physics	pooled	ridge_plus_control	16	enstrophy		test_r2	0.9783731869616741		1	ok
jepa_future	physics	pooled	ridge_plus_control	16	enstrophy		test_pearson_r	0.9891325641703334		1	ok
jepa_future	physics	pooled	ridge_plus_control	16	enstrophy		test_mse	37.76622020695447		1	ok
jepa_future	physics	pooled	ridge_plus_control	16	enstrophy		test_log_mse	1.5771035210889561		1	ok
jepa_future	physics	pooled	selected	16	enstrophy		test_vrmse	0.12756050628240082		1	ok
jepa_future	physics	pooled	selected	16	enstrophy		test_r2	0.9837283172369776		1	ok
jepa_future	physics	pooled	selected	16	enstrophy		test_pearson_r	0.9918317138809358		1	ok
jepa_future	physics	pooled	selected	16	enstrophy		test_mse	28.414725427967042		1	ok
jepa_future	physics	pooled	selected	16	enstrophy		test_log_mse	1.4535434638051754		1	ok
jepa_future	physics	pooled	mlp	16	pressure_gradient_magnitude		test_vrmse	0.07635231699177614		1	ok
jepa_future	physics	pooled	mlp	16	pressure_gradient_magnitude		test_r2	0.9941703236899874		1	ok
jepa_future	physics	pooled	mlp	16	pressure_gradient_magnitude		test_pearson_r	0.9971421770242054		1	ok
jepa_future	physics	pooled	mlp	16	pressure_gradient_magnitude		test_mse	0.000690839455240845		1	ok
jepa_future	physics	pooled	mlp	16	pressure_gradient_magnitude		test_log_mse	-3.1606228669585756		1	ok
jepa_future	physics	pooled	ridge	16	pressure_gradient_magnitude		test_vrmse	0.08838873970023543		1	ok
jepa_future	physics	pooled	ridge	16	pressure_gradient_magnitude		test_r2	0.992187430694204		1	ok
jepa_future	physics	pooled	ridge	16	pressure_gradient_magnitude		test_pearson_r	0.9961038746379071		1	ok
jepa_future	physics	pooled	ridge	16	pressure_gradient_magnitude		test_mse	0.0009258200346351152		1	ok
jepa_future	physics	pooled	ridge	16	pressure_gradient_magnitude		test_log_mse	-3.0334734253707354		1	ok
jepa_future	physics	pooled	ridge_plus_control	16	pressure_gradient_magnitude		test_vrmse	0.08747648453740507		1	ok
jepa_future	physics	pooled	ridge_plus_control	16	pressure_gradient_magnitude		test_r2	0.9923478646529771		1	ok
jepa_future	physics	pooled	ridge_plus_control	16	pressure_gradient_magnitude		test_pearson_r	0.9961801688243013		1	ok
jepa_future	physics	pooled	ridge_plus_control	16	pressure_gradient_magnitude		test_mse	0.0009068079827154258		1	ok
jepa_future	physics	pooled	ridge_plus_control	16	pressure_gradient_magnitude		test_log_mse	-3.0424846653937774		1	ok
jepa_future	physics	pooled	selected	16	pressure_gradient_magnitude		test_vrmse	0.07635231699177614		1	ok
jepa_future	physics	pooled	selected	16	pressure_gradient_magnitude		test_r2	0.9941703236899874		1	ok
jepa_future	physics	pooled	selected	16	pressure_gradient_magnitude		test_pearson_r	0.9971421770242054		1	ok
jepa_future	physics	pooled	selected	16	pressure_gradient_magnitude		test_mse	0.000690839455240845		1	ok
jepa_future	physics	pooled	selected	16	pressure_gradient_magnitude		test_log_mse	-3.1606228669585756		1	ok
jepa_future	physics	pooled	mlp	40	buoyancy_gradient_energy		test_vrmse	0.2728104034122945		1	ok
jepa_future	physics	pooled	mlp	40	buoyancy_gradient_energy		test_r2	0.9255744837900212		1	ok
jepa_future	physics	pooled	mlp	40	buoyancy_gradient_energy		test_pearson_r	0.9625820110522001		1	ok
jepa_future	physics	pooled	mlp	40	buoyancy_gradient_energy		test_mse	218.57404189501386		1	ok
jepa_future	physics	pooled	mlp	40	buoyancy_gradient_energy		test_log_mse	2.3395985833632067		1	ok
jepa_future	physics	pooled	ridge	40	buoyancy_gradient_energy		test_vrmse	0.30274440080854065		1	ok
jepa_future	physics	pooled	ridge	40	buoyancy_gradient_energy		test_r2	0.9083458277790777		1	ok
jepa_future	physics	pooled	ridge	40	buoyancy_gradient_energy		test_pearson_r	0.953080341014109		1	ok
jepa_future	physics	pooled	ridge	40	buoyancy_gradient_energy		test_mse	269.17143338782324		1	ok
jepa_future	physics	pooled	ridge	40	buoyancy_gradient_energy		test_log_mse	2.4300289672148647		1	ok
jepa_future	physics	pooled	ridge_plus_control	40	buoyancy_gradient_energy		test_vrmse	0.21913080694852813		1	ok
jepa_future	physics	pooled	ridge_plus_control	40	buoyancy_gradient_energy		test_r2	0.9519816894460869		1	ok
jepa_future	physics	pooled	ridge_plus_control	40	buoyancy_gradient_energy		test_pearson_r	0.9757320234576458		1	ok
jepa_future	physics	pooled	ridge_plus_control	40	buoyancy_gradient_energy		test_mse	141.02093955421645		1	ok
jepa_future	physics	pooled	ridge_plus_control	40	buoyancy_gradient_energy		test_log_mse	2.1492836038444443		1	ok
jepa_future	physics	pooled	selected	40	buoyancy_gradient_energy		test_vrmse	0.2728104034122945		1	ok
jepa_future	physics	pooled	selected	40	buoyancy_gradient_energy		test_r2	0.9255744837900212		1	ok
jepa_future	physics	pooled	selected	40	buoyancy_gradient_energy		test_pearson_r	0.9625820110522001		1	ok
jepa_future	physics	pooled	selected	40	buoyancy_gradient_energy		test_mse	218.57404189501386		1	ok
jepa_future	physics	pooled	selected	40	buoyancy_gradient_energy		test_log_mse	2.3395985833632067		1	ok
jepa_future	physics	pooled	mlp	40	buoyancy_laplacian_magnitude		test_vrmse	0.238326324921195		1	ok
jepa_future	physics	pooled	mlp	40	buoyancy_laplacian_magnitude		test_r2	0.943200562849557		1	ok
jepa_future	physics	pooled	mlp	40	buoyancy_laplacian_magnitude		test_pearson_r	0.971831785176898		1	ok
jepa_future	physics	pooled	mlp	40	buoyancy_laplacian_magnitude		test_mse	24986.737959627797		1	ok
jepa_future	physics	pooled	mlp	40	buoyancy_laplacian_magnitude		test_log_mse	4.397709562304755		1	ok
jepa_future	physics	pooled	ridge	40	buoyancy_laplacian_magnitude		test_vrmse	0.284071963976848		1	ok
jepa_future	physics	pooled	ridge	40	buoyancy_laplacian_magnitude		test_r2	0.9193031192823364		1	ok
jepa_future	physics	pooled	ridge	40	buoyancy_laplacian_magnitude		test_pearson_r	0.9588050626588668		1	ok
jepa_future	physics	pooled	ridge	40	buoyancy_laplacian_magnitude		test_mse	35499.503407242395		1	ok
jepa_future	physics	pooled	ridge	40	buoyancy_laplacian_magnitude		test_log_mse	4.5502222778719155		1	ok
jepa_future	physics	pooled	ridge_plus_control	40	buoyancy_laplacian_magnitude		test_vrmse	0.20715236512440555		1	ok
jepa_future	physics	pooled	ridge_plus_control	40	buoyancy_laplacian_magnitude		test_r2	0.957087897623365		1	ok
jepa_future	physics	pooled	ridge_plus_control	40	buoyancy_laplacian_magnitude		test_pearson_r	0.9783841720088597		1	ok
jepa_future	physics	pooled	ridge_plus_control	40	buoyancy_laplacian_magnitude		test_mse	18877.536665402287		1	ok
jepa_future	physics	pooled	ridge_plus_control	40	buoyancy_laplacian_magnitude		test_log_mse	4.275945322460997		1	ok
jepa_future	physics	pooled	selected	40	buoyancy_laplacian_magnitude		test_vrmse	0.238326324921195		1	ok
jepa_future	physics	pooled	selected	40	buoyancy_laplacian_magnitude		test_r2	0.943200562849557		1	ok
jepa_future	physics	pooled	selected	40	buoyancy_laplacian_magnitude		test_pearson_r	0.971831785176898		1	ok
jepa_future	physics	pooled	selected	40	buoyancy_laplacian_magnitude		test_mse	24986.737959627797		1	ok
jepa_future	physics	pooled	selected	40	buoyancy_laplacian_magnitude		test_log_mse	4.397709562304755		1	ok
jepa_future	physics	pooled	mlp	40	convective_flux		test_vrmse	0.20581894885602067		1	ok
jepa_future	physics	pooled	mlp	40	convective_flux		test_r2	0.9576385602918027		1	ok
jepa_future	physics	pooled	mlp	40	convective_flux		test_pearson_r	0.9789975176656686		1	ok
jepa_future	physics	pooled	mlp	40	convective_flux		test_mse	7.285190814350025e-07		1	ok
jepa_future	physics	pooled	mlp	40	convective_flux		test_log_mse	-6.1375590686662616		1	ok
jepa_future	physics	pooled	ridge	40	convective_flux		test_vrmse	0.22527778290673114		1	ok
jepa_future	physics	pooled	ridge	40	convective_flux		test_r2	0.9492499205286277		1	ok
jepa_future	physics	pooled	ridge	40	convective_flux		test_pearson_r	0.9744301131985313		1	ok
jepa_future	physics	pooled	ridge	40	convective_flux		test_mse	8.727843419373463e-07		1	ok
jepa_future	physics	pooled	ridge	40	convective_flux		test_log_mse	-6.059093053747861		1	ok
jepa_future	physics	pooled	ridge_plus_control	40	convective_flux		test_vrmse	0.22445951830160682		1	ok
jepa_future	physics	pooled	ridge_plus_control	40	convective_flux		test_r2	0.9496179246438107		1	ok
jepa_future	physics	pooled	ridge_plus_control	40	convective_flux		test_pearson_r	0.974628200826461		1	ok
jepa_future	physics	pooled	ridge_plus_control	40	convective_flux		test_mse	8.664555197395143e-07		1	ok
jepa_future	physics	pooled	ridge_plus_control	40	convective_flux		test_log_mse	-6.062253727269182		1	ok
jepa_future	physics	pooled	selected	40	convective_flux		test_vrmse	0.20581894885602067		1	ok
jepa_future	physics	pooled	selected	40	convective_flux		test_r2	0.9576385602918027		1	ok
jepa_future	physics	pooled	selected	40	convective_flux		test_pearson_r	0.9789975176656686		1	ok
jepa_future	physics	pooled	selected	40	convective_flux		test_mse	7.285190814350025e-07		1	ok
jepa_future	physics	pooled	selected	40	convective_flux		test_log_mse	-6.1375590686662616		1	ok
jepa_future	physics	pooled	mlp	40	enstrophy		test_vrmse	0.13743204626458025		1	ok
jepa_future	physics	pooled	mlp	40	enstrophy		test_r2	0.9811124326595303		1	ok
jepa_future	physics	pooled	mlp	40	enstrophy		test_pearson_r	0.990731553376171		1	ok
jepa_future	physics	pooled	mlp	40	enstrophy		test_mse	38.80254530783816		1	ok
jepa_future	physics	pooled	mlp	40	enstrophy		test_log_mse	1.5888602146893747		1	ok
jepa_future	physics	pooled	ridge	40	enstrophy		test_vrmse	0.1758458293445109		1	ok
jepa_future	physics	pooled	ridge	40	enstrophy		test_r2	0.9690782443021412		1	ok
jepa_future	physics	pooled	ridge	40	enstrophy		test_pearson_r	0.9845413213860592		1	ok
jepa_future	physics	pooled	ridge	40	enstrophy		test_mse	63.52553533419892		1	ok
jepa_future	physics	pooled	ridge	40	enstrophy		test_log_mse	1.8029483335682779		1	ok
jepa_future	physics	pooled	ridge_plus_control	40	enstrophy		test_vrmse	0.1642562804654855		1	ok
jepa_future	physics	pooled	ridge_plus_control	40	enstrophy		test_r2	0.9730198743276438		1	ok
jepa_future	physics	pooled	ridge_plus_control	40	enstrophy		test_pearson_r	0.986555802332305		1	ok
jepa_future	physics	pooled	ridge_plus_control	40	enstrophy		test_mse	55.427865851713996		1	ok
jepa_future	physics	pooled	ridge_plus_control	40	enstrophy		test_log_mse	1.7437281572021086		1	ok
jepa_future	physics	pooled	selected	40	enstrophy		test_vrmse	0.13743204626458025		1	ok
jepa_future	physics	pooled	selected	40	enstrophy		test_r2	0.9811124326595303		1	ok
jepa_future	physics	pooled	selected	40	enstrophy		test_pearson_r	0.990731553376171		1	ok
jepa_future	physics	pooled	selected	40	enstrophy		test_mse	38.80254530783816		1	ok
jepa_future	physics	pooled	selected	40	enstrophy		test_log_mse	1.5888602146893747		1	ok
jepa_future	physics	pooled	mlp	40	pressure_gradient_magnitude		test_vrmse	0.08916168940531455		1	ok
jepa_future	physics	pooled	mlp	40	pressure_gradient_magnitude		test_r2	0.9920501931423902		1	ok
jepa_future	physics	pooled	mlp	40	pressure_gradient_magnitude		test_pearson_r	0.9960426915474933		1	ok
jepa_future	physics	pooled	mlp	40	pressure_gradient_magnitude		test_mse	0.0011821802201090693		1	ok
jepa_future	physics	pooled	mlp	40	pressure_gradient_magnitude		test_log_mse	-2.927316311413581		1	ok
jepa_future	physics	pooled	ridge	40	pressure_gradient_magnitude		test_vrmse	0.10378810457672004		1	ok
jepa_future	physics	pooled	ridge	40	pressure_gradient_magnitude		test_r2	0.9892280293483718		1	ok
jepa_future	physics	pooled	ridge	40	pressure_gradient_magnitude		test_pearson_r	0.9946069381148818		1	ok
jepa_future	physics	pooled	ridge	40	pressure_gradient_magnitude		test_mse	0.001601851575017888		1	ok
jepa_future	physics	pooled	ridge	40	pressure_gradient_magnitude		test_log_mse	-2.7953777274134555		1	ok
jepa_future	physics	pooled	ridge_plus_control	40	pressure_gradient_magnitude		test_vrmse	0.10103773681909896		1	ok
jepa_future	physics	pooled	ridge_plus_control	40	pressure_gradient_magnitude		test_r2	0.9897913757384745		1	ok
jepa_future	physics	pooled	ridge_plus_control	40	pressure_gradient_magnitude		test_pearson_r	0.9948895983599122		1	ok
jepa_future	physics	pooled	ridge_plus_control	40	pressure_gradient_magnitude		test_mse	0.00151807885306657		1	ok
jepa_future	physics	pooled	ridge_plus_control	40	pressure_gradient_magnitude		test_log_mse	-2.818705669440356		1	ok
jepa_future	physics	pooled	selected	40	pressure_gradient_magnitude		test_vrmse	0.08916168940531455		1	ok
jepa_future	physics	pooled	selected	40	pressure_gradient_magnitude		test_r2	0.9920501931423902		1	ok
jepa_future	physics	pooled	selected	40	pressure_gradient_magnitude		test_pearson_r	0.9960426915474933		1	ok
jepa_future	physics	pooled	selected	40	pressure_gradient_magnitude		test_mse	0.0011821802201090693		1	ok
jepa_future	physics	pooled	selected	40	pressure_gradient_magnitude		test_log_mse	-2.927316311413581		1	ok
jepa_future	physics	token	mlp	0	buoyancy_gradient_energy		test_vrmse	0.16577342698817202		1	ok
jepa_future	physics	token	mlp	0	buoyancy_gradient_energy		test_r2	0.9725191709045972		1	ok
jepa_future	physics	token	mlp	0	buoyancy_gradient_energy		test_pearson_r	0.9870182776116125		1	ok
jepa_future	physics	token	mlp	0	buoyancy_gradient_energy		test_mse	4099.773013959214		1	ok
jepa_future	physics	token	mlp	0	buoyancy_gradient_energy		test_log_mse	3.6127598124480613		1	ok
jepa_future	physics	token	ridge	0	buoyancy_gradient_energy		test_vrmse	0.4142507081070145		1	ok
jepa_future	physics	token	ridge	0	buoyancy_gradient_energy		test_r2	0.8283963508328371		1	ok
jepa_future	physics	token	ridge	0	buoyancy_gradient_energy		test_pearson_r	0.9126916073382606		1	ok
jepa_future	physics	token	ridge	0	buoyancy_gradient_energy		test_mse	25600.97468348041		1	ok
jepa_future	physics	token	ridge	0	buoyancy_gradient_energy		test_log_mse	4.408256500139939		1	ok
jepa_future	physics	token	selected	0	buoyancy_gradient_energy		test_vrmse	0.16577342698817202		1	ok
jepa_future	physics	token	selected	0	buoyancy_gradient_energy		test_r2	0.9725191709045972		1	ok
jepa_future	physics	token	selected	0	buoyancy_gradient_energy		test_pearson_r	0.9870182776116125		1	ok
jepa_future	physics	token	selected	0	buoyancy_gradient_energy		test_mse	4099.773013959214		1	ok
jepa_future	physics	token	selected	0	buoyancy_gradient_energy		test_log_mse	3.6127598124480613		1	ok
jepa_future	physics	token	mlp	0	buoyancy_laplacian_magnitude		test_vrmse	0.26253866548602256		1	ok
jepa_future	physics	token	mlp	0	buoyancy_laplacian_magnitude		test_r2	0.9310734491248184		1	ok
jepa_future	physics	token	mlp	0	buoyancy_laplacian_magnitude		test_pearson_r	0.9661185732952853		1	ok
jepa_future	physics	token	mlp	0	buoyancy_laplacian_magnitude		test_mse	336485.54955034243		1	ok
jepa_future	physics	token	mlp	0	buoyancy_laplacian_magnitude		test_log_mse	5.526966418083615		1	ok
jepa_future	physics	token	ridge	0	buoyancy_laplacian_magnitude		test_vrmse	0.5529935261847323		1	ok
jepa_future	physics	token	ridge	0	buoyancy_laplacian_magnitude		test_r2	0.6941981599977758		1	ok
jepa_future	physics	token	ridge	0	buoyancy_laplacian_magnitude		test_pearson_r	0.8331905121771104		1	ok
jepa_future	physics	token	ridge	0	buoyancy_laplacian_magnitude		test_mse	1492863.0387002968		1	ok
jepa_future	physics	token	ridge	0	buoyancy_laplacian_magnitude		test_log_mse	6.174019965618427		1	ok
jepa_future	physics	token	selected	0	buoyancy_laplacian_magnitude		test_vrmse	0.26253866548602256		1	ok
jepa_future	physics	token	selected	0	buoyancy_laplacian_magnitude		test_r2	0.9310734491248184		1	ok
jepa_future	physics	token	selected	0	buoyancy_laplacian_magnitude		test_pearson_r	0.9661185732952853		1	ok
jepa_future	physics	token	selected	0	buoyancy_laplacian_magnitude		test_mse	336485.54955034243		1	ok
jepa_future	physics	token	selected	0	buoyancy_laplacian_magnitude		test_log_mse	5.526966418083615		1	ok
jepa_future	physics	token	mlp	0	convective_flux		test_vrmse	0.035908950118269126		1	ok
jepa_future	physics	token	mlp	0	convective_flux		test_r2	0.9987105473014036		1	ok
jepa_future	physics	token	mlp	0	convective_flux		test_pearson_r	0.9993586864444987		1	ok
jepa_future	physics	token	mlp	0	convective_flux		test_mse	6.732764239321276e-06		1	ok
jepa_future	physics	token	mlp	0	convective_flux		test_log_mse	-5.1718065929217		1	ok
jepa_future	physics	token	ridge	0	convective_flux		test_vrmse	0.14673948194488662		1	ok
jepa_future	physics	token	ridge	0	convective_flux		test_r2	0.9784675244385463		1	ok
jepa_future	physics	token	ridge	0	convective_flux		test_pearson_r	0.9898274637459582		1	ok
jepa_future	physics	token	ridge	0	convective_flux		test_mse	0.00011242993372461681		1	ok
jepa_future	physics	token	ridge	0	convective_flux		test_log_mse	-3.949118045344524		1	ok
jepa_future	physics	token	selected	0	convective_flux		test_vrmse	0.035908950118269126		1	ok
jepa_future	physics	token	selected	0	convective_flux		test_r2	0.9987105473014036		1	ok
jepa_future	physics	token	selected	0	convective_flux		test_pearson_r	0.9993586864444987		1	ok
jepa_future	physics	token	selected	0	convective_flux		test_mse	6.732764239321276e-06		1	ok
jepa_future	physics	token	selected	0	convective_flux		test_log_mse	-5.1718065929217		1	ok
jepa_future	physics	token	mlp	0	enstrophy		test_vrmse	0.2669862579283932		1	ok
jepa_future	physics	token	mlp	0	enstrophy		test_r2	0.9287183380773936		1	ok
jepa_future	physics	token	mlp	0	enstrophy		test_pearson_r	0.9654299084879597		1	ok
jepa_future	physics	token	mlp	0	enstrophy		test_mse	5006.35758317972		1	ok
jepa_future	physics	token	mlp	0	enstrophy		test_log_mse	3.6995218662181806		1	ok
jepa_future	physics	token	ridge	0	enstrophy		test_vrmse	0.7022995214093096		1	ok
jepa_future	physics	token	ridge	0	enstrophy		test_r2	0.5067753822282547		1	ok
jepa_future	physics	token	ridge	0	enstrophy		test_pearson_r	0.7135812821170061		1	ok
jepa_future	physics	token	ridge	0	enstrophy		test_mse	34640.87029948144		1	ok
jepa_future	physics	token	ridge	0	enstrophy		test_log_mse	4.539588794474478		1	ok
jepa_future	physics	token	selected	0	enstrophy		test_vrmse	0.2669862579283932		1	ok
jepa_future	physics	token	selected	0	enstrophy		test_r2	0.9287183380773936		1	ok
jepa_future	physics	token	selected	0	enstrophy		test_pearson_r	0.9654299084879597		1	ok
jepa_future	physics	token	selected	0	enstrophy		test_mse	5006.35758317972		1	ok
jepa_future	physics	token	selected	0	enstrophy		test_log_mse	3.6995218662181806		1	ok
jepa_future	physics	token	mlp	0	pressure_gradient_magnitude		test_vrmse	0.21893600625415394		1	ok
jepa_future	physics	token	mlp	0	pressure_gradient_magnitude		test_r2	0.952067025165481		1	ok
jepa_future	physics	token	mlp	0	pressure_gradient_magnitude		test_pearson_r	0.9761983915589174		1	ok
jepa_future	physics	token	mlp	0	pressure_gradient_magnitude		test_mse	0.011511282486069026		1	ok
jepa_future	physics	token	mlp	0	pressure_gradient_magnitude		test_log_mse	-1.9388762883949675		1	ok
jepa_future	physics	token	ridge	0	pressure_gradient_magnitude		test_vrmse	0.4128365767505256		1	ok
jepa_future	physics	token	ridge	0	pressure_gradient_magnitude		test_r2	0.8295659608969074		1	ok
jepa_future	physics	token	ridge	0	pressure_gradient_magnitude		test_pearson_r	0.9108531070791926		1	ok
jepa_future	physics	token	ridge	0	pressure_gradient_magnitude		test_mse	0.040930369461328754		1	ok
jepa_future	physics	token	ridge	0	pressure_gradient_magnitude		test_log_mse	-1.3879543351423638		1	ok
jepa_future	physics	token	selected	0	pressure_gradient_magnitude		test_vrmse	0.21893600625415394		1	ok
jepa_future	physics	token	selected	0	pressure_gradient_magnitude		test_r2	0.952067025165481		1	ok
jepa_future	physics	token	selected	0	pressure_gradient_magnitude		test_pearson_r	0.9761983915589174		1	ok
jepa_future	physics	token	selected	0	pressure_gradient_magnitude		test_mse	0.011511282486069026		1	ok
jepa_future	physics	token	selected	0	pressure_gradient_magnitude		test_log_mse	-1.9388762883949675		1	ok
jepa_future	physics	token	mlp	16	buoyancy_gradient_energy		test_vrmse	0.31990803556401487		1	ok
jepa_future	physics	token	mlp	16	buoyancy_gradient_energy		test_r2	0.897658848781573		1	ok
jepa_future	physics	token	mlp	16	buoyancy_gradient_energy		test_pearson_r	0.9478592171185869		1	ok
jepa_future	physics	token	mlp	16	buoyancy_gradient_energy		test_mse	21005.903647010637		1	ok
jepa_future	physics	token	mlp	16	buoyancy_gradient_energy		test_log_mse	4.322341369067006		1	ok
jepa_future	physics	token	ridge	16	buoyancy_gradient_energy		test_vrmse	0.5024899687385718		1	ok
jepa_future	physics	token	ridge	16	buoyancy_gradient_energy		test_r2	0.7475038313171092		1	ok
jepa_future	physics	token	ridge	16	buoyancy_gradient_energy		test_pearson_r	0.8650815009040944		1	ok
jepa_future	physics	token	ridge	16	buoyancy_gradient_energy		test_mse	51825.78197964569		1	ok
jepa_future	physics	token	ridge	16	buoyancy_gradient_energy		test_log_mse	4.714545863720707		1	ok
jepa_future	physics	token	selected	16	buoyancy_gradient_energy		test_vrmse	0.31990803556401487		1	ok
jepa_future	physics	token	selected	16	buoyancy_gradient_energy		test_r2	0.897658848781573		1	ok
jepa_future	physics	token	selected	16	buoyancy_gradient_energy		test_pearson_r	0.9478592171185869		1	ok
jepa_future	physics	token	selected	16	buoyancy_gradient_energy		test_mse	21005.903647010637		1	ok
jepa_future	physics	token	selected	16	buoyancy_gradient_energy		test_log_mse	4.322341369067006		1	ok
jepa_future	physics	token	mlp	16	buoyancy_laplacian_magnitude		test_vrmse	0.3051449940648065		1	ok
jepa_future	physics	token	mlp	16	buoyancy_laplacian_magnitude		test_r2	0.9068865325971892		1	ok
jepa_future	physics	token	mlp	16	buoyancy_laplacian_magnitude		test_pearson_r	0.9526646981224196		1	ok
jepa_future	physics	token	mlp	16	buoyancy_laplacian_magnitude		test_mse	488936.38655355613		1	ok
jepa_future	physics	token	mlp	16	buoyancy_laplacian_magnitude		test_log_mse	5.6892523585798545		1	ok
jepa_future	physics	token	ridge	16	buoyancy_laplacian_magnitude		test_vrmse	0.5593463507964617		1	ok
jepa_future	physics	token	ridge	16	buoyancy_laplacian_magnitude		test_r2	0.6871316598506816		1	ok
jepa_future	physics	token	ridge	16	buoyancy_laplacian_magnitude		test_pearson_r	0.8294133164550099		1	ok
jepa_future	physics	token	ridge	16	buoyancy_laplacian_magnitude		test_mse	1642863.4865228836		1	ok
jepa_future	physics	token	ridge	16	buoyancy_laplacian_magnitude		test_log_mse	6.2156014773042205		1	ok
jepa_future	physics	token	selected	16	buoyancy_laplacian_magnitude		test_vrmse	0.3051449940648065		1	ok
jepa_future	physics	token	selected	16	buoyancy_laplacian_magnitude		test_r2	0.9068865325971892		1	ok
jepa_future	physics	token	selected	16	buoyancy_laplacian_magnitude		test_pearson_r	0.9526646981224196		1	ok
jepa_future	physics	token	selected	16	buoyancy_laplacian_magnitude		test_mse	488936.38655355613		1	ok
jepa_future	physics	token	selected	16	buoyancy_laplacian_magnitude		test_log_mse	5.6892523585798545		1	ok
jepa_future	physics	token	mlp	16	convective_flux		test_vrmse	0.5571066657474075		1	ok
jepa_future	physics	token	mlp	16	convective_flux		test_r2	0.6896321629798063		1	ok
jepa_future	physics	token	mlp	16	convective_flux		test_pearson_r	0.8307397142881245		1	ok
jepa_future	physics	token	mlp	16	convective_flux		test_mse	0.0018282982417560192		1	ok
jepa_future	physics	token	mlp	16	convective_flux		test_log_mse	-2.737952958392147		1	ok
jepa_future	physics	token	ridge	16	convective_flux		test_vrmse	0.6081572253654097		1	ok
jepa_future	physics	token	ridge	16	convective_flux		test_r2	0.6301447892358463		1	ok
jepa_future	physics	token	ridge	16	convective_flux		test_pearson_r	0.7961150758907827		1	ok
jepa_future	physics	token	ridge	16	convective_flux		test_mse	0.002178723278921482		1	ok
jepa_future	physics	token	ridge	16	convective_flux		test_log_mse	-2.6617979262792493		1	ok
jepa_future	physics	token	selected	16	convective_flux		test_vrmse	0.5571066657474075		1	ok
jepa_future	physics	token	selected	16	convective_flux		test_r2	0.6896321629798063		1	ok
jepa_future	physics	token	selected	16	convective_flux		test_pearson_r	0.8307397142881245		1	ok
jepa_future	physics	token	selected	16	convective_flux		test_mse	0.0018282982417560192		1	ok
jepa_future	physics	token	selected	16	convective_flux		test_log_mse	-2.737952958392147		1	ok
jepa_future	physics	token	mlp	16	enstrophy		test_vrmse	0.6999804315330609		1	ok
jepa_future	physics	token	mlp	16	enstrophy		test_r2	0.5100273954707899		1	ok
jepa_future	physics	token	mlp	16	enstrophy		test_pearson_r	0.727665724188267		1	ok
jepa_future	physics	token	mlp	16	enstrophy		test_mse	23671.30039899797		1	ok
jepa_future	physics	token	mlp	16	enstrophy		test_log_mse	4.374222116847384		1	ok
jepa_future	physics	token	ridge	16	enstrophy		test_vrmse	0.7795381545998918		1	ok
jepa_future	physics	token	ridge	16	enstrophy		test_r2	0.39232026552299515		1	ok
jepa_future	physics	token	ridge	16	enstrophy		test_pearson_r	0.6355358964294509		1	ok
jepa_future	physics	token	ridge	16	enstrophy		test_mse	29357.905744566902		1	ok
jepa_future	physics	token	ridge	16	enstrophy		test_log_mse	4.467725071815623		1	ok
jepa_future	physics	token	selected	16	enstrophy		test_vrmse	0.6999804315330609		1	ok
jepa_future	physics	token	selected	16	enstrophy		test_r2	0.5100273954707899		1	ok
jepa_future	physics	token	selected	16	enstrophy		test_pearson_r	0.727665724188267		1	ok
jepa_future	physics	token	selected	16	enstrophy		test_mse	23671.30039899797		1	ok
jepa_future	physics	token	selected	16	enstrophy		test_log_mse	4.374222116847384		1	ok
jepa_future	physics	token	mlp	16	pressure_gradient_magnitude		test_vrmse	0.6571175888909724		1	ok
jepa_future	physics	token	mlp	16	pressure_gradient_magnitude		test_r2	0.5681964743701151		1	ok
jepa_future	physics	token	mlp	16	pressure_gradient_magnitude		test_pearson_r	0.7551659044743466		1	ok
jepa_future	physics	token	mlp	16	pressure_gradient_magnitude		test_mse	0.115607834614339		1	ok
jepa_future	physics	token	mlp	16	pressure_gradient_magnitude		test_log_mse	-0.9370127332642801		1	ok
jepa_future	physics	token	ridge	16	pressure_gradient_magnitude		test_vrmse	0.6746353024469974		1	ok
jepa_future	physics	token	ridge	16	pressure_gradient_magnitude		test_r2	0.5448672086922484		1	ok
jepa_future	physics	token	ridge	16	pressure_gradient_magnitude		test_pearson_r	0.7382491956412881		1	ok
jepa_future	physics	token	ridge	16	pressure_gradient_magnitude		test_mse	0.12185383708554748		1	ok
jepa_future	physics	token	ridge	16	pressure_gradient_magnitude		test_log_mse	-0.9141607906578179		1	ok
jepa_future	physics	token	selected	16	pressure_gradient_magnitude		test_vrmse	0.6571175888909724		1	ok
jepa_future	physics	token	selected	16	pressure_gradient_magnitude		test_r2	0.5681964743701151		1	ok
jepa_future	physics	token	selected	16	pressure_gradient_magnitude		test_pearson_r	0.7551659044743466		1	ok
jepa_future	physics	token	selected	16	pressure_gradient_magnitude		test_mse	0.115607834614339		1	ok
jepa_future	physics	token	selected	16	pressure_gradient_magnitude		test_log_mse	-0.9370127332642801		1	ok
jepa_future	physics	token	mlp	40	buoyancy_gradient_energy		test_vrmse	0.3200069953775507		1	ok
jepa_future	physics	token	mlp	40	buoyancy_gradient_energy		test_r2	0.8975955229094322		1	ok
jepa_future	physics	token	mlp	40	buoyancy_gradient_energy		test_pearson_r	0.9484296671626656		1	ok
jepa_future	physics	token	mlp	40	buoyancy_gradient_energy		test_mse	22003.662903669643		1	ok
jepa_future	physics	token	mlp	40	buoyancy_gradient_energy		test_log_mse	4.342494982932993		1	ok
jepa_future	physics	token	ridge	40	buoyancy_gradient_energy		test_vrmse	0.46940230532065497		1	ok
jepa_future	physics	token	ridge	40	buoyancy_gradient_energy		test_r2	0.7796614757596546		1	ok
jepa_future	physics	token	ridge	40	buoyancy_gradient_energy		test_pearson_r	0.8830477960339603		1	ok
jepa_future	physics	token	ridge	40	buoyancy_gradient_energy		test_mse	47344.16648393945		1	ok
jepa_future	physics	token	ridge	40	buoyancy_gradient_energy		test_log_mse	4.675266474999075		1	ok
jepa_future	physics	token	selected	40	buoyancy_gradient_energy		test_vrmse	0.3200069953775507		1	ok
jepa_future	physics	token	selected	40	buoyancy_gradient_energy		test_r2	0.8975955229094322		1	ok
jepa_future	physics	token	selected	40	buoyancy_gradient_energy		test_pearson_r	0.9484296671626656		1	ok
jepa_future	physics	token	selected	40	buoyancy_gradient_energy		test_mse	22003.662903669643		1	ok
jepa_future	physics	token	selected	40	buoyancy_gradient_energy		test_log_mse	4.342494982932993		1	ok
jepa_future	physics	token	mlp	40	buoyancy_laplacian_magnitude		test_vrmse	0.28166092596770465		1	ok
jepa_future	physics	token	mlp	40	buoyancy_laplacian_magnitude		test_r2	0.9206671227830152		1	ok
jepa_future	physics	token	mlp	40	buoyancy_laplacian_magnitude		test_pearson_r	0.960162040114606		1	ok
jepa_future	physics	token	mlp	40	buoyancy_laplacian_magnitude		test_mse	428102.75635818864		1	ok
jepa_future	physics	token	mlp	40	buoyancy_laplacian_magnitude		test_log_mse	5.631548024067194		1	ok
jepa_future	physics	token	ridge	40	buoyancy_laplacian_magnitude		test_vrmse	0.5049369135715663		1	ok
jepa_future	physics	token	ridge	40	buoyancy_laplacian_magnitude		test_r2	0.7450387133128205		1	ok
jepa_future	physics	token	ridge	40	buoyancy_laplacian_magnitude		test_pearson_r	0.8637532884045129		1	ok
jepa_future	physics	token	ridge	40	buoyancy_laplacian_magnitude		test_mse	1375843.5773969817		1	ok
jepa_future	physics	token	ridge	40	buoyancy_laplacian_magnitude		test_log_mse	6.138569060836309		1	ok
jepa_future	physics	token	selected	40	buoyancy_laplacian_magnitude		test_vrmse	0.28166092596770465		1	ok
jepa_future	physics	token	selected	40	buoyancy_laplacian_magnitude		test_r2	0.9206671227830152		1	ok
jepa_future	physics	token	selected	40	buoyancy_laplacian_magnitude		test_pearson_r	0.960162040114606		1	ok
jepa_future	physics	token	selected	40	buoyancy_laplacian_magnitude		test_mse	428102.75635818864		1	ok
jepa_future	physics	token	selected	40	buoyancy_laplacian_magnitude		test_log_mse	5.631548024067194		1	ok
jepa_future	physics	token	mlp	40	convective_flux		test_vrmse	0.6470999830603625		1	ok
jepa_future	physics	token	mlp	40	convective_flux		test_r2	0.5812616119232785		1	ok
jepa_future	physics	token	mlp	40	convective_flux		test_pearson_r	0.762756256240183		1	ok
jepa_future	physics	token	mlp	40	convective_flux		test_mse	0.002853537607373032		1	ok
jepa_future	physics	token	mlp	40	convective_flux		test_log_mse	-2.5446163994188744		1	ok
jepa_future	physics	token	ridge	40	convective_flux		test_vrmse	0.6774775060143915		1	ok
jepa_future	physics	token	ridge	40	convective_flux		test_r2	0.5410242288445202		1	ok
jepa_future	physics	token	ridge	40	convective_flux		test_pearson_r	0.7367888673723987		1	ok
jepa_future	physics	token	ridge	40	convective_flux		test_mse	0.003127739565222845		1	ok
jepa_future	physics	token	ridge	40	convective_flux		test_log_mse	-2.504769416128624		1	ok
jepa_future	physics	token	selected	40	convective_flux		test_vrmse	0.6470999830603625		1	ok
jepa_future	physics	token	selected	40	convective_flux		test_r2	0.5812616119232785		1	ok
jepa_future	physics	token	selected	40	convective_flux		test_pearson_r	0.762756256240183		1	ok
jepa_future	physics	token	selected	40	convective_flux		test_mse	0.002853537607373032		1	ok
jepa_future	physics	token	selected	40	convective_flux		test_log_mse	-2.5446163994188744		1	ok
jepa_future	physics	token	mlp	40	enstrophy		test_vrmse	0.7619815520546961		1	ok
jepa_future	physics	token	mlp	40	enstrophy		test_r2	0.41938411432831646		1	ok
jepa_future	physics	token	mlp	40	enstrophy		test_pearson_r	0.6594968490829229		1	ok
jepa_future	physics	token	mlp	40	enstrophy		test_mse	44132.01184600111		1	ok
jepa_future	physics	token	mlp	40	enstrophy		test_log_mse	4.644753726080797		1	ok
jepa_future	physics	token	ridge	40	enstrophy		test_vrmse	0.8144856954420475		1	ok
jepa_future	physics	token	ridge	40	enstrophy		test_r2	0.3366130519202841		1	ok
jepa_future	physics	token	ridge	40	enstrophy		test_pearson_r	0.5841552926232361		1	ok
jepa_future	physics	token	ridge	40	enstrophy		test_mse	50423.35453372586		1	ok
jepa_future	physics	token	ridge	40	enstrophy		test_log_mse	4.702631734776069		1	ok
jepa_future	physics	token	selected	40	enstrophy		test_vrmse	0.7619815520546961		1	ok
jepa_future	physics	token	selected	40	enstrophy		test_r2	0.41938411432831646		1	ok
jepa_future	physics	token	selected	40	enstrophy		test_pearson_r	0.6594968490829229		1	ok
jepa_future	physics	token	selected	40	enstrophy		test_mse	44132.01184600111		1	ok
jepa_future	physics	token	selected	40	enstrophy		test_log_mse	4.644753726080797		1	ok
jepa_future	physics	token	mlp	40	pressure_gradient_magnitude		test_vrmse	0.6891735160859382		1	ok
jepa_future	physics	token	mlp	40	pressure_gradient_magnitude		test_r2	0.525039864725745		1	ok
jepa_future	physics	token	mlp	40	pressure_gradient_magnitude		test_pearson_r	0.7247291667309308		1	ok
jepa_future	physics	token	mlp	40	pressure_gradient_magnitude		test_mse	0.16214185794274533		1	ok
jepa_future	physics	token	mlp	40	pressure_gradient_magnitude		test_log_mse	-0.790104854819057		1	ok
jepa_future	physics	token	ridge	40	pressure_gradient_magnitude		test_vrmse	0.7067586211599962		1	ok
jepa_future	physics	token	ridge	40	pressure_gradient_magnitude		test_r2	0.500492251416021		1	ok
jepa_future	physics	token	ridge	40	pressure_gradient_magnitude		test_pearson_r	0.7076099102950417		1	ok
jepa_future	physics	token	ridge	40	pressure_gradient_magnitude		test_mse	0.17052192046694103		1	ok
jepa_future	physics	token	ridge	40	pressure_gradient_magnitude		test_log_mse	-0.7682197848479262		1	ok
jepa_future	physics	token	selected	40	pressure_gradient_magnitude		test_vrmse	0.6891735160859382		1	ok
jepa_future	physics	token	selected	40	pressure_gradient_magnitude		test_r2	0.525039864725745		1	ok
jepa_future	physics	token	selected	40	pressure_gradient_magnitude		test_pearson_r	0.7247291667309308		1	ok
jepa_future	physics	token	selected	40	pressure_gradient_magnitude		test_mse	0.16214185794274533		1	ok
jepa_future	physics	token	selected	40	pressure_gradient_magnitude		test_log_mse	-0.790104854819057		1	ok
jepa_future	regime	pooled	mlp	0	log10_Prandtl		test_vrmse	0.034522571625325744		1	ok
jepa_future	regime	pooled	mlp	0	log10_Prandtl		test_r2	0.9988081920483742		1	ok
jepa_future	regime	pooled	mlp	0	log10_Prandtl		test_pearson_r	0.9994141488173742		1	ok
jepa_future	regime	pooled	mlp	0	log10_Prandtl		test_mse	0.0005377362953153562		1	ok
jepa_future	regime	pooled	mlp	0	log10_Prandtl		test_log_mse	-3.2694306491780836		1	ok
jepa_future	regime	pooled	ridge	0	log10_Prandtl		test_vrmse	0.03953508968535229		1	ok
jepa_future	regime	pooled	ridge	0	log10_Prandtl		test_r2	0.9984369766835711		1	ok
jepa_future	regime	pooled	ridge	0	log10_Prandtl		test_pearson_r	0.9992209986746429		1	ok
jepa_future	regime	pooled	ridge	0	log10_Prandtl		test_mse	0.0007052263466789696		1	ok
jepa_future	regime	pooled	ridge	0	log10_Prandtl		test_log_mse	-3.1516714711833305		1	ok
jepa_future	regime	pooled	mlp	0	log10_Rayleigh		test_vrmse	0.02419093234433576		1	ok
jepa_future	regime	pooled	mlp	0	log10_Rayleigh		test_r2	0.9994147987923118		1	ok
jepa_future	regime	pooled	mlp	0	log10_Rayleigh		test_pearson_r	0.9997120660143939		1	ok
jepa_future	regime	pooled	mlp	0	log10_Rayleigh		test_mse	0.0011704024153764599		1	ok
jepa_future	regime	pooled	mlp	0	log10_Rayleigh		test_log_mse	-2.9316647906219924		1	ok
jepa_future	regime	pooled	ridge	0	log10_Rayleigh		test_vrmse	0.019957593960382623		1	ok
jepa_future	regime	pooled	ridge	0	log10_Rayleigh		test_r2	0.9996016944433125		1	ok
jepa_future	regime	pooled	ridge	0	log10_Rayleigh		test_pearson_r	0.9998034441535417		1	ok
jepa_future	regime	pooled	ridge	0	log10_Rayleigh		test_mse	0.000796611113375002		1	ok
jepa_future	regime	pooled	ridge	0	log10_Rayleigh		test_log_mse	-3.098753639122056		1	ok
mae	physics	pooled	mlp	0	buoyancy_gradient_energy		test_vrmse	0.1190339993224367		1	ok
mae	physics	pooled	mlp	0	buoyancy_gradient_energy		test_r2	0.9858309070053062		1	ok
mae	physics	pooled	mlp	0	buoyancy_gradient_energy		test_pearson_r	0.993582491800418		1	ok
mae	physics	pooled	mlp	0	buoyancy_gradient_energy		test_mse	92.8584514286222		1	ok
mae	physics	pooled	mlp	0	buoyancy_gradient_energy		test_log_mse	1.9678214367971807		1	ok
mae	physics	pooled	ridge	0	buoyancy_gradient_energy		test_vrmse	0.3116348137772044		1	ok
mae	physics	pooled	ridge	0	buoyancy_gradient_energy		test_r2	0.9028837428420471		1	ok
mae	physics	pooled	ridge	0	buoyancy_gradient_energy		test_pearson_r	0.9513539161917011		1	ok
mae	physics	pooled	ridge	0	buoyancy_gradient_energy		test_mse	636.46030494743		1	ok
mae	physics	pooled	ridge	0	buoyancy_gradient_energy		test_log_mse	2.803771322553893		1	ok
mae	physics	pooled	ridge_plus_control	0	buoyancy_gradient_energy		test_vrmse	0.3005528744397095		1	ok
mae	physics	pooled	ridge_plus_control	0	buoyancy_gradient_energy		test_r2	0.9096679696660283		1	ok
mae	physics	pooled	ridge_plus_control	0	buoyancy_gradient_energy		test_pearson_r	0.9548805307642402		1	ok
mae	physics	pooled	ridge_plus_control	0	buoyancy_gradient_energy		test_mse	591.9992517768904		1	ok
mae	physics	pooled	ridge_plus_control	0	buoyancy_gradient_energy		test_log_mse	2.7723211578219518		1	ok
mae	physics	pooled	selected	0	buoyancy_gradient_energy		test_vrmse	0.1190339993224367		1	ok
mae	physics	pooled	selected	0	buoyancy_gradient_energy		test_r2	0.9858309070053062		1	ok
mae	physics	pooled	selected	0	buoyancy_gradient_energy		test_pearson_r	0.993582491800418		1	ok
mae	physics	pooled	selected	0	buoyancy_gradient_energy		test_mse	92.8584514286222		1	ok
mae	physics	pooled	selected	0	buoyancy_gradient_energy		test_log_mse	1.9678214367971807		1	ok
mae	physics	pooled	mlp	0	buoyancy_laplacian_magnitude		test_vrmse	0.09188942046001165		1	ok
mae	physics	pooled	mlp	0	buoyancy_laplacian_magnitude		test_r2	0.9915563344075232		1	ok
mae	physics	pooled	mlp	0	buoyancy_laplacian_magnitude		test_pearson_r	0.9962651824664472		1	ok
mae	physics	pooled	mlp	0	buoyancy_laplacian_magnitude		test_mse	9085.345253585421		1	ok
mae	physics	pooled	mlp	0	buoyancy_laplacian_magnitude		test_log_mse	3.9583414356482347		1	ok
mae	physics	pooled	ridge	0	buoyancy_laplacian_magnitude		test_vrmse	0.24672639620307554		1	ok
mae	physics	pooled	ridge	0	buoyancy_laplacian_magnitude		test_r2	0.939126085416643		1	ok
mae	physics	pooled	ridge	0	buoyancy_laplacian_magnitude		test_pearson_r	0.9695720871116333		1	ok
mae	physics	pooled	ridge	0	buoyancy_laplacian_magnitude		test_mse	65500.05147288595		1	ok
mae	physics	pooled	ridge	0	buoyancy_laplacian_magnitude		test_log_mse	4.816241641280051		1	ok
mae	physics	pooled	ridge_plus_control	0	buoyancy_laplacian_magnitude		test_vrmse	0.23386701056683595		1	ok
mae	physics	pooled	ridge_plus_control	0	buoyancy_laplacian_magnitude		test_r2	0.9453062213685315		1	ok
mae	physics	pooled	ridge_plus_control	0	buoyancy_laplacian_magnitude		test_pearson_r	0.9727256296158502		1	ok
mae	physics	pooled	ridge_plus_control	0	buoyancy_laplacian_magnitude		test_mse	58850.25367807157		1	ok
mae	physics	pooled	ridge_plus_control	0	buoyancy_laplacian_magnitude		test_log_mse	4.769748339239763		1	ok
mae	physics	pooled	selected	0	buoyancy_laplacian_magnitude		test_vrmse	0.09188942046001165		1	ok
mae	physics	pooled	selected	0	buoyancy_laplacian_magnitude		test_r2	0.9915563344075232		1	ok
mae	physics	pooled	selected	0	buoyancy_laplacian_magnitude		test_pearson_r	0.9962651824664472		1	ok
mae	physics	pooled	selected	0	buoyancy_laplacian_magnitude		test_mse	9085.345253585421		1	ok
mae	physics	pooled	selected	0	buoyancy_laplacian_magnitude		test_log_mse	3.9583414356482347		1	ok
mae	physics	pooled	mlp	0	convective_flux		test_vrmse	0.11790256975296079		1	ok
mae	physics	pooled	mlp	0	convective_flux		test_r2	0.9860989840456482		1	ok
mae	physics	pooled	mlp	0	convective_flux		test_pearson_r	0.993116691330146		1	ok
mae	physics	pooled	mlp	0	convective_flux		test_mse	2.4803341794393705e-07		1	ok
mae	physics	pooled	mlp	0	convective_flux		test_log_mse	-6.605489802033021		1	ok
mae	physics	pooled	ridge	0	convective_flux		test_vrmse	0.1346387416312357		1	ok
mae	physics	pooled	ridge	0	convective_flux		test_r2	0.9818724092519574		1	ok
mae	physics	pooled	ridge	0	convective_flux		test_pearson_r	0.9909160319204245		1	ok
mae	physics	pooled	ridge	0	convective_flux		test_mse	3.234474593145355e-07		1	ok
mae	physics	pooled	ridge	0	convective_flux		test_log_mse	-6.490196255900865		1	ok
mae	physics	pooled	ridge_plus_control	0	convective_flux		test_vrmse	0.13343509883895707		1	ok
mae	physics	pooled	ridge_plus_control	0	convective_flux		test_r2	0.9821950743978377		1	ok
mae	physics	pooled	ridge_plus_control	0	convective_flux		test_pearson_r	0.991078869015668		1	ok
mae	physics	pooled	ridge_plus_control	0	convective_flux		test_mse	3.1769020105032627e-07		1	ok
mae	physics	pooled	ridge_plus_control	0	convective_flux		test_log_mse	-6.497996180499897		1	ok
mae	physics	pooled	selected	0	convective_flux		test_vrmse	0.11790256975296079		1	ok
mae	physics	pooled	selected	0	convective_flux		test_r2	0.9860989840456482		1	ok
mae	physics	pooled	selected	0	convective_flux		test_pearson_r	0.993116691330146		1	ok
mae	physics	pooled	selected	0	convective_flux		test_mse	2.4803341794393705e-07		1	ok
mae	physics	pooled	selected	0	convective_flux		test_log_mse	-6.605489802033021		1	ok
mae	physics	pooled	mlp	0	enstrophy		test_vrmse	0.06275955756659447		1	ok
mae	physics	pooled	mlp	0	enstrophy		test_r2	0.9960612379340453		1	ok
mae	physics	pooled	mlp	0	enstrophy		test_pearson_r	0.9980993730766717		1	ok
mae	physics	pooled	mlp	0	enstrophy		test_mse	6.551360329254495		1	ok
mae	physics	pooled	mlp	0	enstrophy		test_log_mse	0.8163314865794464		1	ok
mae	physics	pooled	ridge	0	enstrophy		test_vrmse	0.11616601146848245		1	ok
mae	physics	pooled	ridge	0	enstrophy		test_r2	0.9865054577795044		1	ok
mae	physics	pooled	ridge	0	enstrophy		test_pearson_r	0.9933318892491567		1	ok
mae	physics	pooled	ridge	0	enstrophy		test_mse	22.445531637711724		1	ok
mae	physics	pooled	ridge	0	enstrophy		test_log_mse	1.3511298964202374		1	ok
mae	physics	pooled	ridge_plus_control	0	enstrophy		test_vrmse	0.10658678290829877		1	ok
mae	physics	pooled	ridge_plus_control	0	enstrophy		test_r2	0.9886392577092592		1	ok
mae	physics	pooled	ridge_plus_control	0	enstrophy		test_pearson_r	0.9944143282810664		1	ok
mae	physics	pooled	ridge_plus_control	0	enstrophy		test_mse	18.896372796360595		1	ok
mae	physics	pooled	ridge_plus_control	0	enstrophy		test_log_mse	1.276378448315863		1	ok
mae	physics	pooled	selected	0	enstrophy		test_vrmse	0.06275955756659447		1	ok
mae	physics	pooled	selected	0	enstrophy		test_r2	0.9960612379340453		1	ok
mae	physics	pooled	selected	0	enstrophy		test_pearson_r	0.9980993730766717		1	ok
mae	physics	pooled	selected	0	enstrophy		test_mse	6.551360329254495		1	ok
mae	physics	pooled	selected	0	enstrophy		test_log_mse	0.8163314865794464		1	ok
mae	physics	pooled	mlp	0	pressure_gradient_magnitude		test_vrmse	0.028593415727206386		1	ok
mae	physics	pooled	mlp	0	pressure_gradient_magnitude		test_r2	0.9991824165770511		1	ok
mae	physics	pooled	mlp	0	pressure_gradient_magnitude		test_pearson_r	0.9995923734838265		1	ok
mae	physics	pooled	mlp	0	pressure_gradient_magnitude		test_mse	8.546208230188127e-05		1	ok
mae	physics	pooled	mlp	0	pressure_gradient_magnitude		test_log_mse	-4.068226529712136		1	ok
mae	physics	pooled	ridge	0	pressure_gradient_magnitude		test_vrmse	0.037712410922781096		1	ok
mae	physics	pooled	ridge	0	pressure_gradient_magnitude		test_r2	0.9985777740623913		1	ok
mae	physics	pooled	ridge	0	pressure_gradient_magnitude		test_pearson_r	0.9992891731470126		1	ok
mae	physics	pooled	ridge	0	pressure_gradient_magnitude		test_mse	0.0001486654287747082		1	ok
mae	physics	pooled	ridge	0	pressure_gradient_magnitude		test_log_mse	-3.8277900122309623		1	ok
mae	physics	pooled	ridge_plus_control	0	pressure_gradient_magnitude		test_vrmse	0.037597180604741105		1	ok
mae	physics	pooled	ridge_plus_control	0	pressure_gradient_magnitude		test_r2	0.9985864520105745		1	ok
mae	physics	pooled	ridge_plus_control	0	pressure_gradient_magnitude		test_pearson_r	0.9992932659071289		1	ok
mae	physics	pooled	ridge_plus_control	0	pressure_gradient_magnitude		test_mse	0.00014775832192661758		1	ok
mae	physics	pooled	ridge_plus_control	0	pressure_gradient_magnitude		test_log_mse	-3.8304480497696862		1	ok
mae	physics	pooled	selected	0	pressure_gradient_magnitude		test_vrmse	0.028593415727206386		1	ok
mae	physics	pooled	selected	0	pressure_gradient_magnitude		test_r2	0.9991824165770511		1	ok
mae	physics	pooled	selected	0	pressure_gradient_magnitude		test_pearson_r	0.9995923734838265		1	ok
mae	physics	pooled	selected	0	pressure_gradient_magnitude		test_mse	8.546208230188127e-05		1	ok
mae	physics	pooled	selected	0	pressure_gradient_magnitude		test_log_mse	-4.068226529712136		1	ok
mae	physics	pooled	mlp	16	buoyancy_gradient_energy		test_vrmse	0.17272486899460776		1	ok
mae	physics	pooled	mlp	16	buoyancy_gradient_energy		test_r2	0.9701661196307956		1	ok
mae	physics	pooled	mlp	16	buoyancy_gradient_energy		test_pearson_r	0.9861884141894091		1	ok
mae	physics	pooled	mlp	16	buoyancy_gradient_energy		test_mse	88.22340008655677		1	ok
mae	physics	pooled	mlp	16	buoyancy_gradient_energy		test_log_mse	1.945583791261191		1	ok
mae	physics	pooled	ridge	16	buoyancy_gradient_energy		test_vrmse	0.22299658750708307		1	ok
mae	physics	pooled	ridge	16	buoyancy_gradient_energy		test_r2	0.9502725219601958		1	ok
mae	physics	pooled	ridge	16	buoyancy_gradient_energy		test_pearson_r	0.9760129726479455		1	ok
mae	physics	pooled	ridge	16	buoyancy_gradient_energy		test_mse	147.05184629384163		1	ok
mae	physics	pooled	ridge	16	buoyancy_gradient_energy		test_log_mse	2.1674704816155717		1	ok
mae	physics	pooled	ridge_plus_control	16	buoyancy_gradient_energy		test_vrmse	0.20783394620253706		1	ok
mae	physics	pooled	ridge_plus_control	16	buoyancy_gradient_energy		test_r2	0.956805050805881		1	ok
mae	physics	pooled	ridge_plus_control	16	buoyancy_gradient_energy		test_pearson_r	0.9791798385417333		1	ok
mae	physics	pooled	ridge_plus_control	16	buoyancy_gradient_energy		test_mse	127.73414779811569		1	ok
mae	physics	pooled	ridge_plus_control	16	buoyancy_gradient_energy		test_log_mse	2.1063070148655996		1	ok
mae	physics	pooled	selected	16	buoyancy_gradient_energy		test_vrmse	0.17272486899460776		1	ok
mae	physics	pooled	selected	16	buoyancy_gradient_energy		test_r2	0.9701661196307956		1	ok
mae	physics	pooled	selected	16	buoyancy_gradient_energy		test_pearson_r	0.9861884141894091		1	ok
mae	physics	pooled	selected	16	buoyancy_gradient_energy		test_mse	88.22340008655677		1	ok
mae	physics	pooled	selected	16	buoyancy_gradient_energy		test_log_mse	1.945583791261191		1	ok
mae	physics	pooled	mlp	16	buoyancy_laplacian_magnitude		test_vrmse	0.14528621658074098		1	ok
mae	physics	pooled	mlp	16	buoyancy_laplacian_magnitude		test_r2	0.978891915271654		1	ok
mae	physics	pooled	mlp	16	buoyancy_laplacian_magnitude		test_pearson_r	0.9898603847071118		1	ok
mae	physics	pooled	mlp	16	buoyancy_laplacian_magnitude		test_mse	9750.787180305073		1	ok
mae	physics	pooled	mlp	16	buoyancy_laplacian_magnitude		test_log_mse	3.989039677674218		1	ok
mae	physics	pooled	ridge	16	buoyancy_laplacian_magnitude		test_vrmse	0.2314472258390378		1	ok
mae	physics	pooled	ridge	16	buoyancy_laplacian_magnitude		test_r2	0.9464321816514134		1	ok
mae	physics	pooled	ridge	16	buoyancy_laplacian_magnitude		test_pearson_r	0.9735063097949087		1	ok
mae	physics	pooled	ridge	16	buoyancy_laplacian_magnitude		test_mse	24745.41878870117		1	ok
mae	physics	pooled	ridge	16	buoyancy_laplacian_magnitude		test_log_mse	4.39349480816063		1	ok
mae	physics	pooled	ridge_plus_control	16	buoyancy_laplacian_magnitude		test_vrmse	0.21798616130498266		1	ok
mae	physics	pooled	ridge_plus_control	16	buoyancy_laplacian_magnitude		test_r2	0.9524820334795181		1	ok
mae	physics	pooled	ridge_plus_control	16	buoyancy_laplacian_magnitude		test_pearson_r	0.9765730439742057		1	ok
mae	physics	pooled	ridge_plus_control	16	buoyancy_laplacian_magnitude		test_mse	21950.716265595915		1	ok
mae	physics	pooled	ridge_plus_control	16	buoyancy_laplacian_magnitude		test_log_mse	4.341448696109831		1	ok
mae	physics	pooled	selected	16	buoyancy_laplacian_magnitude		test_vrmse	0.14528621658074098		1	ok
mae	physics	pooled	selected	16	buoyancy_laplacian_magnitude		test_r2	0.978891915271654		1	ok
mae	physics	pooled	selected	16	buoyancy_laplacian_magnitude		test_pearson_r	0.9898603847071118		1	ok
mae	physics	pooled	selected	16	buoyancy_laplacian_magnitude		test_mse	9750.787180305073		1	ok
mae	physics	pooled	selected	16	buoyancy_laplacian_magnitude		test_log_mse	3.989039677674218		1	ok
mae	physics	pooled	mlp	16	convective_flux		test_vrmse	0.2157964676494674		1	ok
mae	physics	pooled	mlp	16	convective_flux		test_r2	0.9534318845500124		1	ok
mae	physics	pooled	mlp	16	convective_flux		test_pearson_r	0.9765245068395279		1	ok
mae	physics	pooled	mlp	16	convective_flux		test_mse	7.806938813899843e-07		1	ok
mae	physics	pooled	mlp	16	convective_flux		test_log_mse	-6.10751922436143		1	ok
mae	physics	pooled	ridge	16	convective_flux		test_vrmse	0.23274258525427044		1	ok
mae	physics	pooled	ridge	16	convective_flux		test_r2	0.9458308890091587		1	ok
mae	physics	pooled	ridge	16	convective_flux		test_pearson_r	0.9727391991929027		1	ok
mae	physics	pooled	ridge	16	convective_flux		test_mse	9.081212134577806e-07		1	ok
mae	physics	pooled	ridge	16	convective_flux		test_log_mse	-6.0418561792075325		1	ok
mae	physics	pooled	ridge_plus_control	16	convective_flux		test_vrmse	0.22623747224402735		1	ok
mae	physics	pooled	ridge_plus_control	16	convective_flux		test_r2	0.948816606152633		1	ok
mae	physics	pooled	ridge_plus_control	16	convective_flux		test_pearson_r	0.9742484885750577		1	ok
mae	physics	pooled	ridge_plus_control	16	convective_flux		test_mse	8.580669846587883e-07		1	ok
mae	physics	pooled	ridge_plus_control	16	convective_flux		test_log_mse	-6.066478807801454		1	ok
mae	physics	pooled	selected	16	convective_flux		test_vrmse	0.2157964676494674		1	ok
mae	physics	pooled	selected	16	convective_flux		test_r2	0.9534318845500124		1	ok
mae	physics	pooled	selected	16	convective_flux		test_pearson_r	0.9765245068395279		1	ok
mae	physics	pooled	selected	16	convective_flux		test_mse	7.806938813899843e-07		1	ok
mae	physics	pooled	selected	16	convective_flux		test_log_mse	-6.10751922436143		1	ok
mae	physics	pooled	mlp	16	enstrophy		test_vrmse	0.13734829971189974		1	ok
mae	physics	pooled	mlp	16	enstrophy		test_r2	0.9811354445662501		1	ok
mae	physics	pooled	mlp	16	enstrophy		test_pearson_r	0.9906508738558283		1	ok
mae	physics	pooled	mlp	16	enstrophy		test_mse	32.94257703873149		1	ok
mae	physics	pooled	mlp	16	enstrophy		test_log_mse	1.5177575702412442		1	ok
mae	physics	pooled	ridge	16	enstrophy		test_vrmse	0.1593349864903097		1	ok
mae	physics	pooled	ridge	16	enstrophy		test_r2	0.9746123620801328		1	ok
mae	physics	pooled	ridge	16	enstrophy		test_pearson_r	0.9872742168517452		1	ok
mae	physics	pooled	ridge	16	enstrophy		test_mse	44.33362985646577		1	ok
mae	physics	pooled	ridge	16	enstrophy		test_log_mse	1.6467332910127506		1	ok
mae	physics	pooled	ridge_plus_control	16	enstrophy		test_vrmse	0.1577807409768324		1	ok
mae	physics	pooled	ridge_plus_control	16	enstrophy		test_r2	0.9751052377768017		1	ok
mae	physics	pooled	ridge_plus_control	16	enstrophy		test_pearson_r	0.987526676222944		1	ok
mae	physics	pooled	ridge_plus_control	16	enstrophy		test_mse	43.47293660212141		1	ok
mae	physics	pooled	ridge_plus_control	16	enstrophy		test_log_mse	1.638218977826468		1	ok
mae	physics	pooled	selected	16	enstrophy		test_vrmse	0.13734829971189974		1	ok
mae	physics	pooled	selected	16	enstrophy		test_r2	0.9811354445662501		1	ok
mae	physics	pooled	selected	16	enstrophy		test_pearson_r	0.9906508738558283		1	ok
mae	physics	pooled	selected	16	enstrophy		test_mse	32.94257703873149		1	ok
mae	physics	pooled	selected	16	enstrophy		test_log_mse	1.5177575702412442		1	ok
mae	physics	pooled	mlp	16	pressure_gradient_magnitude		test_vrmse	0.07081345855536077		1	ok
mae	physics	pooled	mlp	16	pressure_gradient_magnitude		test_r2	0.9949854540874282		1	ok
mae	physics	pooled	mlp	16	pressure_gradient_magnitude		test_pearson_r	0.997517653142069		1	ok
mae	physics	pooled	mlp	16	pressure_gradient_magnitude		test_mse	0.000594243313401697		1	ok
mae	physics	pooled	mlp	16	pressure_gradient_magnitude		test_log_mse	-3.2260356963798977		1	ok
mae	physics	pooled	ridge	16	pressure_gradient_magnitude		test_vrmse	0.07604354091923081		1	ok
mae	physics	pooled	ridge	16	pressure_gradient_magnitude		test_r2	0.9942173798844652		1	ok
mae	physics	pooled	ridge	16	pressure_gradient_magnitude		test_pearson_r	0.9971368401888493		1	ok
mae	physics	pooled	ridge	16	pressure_gradient_magnitude		test_mse	0.0006852631120564024		1	ok
mae	physics	pooled	ridge	16	pressure_gradient_magnitude		test_log_mse	-3.1641426457713004		1	ok
mae	physics	pooled	ridge_plus_control	16	pressure_gradient_magnitude		test_vrmse	0.0750730352756509		1	ok
mae	physics	pooled	ridge_plus_control	16	pressure_gradient_magnitude		test_r2	0.9943640393745009		1	ok
mae	physics	pooled	ridge_plus_control	16	pressure_gradient_magnitude		test_pearson_r	0.9972032689599717		1	ok
mae	physics	pooled	ridge_plus_control	16	pressure_gradient_magnitude		test_mse	0.0006678833885839208		1	ok
mae	physics	pooled	ridge_plus_control	16	pressure_gradient_magnitude		test_log_mse	-3.175299358056533		1	ok
mae	physics	pooled	selected	16	pressure_gradient_magnitude		test_vrmse	0.07081345855536077		1	ok
mae	physics	pooled	selected	16	pressure_gradient_magnitude		test_r2	0.9949854540874282		1	ok
mae	physics	pooled	selected	16	pressure_gradient_magnitude		test_pearson_r	0.997517653142069		1	ok
mae	physics	pooled	selected	16	pressure_gradient_magnitude		test_mse	0.000594243313401697		1	ok
mae	physics	pooled	selected	16	pressure_gradient_magnitude		test_log_mse	-3.2260356963798977		1	ok
mae	physics	pooled	mlp	40	buoyancy_gradient_energy		test_vrmse	0.6087965673380404		1	ok
mae	physics	pooled	mlp	40	buoyancy_gradient_energy		test_r2	0.6293667395974187		1	ok
mae	physics	pooled	mlp	40	buoyancy_gradient_energy		test_pearson_r	0.7935623386740565		1	ok
mae	physics	pooled	mlp	40	buoyancy_gradient_energy		test_mse	1088.481664787668		1	ok
mae	physics	pooled	mlp	40	buoyancy_gradient_energy		test_log_mse	3.0368211178524405		1	ok
mae	physics	pooled	ridge	40	buoyancy_gradient_energy		test_vrmse	0.612790365041623		1	ok
mae	physics	pooled	ridge	40	buoyancy_gradient_energy		test_r2	0.6244879685121545		1	ok
mae	physics	pooled	ridge	40	buoyancy_gradient_energy		test_pearson_r	0.7904362668986697		1	ok
mae	physics	pooled	ridge	40	buoyancy_gradient_energy		test_mse	1102.8097174487764		1	ok
mae	physics	pooled	ridge	40	buoyancy_gradient_energy		test_log_mse	3.0425005842525503		1	ok
mae	physics	pooled	ridge_plus_control	40	buoyancy_gradient_energy		test_vrmse	0.2529621328289385		1	ok
mae	physics	pooled	ridge_plus_control	40	buoyancy_gradient_energy		test_r2	0.9360101593546345		1	ok
mae	physics	pooled	ridge_plus_control	40	buoyancy_gradient_energy		test_pearson_r	0.9677192406443058		1	ok
mae	physics	pooled	ridge_plus_control	40	buoyancy_gradient_energy		test_mse	187.9263836157322		1	ok
mae	physics	pooled	ridge_plus_control	40	buoyancy_gradient_energy		test_log_mse	2.273987756440897		1	ok
mae	physics	pooled	selected	40	buoyancy_gradient_energy		test_vrmse	0.6087965673380404		1	ok
mae	physics	pooled	selected	40	buoyancy_gradient_energy		test_r2	0.6293667395974187		1	ok
mae	physics	pooled	selected	40	buoyancy_gradient_energy		test_pearson_r	0.7935623386740565		1	ok
mae	physics	pooled	selected	40	buoyancy_gradient_energy		test_mse	1088.481664787668		1	ok
mae	physics	pooled	selected	40	buoyancy_gradient_energy		test_log_mse	3.0368211178524405		1	ok
mae	physics	pooled	mlp	40	buoyancy_laplacian_magnitude		test_vrmse	0.66573314928383		1	ok
mae	physics	pooled	mlp	40	buoyancy_laplacian_magnitude		test_r2	0.5567993739446337		1	ok
mae	physics	pooled	mlp	40	buoyancy_laplacian_magnitude		test_pearson_r	0.7462342146018829		1	ok
mae	physics	pooled	mlp	40	buoyancy_laplacian_magnitude		test_mse	194969.14868111594		1	ok
mae	physics	pooled	mlp	40	buoyancy_laplacian_magnitude		test_log_mse	5.289965895374989		1	ok
mae	physics	pooled	ridge	40	buoyancy_laplacian_magnitude		test_vrmse	0.6712375155909623		1	ok
mae	physics	pooled	ridge	40	buoyancy_laplacian_magnitude		test_r2	0.5494401976632726		1	ok
mae	physics	pooled	ridge	40	buoyancy_laplacian_magnitude		test_pearson_r	0.7414750655772921		1	ok
mae	physics	pooled	ridge	40	buoyancy_laplacian_magnitude		test_mse	198206.53655969715		1	ok
mae	physics	pooled	ridge	40	buoyancy_laplacian_magnitude		test_log_mse	5.297117972777899		1	ok
mae	physics	pooled	ridge_plus_control	40	buoyancy_laplacian_magnitude		test_vrmse	0.25739153840197226		1	ok
mae	physics	pooled	ridge_plus_control	40	buoyancy_laplacian_magnitude		test_r2	0.933749595959066		1	ok
mae	physics	pooled	ridge_plus_control	40	buoyancy_laplacian_magnitude		test_pearson_r	0.9665210527716881		1	ok
mae	physics	pooled	ridge_plus_control	40	buoyancy_laplacian_magnitude		test_mse	29144.329038080483		1	ok
mae	physics	pooled	ridge_plus_control	40	buoyancy_laplacian_magnitude		test_log_mse	4.464554061425461		1	ok
mae	physics	pooled	selected	40	buoyancy_laplacian_magnitude		test_vrmse	0.66573314928383		1	ok
mae	physics	pooled	selected	40	buoyancy_laplacian_magnitude		test_r2	0.5567993739446337		1	ok
mae	physics	pooled	selected	40	buoyancy_laplacian_magnitude		test_pearson_r	0.7462342146018829		1	ok
mae	physics	pooled	selected	40	buoyancy_laplacian_magnitude		test_mse	194969.14868111594		1	ok
mae	physics	pooled	selected	40	buoyancy_laplacian_magnitude		test_log_mse	5.289965895374989		1	ok
mae	physics	pooled	mlp	40	convective_flux		test_vrmse	0.37505592808316607		1	ok
mae	physics	pooled	mlp	40	convective_flux		test_r2	0.8593330508096749		1	ok
mae	physics	pooled	mlp	40	convective_flux		test_pearson_r	0.9273500098669324		1	ok
mae	physics	pooled	mlp	40	convective_flux		test_mse	2.4191471611520654e-06		1	ok
mae	physics	pooled	mlp	40	convective_flux		test_log_mse	-5.616337711905862		1	ok
mae	physics	pooled	ridge	40	convective_flux		test_vrmse	0.39073690751929724		1	ok
mae	physics	pooled	ridge	40	convective_flux		test_r2	0.8473246691022562		1	ok
mae	physics	pooled	ridge	40	convective_flux		test_pearson_r	0.9209795695174539		1	ok
mae	physics	pooled	ridge	40	convective_flux		test_mse	2.625663636306632e-06		1	ok
mae	physics	pooled	ridge	40	convective_flux		test_log_mse	-5.58076091048282		1	ok
mae	physics	pooled	ridge_plus_control	40	convective_flux		test_vrmse	0.2904016157312292		1	ok
mae	physics	pooled	ridge_plus_control	40	convective_flux		test_r2	0.9156669015806915		1	ok
mae	physics	pooled	ridge_plus_control	40	convective_flux		test_pearson_r	0.9573456477254819		1	ok
mae	physics	pooled	ridge_plus_control	40	convective_flux		test_mse	1.4503348285189068e-06		1	ok
mae	physics	pooled	ridge_plus_control	40	convective_flux		test_log_mse	-5.838531723701934		1	ok
mae	physics	pooled	selected	40	convective_flux		test_vrmse	0.37505592808316607		1	ok
mae	physics	pooled	selected	40	convective_flux		test_r2	0.8593330508096749		1	ok
mae	physics	pooled	selected	40	convective_flux		test_pearson_r	0.9273500098669324		1	ok
mae	physics	pooled	selected	40	convective_flux		test_mse	2.4191471611520654e-06		1	ok
mae	physics	pooled	selected	40	convective_flux		test_log_mse	-5.616337711905862		1	ok
mae	physics	pooled	mlp	40	enstrophy		test_vrmse	0.2280011412939805		1	ok
mae	physics	pooled	mlp	40	enstrophy		test_r2	0.9480154795686423		1	ok
mae	physics	pooled	mlp	40	enstrophy		test_pearson_r	0.9737208543416693		1	ok
mae	physics	pooled	mlp	40	enstrophy		test_mse	106.79679775499501		1	ok
mae	physics	pooled	mlp	40	enstrophy		test_log_mse	2.0285582307994185		1	ok
mae	physics	pooled	ridge	40	enstrophy		test_vrmse	0.24188092042896037		1	ok
mae	physics	pooled	ridge	40	enstrophy		test_r2	0.9414936203324389		1	ok
mae	physics	pooled	ridge	40	enstrophy		test_pearson_r	0.970387239765201		1	ok
mae	physics	pooled	ridge	40	enstrophy		test_mse	120.19528015044318		1	ok
mae	physics	pooled	ridge	40	enstrophy		test_log_mse	2.0798874140488883		1	ok
mae	physics	pooled	ridge_plus_control	40	enstrophy		test_vrmse	0.18020185000413408		1	ok
mae	physics	pooled	ridge_plus_control	40	enstrophy		test_r2	0.9675272932550876		1	ok
mae	physics	pooled	ridge_plus_control	40	enstrophy		test_pearson_r	0.983716944313574		1	ok
mae	physics	pooled	ridge_plus_control	40	enstrophy		test_mse	66.71180316788592		1	ok
mae	physics	pooled	ridge_plus_control	40	enstrophy		test_log_mse	1.824202679451554		1	ok
mae	physics	pooled	selected	40	enstrophy		test_vrmse	0.2280011412939805		1	ok
mae	physics	pooled	selected	40	enstrophy		test_r2	0.9480154795686423		1	ok
mae	physics	pooled	selected	40	enstrophy		test_pearson_r	0.9737208543416693		1	ok
mae	physics	pooled	selected	40	enstrophy		test_mse	106.79679775499501		1	ok
mae	physics	pooled	selected	40	enstrophy		test_log_mse	2.0285582307994185		1	ok
mae	physics	pooled	mlp	40	pressure_gradient_magnitude		test_vrmse	0.10308911469772758		1	ok
mae	physics	pooled	mlp	40	pressure_gradient_magnitude		test_r2	0.9893726344308388		1	ok
mae	physics	pooled	mlp	40	pressure_gradient_magnitude		test_pearson_r	0.9947028399193468		1	ok
mae	physics	pooled	mlp	40	pressure_gradient_magnitude		test_mse	0.0015803479999900213		1	ok
mae	physics	pooled	mlp	40	pressure_gradient_magnitude		test_log_mse	-2.801247268846913		1	ok
mae	physics	pooled	ridge	40	pressure_gradient_magnitude		test_vrmse	0.11395344361444876		1	ok
mae	physics	pooled	ridge	40	pressure_gradient_magnitude		test_r2	0.9870146126884086		1	ok
mae	physics	pooled	ridge	40	pressure_gradient_magnitude		test_pearson_r	0.9935037889677317		1	ok
mae	physics	pooled	ridge	40	pressure_gradient_magnitude		test_mse	0.001930998866409453		1	ok
mae	physics	pooled	ridge	40	pressure_gradient_magnitude		test_log_mse	-2.71421798117258		1	ok
mae	physics	pooled	ridge_plus_control	40	pressure_gradient_magnitude		test_vrmse	0.10298546788737103		1	ok
mae	physics	pooled	ridge_plus_control	40	pressure_gradient_magnitude		test_r2	0.9893939934040192		1	ok
mae	physics	pooled	ridge_plus_control	40	pressure_gradient_magnitude		test_pearson_r	0.9946977962643536		1	ok
mae	physics	pooled	ridge_plus_control	40	pressure_gradient_magnitude		test_mse	0.0015771718026221994		1	ok
mae	physics	pooled	ridge_plus_control	40	pressure_gradient_magnitude		test_log_mse	-2.8021209960389943		1	ok
mae	physics	pooled	selected	40	pressure_gradient_magnitude		test_vrmse	0.10308911469772758		1	ok
mae	physics	pooled	selected	40	pressure_gradient_magnitude		test_r2	0.9893726344308388		1	ok
mae	physics	pooled	selected	40	pressure_gradient_magnitude		test_pearson_r	0.9947028399193468		1	ok
mae	physics	pooled	selected	40	pressure_gradient_magnitude		test_mse	0.0015803479999900213		1	ok
mae	physics	pooled	selected	40	pressure_gradient_magnitude		test_log_mse	-2.801247268846913		1	ok
mae	physics	token	mlp	0	buoyancy_gradient_energy		test_vrmse	0.1819096562269619		1	ok
mae	physics	token	mlp	0	buoyancy_gradient_energy		test_r2	0.9669088769713885		1	ok
mae	physics	token	mlp	0	buoyancy_gradient_energy		test_pearson_r	0.9838190414006046		1	ok
mae	physics	token	mlp	0	buoyancy_gradient_energy		test_mse	4936.754008524465		1	ok
mae	physics	token	mlp	0	buoyancy_gradient_energy		test_log_mse	3.693441487478385		1	ok
mae	physics	token	ridge	0	buoyancy_gradient_energy		test_vrmse	0.4084429874043197		1	ok
mae	physics	token	ridge	0	buoyancy_gradient_energy		test_r2	0.8331743260402347		1	ok
mae	physics	token	ridge	0	buoyancy_gradient_energy		test_pearson_r	0.9168235414811294		1	ok
mae	physics	token	ridge	0	buoyancy_gradient_energy		test_mse	24888.164536863263		1	ok
mae	physics	token	ridge	0	buoyancy_gradient_energy		test_log_mse	4.395992869252028		1	ok
mae	physics	token	selected	0	buoyancy_gradient_energy		test_vrmse	0.1819096562269619		1	ok
mae	physics	token	selected	0	buoyancy_gradient_energy		test_r2	0.9669088769713885		1	ok
mae	physics	token	selected	0	buoyancy_gradient_energy		test_pearson_r	0.9838190414006046		1	ok
mae	physics	token	selected	0	buoyancy_gradient_energy		test_mse	4936.754008524465		1	ok
mae	physics	token	selected	0	buoyancy_gradient_energy		test_log_mse	3.693441487478385		1	ok
mae	physics	token	mlp	0	buoyancy_laplacian_magnitude		test_vrmse	0.2919925576078423		1	ok
mae	physics	token	mlp	0	buoyancy_laplacian_magnitude		test_r2	0.9147403463016309		1	ok
mae	physics	token	mlp	0	buoyancy_laplacian_magnitude		test_pearson_r	0.9581837519908952		1	ok
mae	physics	token	mlp	0	buoyancy_laplacian_magnitude		test_mse	416220.47041233163		1	ok
mae	physics	token	mlp	0	buoyancy_laplacian_magnitude		test_log_mse	5.619323435723031		1	ok
mae	physics	token	ridge	0	buoyancy_laplacian_magnitude		test_vrmse	0.57623422567163		1	ok
mae	physics	token	ridge	0	buoyancy_laplacian_magnitude		test_r2	0.6679541171646171		1	ok
mae	physics	token	ridge	0	buoyancy_laplacian_magnitude		test_pearson_r	0.8173351690721561		1	ok
mae	physics	token	ridge	0	buoyancy_laplacian_magnitude		test_mse	1620981.1740633976		1	ok
mae	physics	token	ridge	0	buoyancy_laplacian_magnitude		test_log_mse	6.209777971018866		1	ok
mae	physics	token	selected	0	buoyancy_laplacian_magnitude		test_vrmse	0.2919925576078423		1	ok
mae	physics	token	selected	0	buoyancy_laplacian_magnitude		test_r2	0.9147403463016309		1	ok
mae	physics	token	selected	0	buoyancy_laplacian_magnitude		test_pearson_r	0.9581837519908952		1	ok
mae	physics	token	selected	0	buoyancy_laplacian_magnitude		test_mse	416220.47041233163		1	ok
mae	physics	token	selected	0	buoyancy_laplacian_magnitude		test_log_mse	5.619323435723031		1	ok
mae	physics	token	mlp	0	convective_flux		test_vrmse	0.04728162129497394		1	ok
mae	physics	token	mlp	0	convective_flux		test_r2	0.9977644482877187		1	ok
mae	physics	token	mlp	0	convective_flux		test_pearson_r	0.9988833001352666		1	ok
mae	physics	token	mlp	0	convective_flux		test_mse	1.1672737309391619e-05		1	ok
mae	physics	token	mlp	0	convective_flux		test_log_mse	-4.932827288002285		1	ok
mae	physics	token	ridge	0	convective_flux		test_vrmse	0.15456178786244087		1	ok
mae	physics	token	ridge	0	convective_flux		test_r2	0.9761106537327658		1	ok
mae	physics	token	ridge	0	convective_flux		test_pearson_r	0.9886353812231021		1	ok
mae	physics	token	ridge	0	convective_flux		test_mse	0.00012473612752440206		1	ok
mae	physics	token	ridge	0	convective_flux		test_log_mse	-3.904007742895831		1	ok
mae	physics	token	selected	0	convective_flux		test_vrmse	0.04728162129497394		1	ok
mae	physics	token	selected	0	convective_flux		test_r2	0.9977644482877187		1	ok
mae	physics	token	selected	0	convective_flux		test_pearson_r	0.9988833001352666		1	ok
mae	physics	token	selected	0	convective_flux		test_mse	1.1672737309391619e-05		1	ok
mae	physics	token	selected	0	convective_flux		test_log_mse	-4.932827288002285		1	ok
mae	physics	token	mlp	0	enstrophy		test_vrmse	0.21513139651591448		1	ok
mae	physics	token	mlp	0	enstrophy		test_r2	0.9537184822331124		1	ok
mae	physics	token	mlp	0	enstrophy		test_pearson_r	0.9777450820226468		1	ok
mae	physics	token	mlp	0	enstrophy		test_mse	3250.511017614786		1	ok
mae	physics	token	mlp	0	enstrophy		test_log_mse	3.511951642420168		1	ok
mae	physics	token	ridge	0	enstrophy		test_vrmse	0.7224670452808973		1	ok
mae	physics	token	ridge	0	enstrophy		test_r2	0.47804136848308987		1	ok
mae	physics	token	ridge	0	enstrophy		test_pearson_r	0.6952340307852783		1	ok
mae	physics	token	ridge	0	enstrophy		test_mse	36658.959436691555		1	ok
mae	physics	token	ridge	0	enstrophy		test_log_mse	4.564180133367152		1	ok
mae	physics	token	selected	0	enstrophy		test_vrmse	0.21513139651591448		1	ok
mae	physics	token	selected	0	enstrophy		test_r2	0.9537184822331124		1	ok
mae	physics	token	selected	0	enstrophy		test_pearson_r	0.9777450820226468		1	ok
mae	physics	token	selected	0	enstrophy		test_mse	3250.511017614786		1	ok
mae	physics	token	selected	0	enstrophy		test_log_mse	3.511951642420168		1	ok
mae	physics	token	mlp	0	pressure_gradient_magnitude		test_vrmse	0.19025278830871867		1	ok
mae	physics	token	mlp	0	pressure_gradient_magnitude		test_r2	0.9638038765407578		1	ok
mae	physics	token	mlp	0	pressure_gradient_magnitude		test_pearson_r	0.981841512012423		1	ok
mae	physics	token	mlp	0	pressure_gradient_magnitude		test_mse	0.008692633901368157		1	ok
mae	physics	token	mlp	0	pressure_gradient_magnitude		test_log_mse	-2.0608486107192032		1	ok
mae	physics	token	ridge	0	pressure_gradient_magnitude		test_vrmse	0.38155720911728397		1	ok
mae	physics	token	ridge	0	pressure_gradient_magnitude		test_r2	0.8544140961706292		1	ok
mae	physics	token	ridge	0	pressure_gradient_magnitude		test_pearson_r	0.9244102080010935		1	ok
mae	physics	token	ridge	0	pressure_gradient_magnitude		test_mse	0.03496299720088893		1	ok
mae	physics	token	ridge	0	pressure_gradient_magnitude		test_log_mse	-1.456391344572734		1	ok
mae	physics	token	selected	0	pressure_gradient_magnitude		test_vrmse	0.19025278830871867		1	ok
mae	physics	token	selected	0	pressure_gradient_magnitude		test_r2	0.9638038765407578		1	ok
mae	physics	token	selected	0	pressure_gradient_magnitude		test_pearson_r	0.981841512012423		1	ok
mae	physics	token	selected	0	pressure_gradient_magnitude		test_mse	0.008692633901368157		1	ok
mae	physics	token	selected	0	pressure_gradient_magnitude		test_log_mse	-2.0608486107192032		1	ok
mae	physics	token	mlp	16	buoyancy_gradient_energy		test_vrmse	0.3861937884007783		1	ok
mae	physics	token	mlp	16	buoyancy_gradient_energy		test_r2	0.8508543578006549		1	ok
mae	physics	token	mlp	16	buoyancy_gradient_energy		test_pearson_r	0.9230314189875513		1	ok
mae	physics	token	mlp	16	buoyancy_gradient_energy		test_mse	30612.70028831634		1	ok
mae	physics	token	mlp	16	buoyancy_gradient_energy		test_log_mse	4.485901639580742		1	ok
mae	physics	token	ridge	16	buoyancy_gradient_energy		test_vrmse	0.548274737966032		1	ok
mae	physics	token	ridge	16	buoyancy_gradient_energy		test_r2	0.699394811708279		1	ok
mae	physics	token	ridge	16	buoyancy_gradient_energy		test_pearson_r	0.8365115156065374		1	ok
mae	physics	token	ridge	16	buoyancy_gradient_energy		test_mse	61700.337995713584		1	ok
mae	physics	token	ridge	16	buoyancy_gradient_energy		test_log_mse	4.790287543113813		1	ok
mae	physics	token	selected	16	buoyancy_gradient_energy		test_vrmse	0.3861937884007783		1	ok
mae	physics	token	selected	16	buoyancy_gradient_energy		test_r2	0.8508543578006549		1	ok
mae	physics	token	selected	16	buoyancy_gradient_energy		test_pearson_r	0.9230314189875513		1	ok
mae	physics	token	selected	16	buoyancy_gradient_energy		test_mse	30612.70028831634		1	ok
mae	physics	token	selected	16	buoyancy_gradient_energy		test_log_mse	4.485901639580742		1	ok
mae	physics	token	mlp	16	buoyancy_laplacian_magnitude		test_vrmse	0.4067367692054514		1	ok
mae	physics	token	mlp	16	buoyancy_laplacian_magnitude		test_r2	0.8345652005763113		1	ok
mae	physics	token	mlp	16	buoyancy_laplacian_magnitude		test_pearson_r	0.9140295281463168		1	ok
mae	physics	token	mlp	16	buoyancy_laplacian_magnitude		test_mse	868693.8130067844		1	ok
mae	physics	token	mlp	16	buoyancy_laplacian_magnitude		test_log_mse	5.938866728400771		1	ok
mae	physics	token	ridge	16	buoyancy_laplacian_magnitude		test_vrmse	0.6250652988612367		1	ok
mae	physics	token	ridge	16	buoyancy_laplacian_magnitude		test_r2	0.6092933721595128		1	ok
mae	physics	token	ridge	16	buoyancy_laplacian_magnitude		test_pearson_r	0.7810848287498242		1	ok
mae	physics	token	ridge	16	buoyancy_laplacian_magnitude		test_mse	2051590.303177629		1	ok
mae	physics	token	ridge	16	buoyancy_laplacian_magnitude		test_log_mse	6.312090637709762		1	ok
mae	physics	token	selected	16	buoyancy_laplacian_magnitude		test_vrmse	0.4067367692054514		1	ok
mae	physics	token	selected	16	buoyancy_laplacian_magnitude		test_r2	0.8345652005763113		1	ok
mae	physics	token	selected	16	buoyancy_laplacian_magnitude		test_pearson_r	0.9140295281463168		1	ok
mae	physics	token	selected	16	buoyancy_laplacian_magnitude		test_mse	868693.8130067844		1	ok
mae	physics	token	selected	16	buoyancy_laplacian_magnitude		test_log_mse	5.938866728400771		1	ok
mae	physics	token	mlp	16	convective_flux		test_vrmse	0.526184371126947		1	ok
mae	physics	token	mlp	16	convective_flux		test_r2	0.7231300075817393		1	ok
mae	physics	token	mlp	16	convective_flux		test_pearson_r	0.8504083057497815		1	ok
mae	physics	token	mlp	16	convective_flux		test_mse	0.001630970931760475		1	ok
mae	physics	token	mlp	16	convective_flux		test_log_mse	-2.78755377917341		1	ok
mae	physics	token	ridge	16	convective_flux		test_vrmse	0.6068308703350078		1	ok
mae	physics	token	ridge	16	convective_flux		test_r2	0.631756294808457		1	ok
mae	physics	token	ridge	16	convective_flux		test_pearson_r	0.7993182237938896		1	ok
mae	physics	token	ridge	16	convective_flux		test_mse	0.0021692303081508263		1	ok
mae	physics	token	ridge	16	convective_flux		test_log_mse	-2.6636943362987684		1	ok
mae	physics	token	selected	16	convective_flux		test_vrmse	0.526184371126947		1	ok
mae	physics	token	selected	16	convective_flux		test_r2	0.7231300075817393		1	ok
mae	physics	token	selected	16	convective_flux		test_pearson_r	0.8504083057497815		1	ok
mae	physics	token	selected	16	convective_flux		test_mse	0.001630970931760475		1	ok
mae	physics	token	selected	16	convective_flux		test_log_mse	-2.78755377917341		1	ok
mae	physics	token	mlp	16	enstrophy		test_vrmse	0.7269427016116341		1	ok
mae	physics	token	mlp	16	enstrophy		test_r2	0.4715543085735787		1	ok
mae	physics	token	mlp	16	enstrophy		test_pearson_r	0.7116945908371358		1	ok
mae	physics	token	mlp	16	enstrophy		test_mse	25529.99206625086		1	ok
mae	physics	token	mlp	16	enstrophy		test_log_mse	4.407050679842087		1	ok
mae	physics	token	ridge	16	enstrophy		test_vrmse	0.7962233875046787		1	ok
mae	physics	token	ridge	16	enstrophy		test_r2	0.36602831719057427		1	ok
mae	physics	token	ridge	16	enstrophy		test_pearson_r	0.6107521482229363		1	ok
mae	physics	token	ridge	16	enstrophy		test_mse	30628.108611622432		1	ok
mae	physics	token	ridge	16	enstrophy		test_log_mse	4.486120178494535		1	ok
mae	physics	token	selected	16	enstrophy		test_vrmse	0.7269427016116341		1	ok
mae	physics	token	selected	16	enstrophy		test_r2	0.4715543085735787		1	ok
mae	physics	token	selected	16	enstrophy		test_pearson_r	0.7116945908371358		1	ok
mae	physics	token	selected	16	enstrophy		test_mse	25529.99206625086		1	ok
mae	physics	token	selected	16	enstrophy		test_log_mse	4.407050679842087		1	ok
mae	physics	token	mlp	16	pressure_gradient_magnitude		test_vrmse	0.655103893112202		1	ok
mae	physics	token	mlp	16	pressure_gradient_magnitude		test_r2	0.5708388892292366		1	ok
mae	physics	token	mlp	16	pressure_gradient_magnitude		test_pearson_r	0.7561697358475781		1	ok
mae	physics	token	mlp	16	pressure_gradient_magnitude		test_mse	0.11490037429527332		1	ok
mae	physics	token	mlp	16	pressure_gradient_magnitude		test_log_mse	-0.9396785565675282		1	ok
mae	physics	token	ridge	16	pressure_gradient_magnitude		test_vrmse	0.6792174993309641		1	ok
mae	physics	token	ridge	16	pressure_gradient_magnitude		test_r2	0.5386635886025919		1	ok
mae	physics	token	ridge	16	pressure_gradient_magnitude		test_pearson_r	0.7340025659711067		1	ok
mae	physics	token	ridge	16	pressure_gradient_magnitude		test_mse	0.12351474776081123		1	ok
mae	physics	token	ridge	16	pressure_gradient_magnitude		test_log_mse	-0.9082811841957962		1	ok
mae	physics	token	selected	16	pressure_gradient_magnitude		test_vrmse	0.655103893112202		1	ok
mae	physics	token	selected	16	pressure_gradient_magnitude		test_r2	0.5708388892292366		1	ok
mae	physics	token	selected	16	pressure_gradient_magnitude		test_pearson_r	0.7561697358475781		1	ok
mae	physics	token	selected	16	pressure_gradient_magnitude		test_mse	0.11490037429527332		1	ok
mae	physics	token	selected	16	pressure_gradient_magnitude		test_log_mse	-0.9396785565675282		1	ok
mae	physics	token	mlp	40	buoyancy_gradient_energy		test_vrmse	0.33491020623067624		1	ok
mae	physics	token	mlp	40	buoyancy_gradient_energy		test_r2	0.8878351537625259		1	ok
mae	physics	token	mlp	40	buoyancy_gradient_energy		test_pearson_r	0.9427097821813961		1	ok
mae	physics	token	mlp	40	buoyancy_gradient_energy		test_mse	24100.874652858754		1	ok
mae	physics	token	mlp	40	buoyancy_gradient_energy		test_log_mse	4.382032803986375		1	ok
mae	physics	token	ridge	40	buoyancy_gradient_energy		test_vrmse	0.5007410924734282		1	ok
mae	physics	token	ridge	40	buoyancy_gradient_energy		test_r2	0.7492583583085176		1	ok
mae	physics	token	ridge	40	buoyancy_gradient_energy		test_pearson_r	0.8656135477542226		1	ok
mae	physics	token	ridge	40	buoyancy_gradient_energy		test_mse	53876.888163908974		1	ok
mae	physics	token	ridge	40	buoyancy_gradient_energy		test_log_mse	4.731402503675466		1	ok
mae	physics	token	selected	40	buoyancy_gradient_energy		test_vrmse	0.33491020623067624		1	ok
mae	physics	token	selected	40	buoyancy_gradient_energy		test_r2	0.8878351537625259		1	ok
mae	physics	token	selected	40	buoyancy_gradient_energy		test_pearson_r	0.9427097821813961		1	ok
mae	physics	token	selected	40	buoyancy_gradient_energy		test_mse	24100.874652858754		1	ok
mae	physics	token	selected	40	buoyancy_gradient_energy		test_log_mse	4.382032803986375		1	ok
mae	physics	token	mlp	40	buoyancy_laplacian_magnitude		test_vrmse	0.30735768417645015		1	ok
mae	physics	token	mlp	40	buoyancy_laplacian_magnitude		test_r2	0.9055312539776895		1	ok
mae	physics	token	mlp	40	buoyancy_laplacian_magnitude		test_pearson_r	0.952715085521008		1	ok
mae	physics	token	mlp	40	buoyancy_laplacian_magnitude		test_mse	509780.20690259646		1	ok
mae	physics	token	mlp	40	buoyancy_laplacian_magnitude		test_log_mse	5.707382969226898		1	ok
mae	physics	token	ridge	40	buoyancy_laplacian_magnitude		test_vrmse	0.5606250940915101		1	ok
mae	physics	token	ridge	40	buoyancy_laplacian_magnitude		test_r2	0.6856995038748854		1	ok
mae	physics	token	ridge	40	buoyancy_laplacian_magnitude		test_pearson_r	0.8289304325057074		1	ok
mae	physics	token	ridge	40	buoyancy_laplacian_magnitude		test_mse	1696054.8190870427		1	ok
mae	physics	token	ridge	40	buoyancy_laplacian_magnitude		test_log_mse	6.229439885209759		1	ok
mae	physics	token	selected	40	buoyancy_laplacian_magnitude		test_vrmse	0.30735768417645015		1	ok
mae	physics	token	selected	40	buoyancy_laplacian_magnitude		test_r2	0.9055312539776895		1	ok
mae	physics	token	selected	40	buoyancy_laplacian_magnitude		test_pearson_r	0.952715085521008		1	ok
mae	physics	token	selected	40	buoyancy_laplacian_magnitude		test_mse	509780.20690259646		1	ok
mae	physics	token	selected	40	buoyancy_laplacian_magnitude		test_log_mse	5.707382969226898		1	ok
mae	physics	token	mlp	40	convective_flux		test_vrmse	0.6311922285357184		1	ok
mae	physics	token	mlp	40	convective_flux		test_r2	0.6015963706361134		1	ok
mae	physics	token	mlp	40	convective_flux		test_pearson_r	0.7758539320054082		1	ok
mae	physics	token	mlp	40	convective_flux		test_mse	0.002714964215546106		1	ok
mae	physics	token	mlp	40	convective_flux		test_log_mse	-2.5662358902347226		1	ok
mae	physics	token	ridge	40	convective_flux		test_vrmse	0.6802945227445166		1	ok
mae	physics	token	ridge	40	convective_flux		test_r2	0.5371993623238103		1	ok
mae	physics	token	ridge	40	convective_flux		test_pearson_r	0.7360156991092657		1	ok
mae	physics	token	ridge	40	convective_flux		test_mse	0.003153804527907919		1	ok
mae	physics	token	ridge	40	convective_flux		test_log_mse	-2.5011652276468466		1	ok
mae	physics	token	selected	40	convective_flux		test_vrmse	0.6311922285357184		1	ok
mae	physics	token	selected	40	convective_flux		test_r2	0.6015963706361134		1	ok
mae	physics	token	selected	40	convective_flux		test_pearson_r	0.7758539320054082		1	ok
mae	physics	token	selected	40	convective_flux		test_mse	0.002714964215546106		1	ok
mae	physics	token	selected	40	convective_flux		test_log_mse	-2.5662358902347226		1	ok
mae	physics	token	mlp	40	enstrophy		test_vrmse	0.7923786683288634		1	ok
mae	physics	token	mlp	40	enstrophy		test_r2	0.37213604597737704		1	ok
mae	physics	token	mlp	40	enstrophy		test_pearson_r	0.6376894806141605		1	ok
mae	physics	token	mlp	40	enstrophy		test_mse	47723.288563743896		1	ok
mae	physics	token	mlp	40	enstrophy		test_log_mse	4.678730362824753		1	ok
mae	physics	token	ridge	40	enstrophy		test_vrmse	0.8345491146841577		1	ok
mae	physics	token	ridge	40	enstrophy		test_r2	0.3035277751798885		1	ok
mae	physics	token	ridge	40	enstrophy		test_pearson_r	0.5527612906554744		1	ok
mae	physics	token	ridge	40	enstrophy		test_mse	52938.132136385204		1	ok
mae	physics	token	ridge	40	enstrophy		test_log_mse	4.723768613633786		1	ok
mae	physics	token	selected	40	enstrophy		test_vrmse	0.7923786683288634		1	ok
mae	physics	token	selected	40	enstrophy		test_r2	0.37213604597737704		1	ok
mae	physics	token	selected	40	enstrophy		test_pearson_r	0.6376894806141605		1	ok
mae	physics	token	selected	40	enstrophy		test_mse	47723.288563743896		1	ok
mae	physics	token	selected	40	enstrophy		test_log_mse	4.678730362824753		1	ok
mae	physics	token	mlp	40	pressure_gradient_magnitude		test_vrmse	0.6945238792777202		1	ok
mae	physics	token	mlp	40	pressure_gradient_magnitude		test_r2	0.5176365811130267		1	ok
mae	physics	token	mlp	40	pressure_gradient_magnitude		test_pearson_r	0.7194775932627281		1	ok
mae	physics	token	mlp	40	pressure_gradient_magnitude		test_mse	0.164669190387499		1	ok
mae	physics	token	mlp	40	pressure_gradient_magnitude		test_log_mse	-0.7833876497456166		1	ok
mae	physics	token	ridge	40	pressure_gradient_magnitude		test_vrmse	0.7214707364033741		1	ok
mae	physics	token	ridge	40	pressure_gradient_magnitude		test_r2	0.4794799765135731		1	ok
mae	physics	token	ridge	40	pressure_gradient_magnitude		test_pearson_r	0.6925476525843078		1	ok
mae	physics	token	ridge	40	pressure_gradient_magnitude		test_mse	0.1776950894115712		1	ok
mae	physics	token	ridge	40	pressure_gradient_magnitude		test_log_mse	-0.7503245737193183		1	ok
mae	physics	token	selected	40	pressure_gradient_magnitude		test_vrmse	0.6945238792777202		1	ok
mae	physics	token	selected	40	pressure_gradient_magnitude		test_r2	0.5176365811130267		1	ok
mae	physics	token	selected	40	pressure_gradient_magnitude		test_pearson_r	0.7194775932627281		1	ok
mae	physics	token	selected	40	pressure_gradient_magnitude		test_mse	0.164669190387499		1	ok
mae	physics	token	selected	40	pressure_gradient_magnitude		test_log_mse	-0.7833876497456166		1	ok
mae	regime	pooled	mlp	0	log10_Prandtl		test_vrmse	0.04024702107887711		1	ok
mae	regime	pooled	mlp	0	log10_Prandtl		test_r2	0.9983801772942764		1	ok
mae	regime	pooled	mlp	0	log10_Prandtl		test_pearson_r	0.9992051560517013		1	ok
mae	regime	pooled	mlp	0	log10_Prandtl		test_mse	0.0007308538759582115		1	ok
mae	regime	pooled	mlp	0	log10_Prandtl		test_log_mse	-3.136169445489003		1	ok
mae	regime	pooled	ridge	0	log10_Prandtl		test_vrmse	0.043939029536988146		1	ok
mae	regime	pooled	ridge	0	log10_Prandtl		test_r2	0.9980693616833477		1	ok
mae	regime	pooled	ridge	0	log10_Prandtl		test_pearson_r	0.9990467053862605		1	ok
mae	regime	pooled	ridge	0	log10_Prandtl		test_mse	0.000871091936057582		1	ok
mae	regime	pooled	ridge	0	log10_Prandtl		test_log_mse	-3.0599360066278893		1	ok
mae	regime	pooled	mlp	0	log10_Rayleigh		test_vrmse	0.023084476881713705		1	ok
mae	regime	pooled	mlp	0	log10_Rayleigh		test_r2	0.9994671069270976		1	ok
mae	regime	pooled	mlp	0	log10_Rayleigh		test_pearson_r	0.9997338785547517		1	ok
mae	regime	pooled	mlp	0	log10_Rayleigh		test_mse	0.001065786145804749		1	ok
mae	regime	pooled	mlp	0	log10_Rayleigh		test_log_mse	-2.97232992946915		1	ok
mae	regime	pooled	ridge	0	log10_Rayleigh		test_vrmse	0.021865138190146037		1	ok
mae	regime	pooled	ridge	0	log10_Rayleigh		test_r2	0.9995219157319258		1	ok
mae	regime	pooled	ridge	0	log10_Rayleigh		test_pearson_r	0.9997663254625472		1	ok
mae	regime	pooled	ridge	0	log10_Rayleigh		test_mse	0.0009561685361483654		1	ok
mae	regime	pooled	ridge	0	log10_Rayleigh		test_log_mse	-3.0194655513764417		1	ok
mae_future	physics	pooled	mlp	0	buoyancy_gradient_energy		test_vrmse	0.15690567937455988		1	ok
mae_future	physics	pooled	mlp	0	buoyancy_gradient_energy		test_r2	0.9753806077800078		1	ok
mae_future	physics	pooled	mlp	0	buoyancy_gradient_energy		test_pearson_r	0.9886921110094589		1	ok
mae_future	physics	pooled	mlp	0	buoyancy_gradient_energy		test_mse	161.34544656587858		1	ok
mae_future	physics	pooled	mlp	0	buoyancy_gradient_energy		test_log_mse	2.2077567134076217		1	ok
mae_future	physics	pooled	ridge	0	buoyancy_gradient_energy		test_vrmse	0.29961707318064124		1	ok
mae_future	physics	pooled	ridge	0	buoyancy_gradient_energy		test_r2	0.9102296094586663		1	ok
mae_future	physics	pooled	ridge	0	buoyancy_gradient_energy		test_pearson_r	0.9546482875992576		1	ok
mae_future	physics	pooled	ridge	0	buoyancy_gradient_energy		test_mse	588.3184938466127		1	ok
mae_future	physics	pooled	ridge	0	buoyancy_gradient_energy		test_log_mse	2.7696125006894894		1	ok
mae_future	physics	pooled	ridge_plus_control	0	buoyancy_gradient_energy		test_vrmse	0.2918883902312919		1	ok
mae_future	physics	pooled	ridge_plus_control	0	buoyancy_gradient_energy		test_r2	0.9148011676481851		1	ok
mae_future	physics	pooled	ridge_plus_control	0	buoyancy_gradient_energy		test_pearson_r	0.9570433968426173		1	ok
mae_future	physics	pooled	ridge_plus_control	0	buoyancy_gradient_energy		test_mse	558.3583676583294		1	ok
mae_future	physics	pooled	ridge_plus_control	0	buoyancy_gradient_energy		test_log_mse	2.746913028937622		1	ok
mae_future	physics	pooled	selected	0	buoyancy_gradient_energy		test_vrmse	0.15690567937455988		1	ok
mae_future	physics	pooled	selected	0	buoyancy_gradient_energy		test_r2	0.9753806077800078		1	ok
mae_future	physics	pooled	selected	0	buoyancy_gradient_energy		test_pearson_r	0.9886921110094589		1	ok
mae_future	physics	pooled	selected	0	buoyancy_gradient_energy		test_mse	161.34544656587858		1	ok
mae_future	physics	pooled	selected	0	buoyancy_gradient_energy		test_log_mse	2.2077567134076217		1	ok
mae_future	physics	pooled	mlp	0	buoyancy_laplacian_magnitude		test_vrmse	0.11327361178217164		1	ok
mae_future	physics	pooled	mlp	0	buoyancy_laplacian_magnitude		test_r2	0.9871690888738218		1	ok
mae_future	physics	pooled	mlp	0	buoyancy_laplacian_magnitude		test_pearson_r	0.9938569163134499		1	ok
mae_future	physics	pooled	mlp	0	buoyancy_laplacian_magnitude		test_mse	13806.001223362526		1	ok
mae_future	physics	pooled	mlp	0	buoyancy_laplacian_magnitude		test_log_mse	4.140067907535524		1	ok
mae_future	physics	pooled	ridge	0	buoyancy_laplacian_magnitude		test_vrmse	0.2452083767836225		1	ok
mae_future	physics	pooled	ridge	0	buoyancy_laplacian_magnitude		test_r2	0.939872851955141		1	ok
mae_future	physics	pooled	ridge	0	buoyancy_laplacian_magnitude		test_pearson_r	0.9698353825850665		1	ok
mae_future	physics	pooled	ridge	0	buoyancy_laplacian_magnitude		test_mse	64696.53411993387		1	ok
mae_future	physics	pooled	ridge	0	buoyancy_laplacian_magnitude		test_log_mse	4.810881015554248		1	ok
mae_future	physics	pooled	ridge_plus_control	0	buoyancy_laplacian_magnitude		test_vrmse	0.23891663902573246		1	ok
mae_future	physics	pooled	ridge_plus_control	0	buoyancy_laplacian_magnitude		test_r2	0.9429188395966479		1	ok
mae_future	physics	pooled	ridge_plus_control	0	buoyancy_laplacian_magnitude		test_pearson_r	0.9713843822945989		1	ok
mae_future	physics	pooled	ridge_plus_control	0	buoyancy_laplacian_magnitude		test_mse	61419.065459178164		1	ok
mae_future	physics	pooled	ridge_plus_control	0	buoyancy_laplacian_magnitude		test_log_mse	4.7883032040150635		1	ok
mae_future	physics	pooled	selected	0	buoyancy_laplacian_magnitude		test_vrmse	0.11327361178217164		1	ok
mae_future	physics	pooled	selected	0	buoyancy_laplacian_magnitude		test_r2	0.9871690888738218		1	ok
mae_future	physics	pooled	selected	0	buoyancy_laplacian_magnitude		test_pearson_r	0.9938569163134499		1	ok
mae_future	physics	pooled	selected	0	buoyancy_laplacian_magnitude		test_mse	13806.001223362526		1	ok
mae_future	physics	pooled	selected	0	buoyancy_laplacian_magnitude		test_log_mse	4.140067907535524		1	ok
mae_future	physics	pooled	mlp	0	convective_flux		test_vrmse	0.09661008686372952		1	ok
mae_future	physics	pooled	mlp	0	convective_flux		test_r2	0.9906664911161827		1	ok
mae_future	physics	pooled	mlp	0	convective_flux		test_pearson_r	0.9954304944768065		1	ok
mae_future	physics	pooled	mlp	0	convective_flux		test_mse	1.6653618105794573e-07		1	ok
mae_future	physics	pooled	mlp	0	convective_flux		test_log_mse	-6.778491398633391		1	ok
mae_future	physics	pooled	ridge	0	convective_flux		test_vrmse	0.12776437126645854		1	ok
mae_future	physics	pooled	ridge	0	convective_flux		test_r2	0.9836762654348865		1	ok
mae_future	physics	pooled	ridge	0	convective_flux		test_pearson_r	0.9918376485900099		1	ok
mae_future	physics	pooled	ridge	0	convective_flux		test_mse	2.9126156613950007e-07		1	ok
mae_future	physics	pooled	ridge	0	convective_flux		test_log_mse	-6.535716819576825		1	ok
mae_future	physics	pooled	ridge_plus_control	0	convective_flux		test_vrmse	0.12712689026406027		1	ok
mae_future	physics	pooled	ridge_plus_control	0	convective_flux		test_r2	0.9838387537717895		1	ok
mae_future	physics	pooled	ridge_plus_control	0	convective_flux		test_pearson_r	0.9919207943001449		1	ok
mae_future	physics	pooled	ridge_plus_control	0	convective_flux		test_mse	2.8836231491135737e-07		1	ok
mae_future	physics	pooled	ridge_plus_control	0	convective_flux		test_log_mse	-6.540061496710712		1	ok
mae_future	physics	pooled	selected	0	convective_flux		test_vrmse	0.09661008686372952		1	ok
mae_future	physics	pooled	selected	0	convective_flux		test_r2	0.9906664911161827		1	ok
mae_future	physics	pooled	selected	0	convective_flux		test_pearson_r	0.9954304944768065		1	ok
mae_future	physics	pooled	selected	0	convective_flux		test_mse	1.6653618105794573e-07		1	ok
mae_future	physics	pooled	selected	0	convective_flux		test_log_mse	-6.778491398633391		1	ok
mae_future	physics	pooled	mlp	0	enstrophy		test_vrmse	0.05653030773650485		1	ok
mae_future	physics	pooled	mlp	0	enstrophy		test_r2	0.9968043243072161		1	ok
mae_future	physics	pooled	mlp	0	enstrophy		test_pearson_r	0.9985606912716898		1	ok
mae_future	physics	pooled	mlp	0	enstrophy		test_mse	5.315381484916648		1	ok
mae_future	physics	pooled	mlp	0	enstrophy		test_log_mse	0.7255344392918227		1	ok
mae_future	physics	pooled	ridge	0	enstrophy		test_vrmse	0.09611452356224025		1	ok
mae_future	physics	pooled	ridge	0	enstrophy		test_r2	0.9907619983604036		1	ok
mae_future	physics	pooled	ridge	0	enstrophy		test_pearson_r	0.9954565588504365		1	ok
mae_future	physics	pooled	ridge	0	enstrophy		test_mse	15.365608901935722		1	ok
mae_future	physics	pooled	ridge	0	enstrophy		test_log_mse	1.1865497749738498		1	ok
mae_future	physics	pooled	ridge_plus_control	0	enstrophy		test_vrmse	0.09629786782790592		1	ok
mae_future	physics	pooled	ridge_plus_control	0	enstrophy		test_r2	0.9907267206517991		1	ok
mae_future	physics	pooled	ridge_plus_control	0	enstrophy		test_pearson_r	0.9954366329708267		1	ok
mae_future	physics	pooled	ridge_plus_control	0	enstrophy		test_mse	15.424286470366573		1	ok
mae_future	physics	pooled	ridge_plus_control	0	enstrophy		test_log_mse	1.1882050826469355		1	ok
mae_future	physics	pooled	selected	0	enstrophy		test_vrmse	0.05653030773650485		1	ok
mae_future	physics	pooled	selected	0	enstrophy		test_r2	0.9968043243072161		1	ok
mae_future	physics	pooled	selected	0	enstrophy		test_pearson_r	0.9985606912716898		1	ok
mae_future	physics	pooled	selected	0	enstrophy		test_mse	5.315381484916648		1	ok
mae_future	physics	pooled	selected	0	enstrophy		test_log_mse	0.7255344392918227		1	ok
mae_future	physics	pooled	mlp	0	pressure_gradient_magnitude		test_vrmse	0.030210738533254705		1	ok
mae_future	physics	pooled	mlp	0	pressure_gradient_magnitude		test_r2	0.9990873112772753		1	ok
mae_future	physics	pooled	mlp	0	pressure_gradient_magnitude		test_pearson_r	0.9995493725845693		1	ok
mae_future	physics	pooled	mlp	0	pressure_gradient_magnitude		test_mse	9.54034494194669e-05		1	ok
mae_future	physics	pooled	mlp	0	pressure_gradient_magnitude		test_log_mse	-4.020435922604523		1	ok
mae_future	physics	pooled	ridge	0	pressure_gradient_magnitude		test_vrmse	0.03423269472996594		1	ok
mae_future	physics	pooled	ridge	0	pressure_gradient_magnitude		test_r2	0.998828122611525		1	ok
mae_future	physics	pooled	ridge	0	pressure_gradient_magnitude		test_pearson_r	0.9994145533196863		1	ok
mae_future	physics	pooled	ridge	0	pressure_gradient_magnitude		test_mse	0.00012249646826294897		1	ok
mae_future	physics	pooled	ridge	0	pressure_gradient_magnitude		test_log_mse	-3.911876432409845		1	ok
mae_future	physics	pooled	ridge_plus_control	0	pressure_gradient_magnitude		test_vrmse	0.036345189561784924		1	ok
mae_future	physics	pooled	ridge_plus_control	0	pressure_gradient_magnitude		test_r2	0.9986790271957179		1	ok
mae_future	physics	pooled	ridge_plus_control	0	pressure_gradient_magnitude		test_pearson_r	0.999339384576304		1	ok
mae_future	physics	pooled	ridge_plus_control	0	pressure_gradient_magnitude		test_mse	0.00013808142796110042		1	ok
mae_future	physics	pooled	ridge_plus_control	0	pressure_gradient_magnitude		test_log_mse	-3.8598647303743783		1	ok
mae_future	physics	pooled	selected	0	pressure_gradient_magnitude		test_vrmse	0.030210738533254705		1	ok
mae_future	physics	pooled	selected	0	pressure_gradient_magnitude		test_r2	0.9990873112772753		1	ok
mae_future	physics	pooled	selected	0	pressure_gradient_magnitude		test_pearson_r	0.9995493725845693		1	ok
mae_future	physics	pooled	selected	0	pressure_gradient_magnitude		test_mse	9.54034494194669e-05		1	ok
mae_future	physics	pooled	selected	0	pressure_gradient_magnitude		test_log_mse	-4.020435922604523		1	ok
mae_future	physics	pooled	mlp	16	buoyancy_gradient_energy		test_vrmse	0.16851802096280744		1	ok
mae_future	physics	pooled	mlp	16	buoyancy_gradient_energy		test_r2	0.9716016766107788		1	ok
mae_future	physics	pooled	mlp	16	buoyancy_gradient_energy		test_pearson_r	0.9868262078327757		1	ok
mae_future	physics	pooled	mlp	16	buoyancy_gradient_energy		test_mse	83.97823599040922		1	ok
mae_future	physics	pooled	mlp	16	buoyancy_gradient_energy		test_log_mse	1.9241667478004036		1	ok
mae_future	physics	pooled	ridge	16	buoyancy_gradient_energy		test_vrmse	0.22345917727463763		1	ok
mae_future	physics	pooled	ridge	16	buoyancy_gradient_energy		test_r2	0.950065996091742		1	ok
mae_future	physics	pooled	ridge	16	buoyancy_gradient_energy		test_pearson_r	0.9755184434077302		1	ok
mae_future	physics	pooled	ridge	16	buoyancy_gradient_energy		test_mse	147.66257524010464		1	ok
mae_future	physics	pooled	ridge	16	buoyancy_gradient_energy		test_log_mse	2.169270438262353		1	ok
mae_future	physics	pooled	ridge_plus_control	16	buoyancy_gradient_energy		test_vrmse	0.21089225368932765		1	ok
mae_future	physics	pooled	ridge_plus_control	16	buoyancy_gradient_energy		test_r2	0.9555244573338363		1	ok
mae_future	physics	pooled	ridge_plus_control	16	buoyancy_gradient_energy		test_pearson_r	0.9781508550820187		1	ok
mae_future	physics	pooled	ridge_plus_control	16	buoyancy_gradient_energy		test_mse	131.52106082566303		1	ok
mae_future	physics	pooled	ridge_plus_control	16	buoyancy_gradient_energy		test_log_mse	2.1189953031527398		1	ok
mae_future	physics	pooled	selected	16	buoyancy_gradient_energy		test_vrmse	0.16851802096280744		1	ok
mae_future	physics	pooled	selected	16	buoyancy_gradient_energy		test_r2	0.9716016766107788		1	ok
mae_future	physics	pooled	selected	16	buoyancy_gradient_energy		test_pearson_r	0.9868262078327757		1	ok
mae_future	physics	pooled	selected	16	buoyancy_gradient_energy		test_mse	83.97823599040922		1	ok
mae_future	physics	pooled	selected	16	buoyancy_gradient_energy		test_log_mse	1.9241667478004036		1	ok
mae_future	physics	pooled	mlp	16	buoyancy_laplacian_magnitude		test_vrmse	0.15149709112954135		1	ok
mae_future	physics	pooled	mlp	16	buoyancy_laplacian_magnitude		test_r2	0.9770486313792874		1	ok
mae_future	physics	pooled	mlp	16	buoyancy_laplacian_magnitude		test_pearson_r	0.9889072153124102		1	ok
mae_future	physics	pooled	mlp	16	buoyancy_laplacian_magnitude		test_mse	10602.284091496373		1	ok
mae_future	physics	pooled	mlp	16	buoyancy_laplacian_magnitude		test_log_mse	4.025399437101898		1	ok
mae_future	physics	pooled	ridge	16	buoyancy_laplacian_magnitude		test_vrmse	0.22576667282260604		1	ok
mae_future	physics	pooled	ridge	16	buoyancy_laplacian_magnitude		test_r2	0.9490294094426104		1	ok
mae_future	physics	pooled	ridge	16	buoyancy_laplacian_magnitude		test_pearson_r	0.9746054814052502		1	ok
mae_future	physics	pooled	ridge	16	buoyancy_laplacian_magnitude		test_mse	23545.640799525005		1	ok
mae_future	physics	pooled	ridge	16	buoyancy_laplacian_magnitude		test_log_mse	4.371910514354479		1	ok
mae_future	physics	pooled	ridge_plus_control	16	buoyancy_laplacian_magnitude		test_vrmse	0.21953286536399538		1	ok
mae_future	physics	pooled	ridge_plus_control	16	buoyancy_laplacian_magnitude		test_r2	0.9518053210250739		1	ok
mae_future	physics	pooled	ridge_plus_control	16	buoyancy_laplacian_magnitude		test_pearson_r	0.9759429172201907		1	ok
mae_future	physics	pooled	ridge_plus_control	16	buoyancy_laplacian_magnitude		test_mse	22263.32061651015		1	ok
mae_future	physics	pooled	ridge_plus_control	16	buoyancy_laplacian_magnitude		test_log_mse	4.347589940675853		1	ok
mae_future	physics	pooled	selected	16	buoyancy_laplacian_magnitude		test_vrmse	0.15149709112954135		1	ok
mae_future	physics	pooled	selected	16	buoyancy_laplacian_magnitude		test_r2	0.9770486313792874		1	ok
mae_future	physics	pooled	selected	16	buoyancy_laplacian_magnitude		test_pearson_r	0.9889072153124102		1	ok
mae_future	physics	pooled	selected	16	buoyancy_laplacian_magnitude		test_mse	10602.284091496373		1	ok
mae_future	physics	pooled	selected	16	buoyancy_laplacian_magnitude		test_log_mse	4.025399437101898		1	ok
mae_future	physics	pooled	mlp	16	convective_flux		test_vrmse	0.19333398725311596		1	ok
mae_future	physics	pooled	mlp	16	convective_flux		test_r2	0.962621969372812		1	ok
mae_future	physics	pooled	mlp	16	convective_flux		test_pearson_r	0.9813810326458453		1	ok
mae_future	physics	pooled	mlp	16	convective_flux		test_mse	6.266261695814634e-07		1	ok
mae_future	physics	pooled	mlp	16	convective_flux		test_log_mse	-6.202991471778767		1	ok
mae_future	physics	pooled	ridge	16	convective_flux		test_vrmse	0.2076032464024542		1	ok
mae_future	physics	pooled	ridge	16	convective_flux		test_r2	0.9569008920831619		1	ok
mae_future	physics	pooled	ridge	16	convective_flux		test_pearson_r	0.9782673729478097		1	ok
mae_future	physics	pooled	ridge	16	convective_flux		test_mse	7.225375027292646e-07		1	ok
mae_future	physics	pooled	ridge	16	convective_flux		test_log_mse	-6.141139606279815		1	ok
mae_future	physics	pooled	ridge_plus_control	16	convective_flux		test_vrmse	0.206157803342628		1	ok
mae_future	physics	pooled	ridge_plus_control	16	convective_flux		test_r2	0.9574989601209423		1	ok
mae_future	physics	pooled	ridge_plus_control	16	convective_flux		test_pearson_r	0.9785762114242734		1	ok
mae_future	physics	pooled	ridge_plus_control	16	convective_flux		test_mse	7.125111563066456e-07		1	ok
mae_future	physics	pooled	ridge_plus_control	16	convective_flux		test_log_mse	-6.14720833120088		1	ok
mae_future	physics	pooled	selected	16	convective_flux		test_vrmse	0.19333398725311596		1	ok
mae_future	physics	pooled	selected	16	convective_flux		test_r2	0.962621969372812		1	ok
mae_future	physics	pooled	selected	16	convective_flux		test_pearson_r	0.9813810326458453		1	ok
mae_future	physics	pooled	selected	16	convective_flux		test_mse	6.266261695814634e-07		1	ok
mae_future	physics	pooled	selected	16	convective_flux		test_log_mse	-6.202991471778767		1	ok
mae_future	physics	pooled	mlp	16	enstrophy		test_vrmse	0.13639360296985914		1	ok
mae_future	physics	pooled	mlp	16	enstrophy		test_r2	0.9813967850689005		1	ok
mae_future	physics	pooled	mlp	16	enstrophy		test_pearson_r	0.99067033919371		1	ok
mae_future	physics	pooled	mlp	16	enstrophy		test_mse	32.48620637724773		1	ok
mae_future	physics	pooled	mlp	16	enstrophy		test_log_mse	1.5116989989528176		1	ok
mae_future	physics	pooled	ridge	16	enstrophy		test_vrmse	0.1508252363195413		1	ok
mae_future	physics	pooled	ridge	16	enstrophy		test_r2	0.9772517480891545		1	ok
mae_future	physics	pooled	ridge	16	enstrophy		test_pearson_r	0.9885867606590194		1	ok
mae_future	physics	pooled	ridge	16	enstrophy		test_mse	39.72455347284786		1	ok
mae_future	physics	pooled	ridge	16	enstrophy		test_log_mse	1.5990590241835556		1	ok
mae_future	physics	pooled	ridge_plus_control	16	enstrophy		test_vrmse	0.14766995039105796		1	ok
mae_future	physics	pooled	ridge_plus_control	16	enstrophy		test_r2	0.9781935857515025		1	ok
mae_future	physics	pooled	ridge_plus_control	16	enstrophy		test_pearson_r	0.9890573269916634		1	ok
mae_future	physics	pooled	ridge_plus_control	16	enstrophy		test_mse	38.079852124923804		1	ok
mae_future	physics	pooled	ridge_plus_control	16	enstrophy		test_log_mse	1.5806952532246663		1	ok
mae_future	physics	pooled	selected	16	enstrophy		test_vrmse	0.13639360296985914		1	ok
mae_future	physics	pooled	selected	16	enstrophy		test_r2	0.9813967850689005		1	ok
mae_future	physics	pooled	selected	16	enstrophy		test_pearson_r	0.99067033919371		1	ok
mae_future	physics	pooled	selected	16	enstrophy		test_mse	32.48620637724773		1	ok
mae_future	physics	pooled	selected	16	enstrophy		test_log_mse	1.5116989989528176		1	ok
mae_future	physics	pooled	mlp	16	pressure_gradient_magnitude		test_vrmse	0.06704566443534433		1	ok
mae_future	physics	pooled	mlp	16	pressure_gradient_magnitude		test_r2	0.9955048788804232		1	ok
mae_future	physics	pooled	mlp	16	pressure_gradient_magnitude		test_pearson_r	0.9977970069584658		1	ok
mae_future	physics	pooled	mlp	16	pressure_gradient_magnitude		test_mse	0.0005326894428351723		1	ok
mae_future	physics	pooled	mlp	16	pressure_gradient_magnitude		test_log_mse	-3.273525910243258		1	ok
mae_future	physics	pooled	ridge	16	pressure_gradient_magnitude		test_vrmse	0.07242129355736834		1	ok
mae_future	physics	pooled	ridge	16	pressure_gradient_magnitude		test_r2	0.9947551562394775		1	ok
mae_future	physics	pooled	ridge	16	pressure_gradient_magnitude		test_pearson_r	0.9973906001679665		1	ok
mae_future	physics	pooled	ridge	16	pressure_gradient_magnitude		test_mse	0.0006215345095780884		1	ok
mae_future	physics	pooled	ridge	16	pressure_gradient_magnitude		test_log_mse	-3.2065347529382544		1	ok
mae_future	physics	pooled	ridge_plus_control	16	pressure_gradient_magnitude		test_vrmse	0.07137102889542714		1	ok
mae_future	physics	pooled	ridge_plus_control	16	pressure_gradient_magnitude		test_r2	0.9949061762344081		1	ok
mae_future	physics	pooled	ridge_plus_control	16	pressure_gradient_magnitude		test_pearson_r	0.9974637413339418		1	ok
mae_future	physics	pooled	ridge_plus_control	16	pressure_gradient_magnitude		test_mse	0.0006036380492121576		1	ok
mae_future	physics	pooled	ridge_plus_control	16	pressure_gradient_magnitude		test_log_mse	-3.219223393081219		1	ok
mae_future	physics	pooled	selected	16	pressure_gradient_magnitude		test_vrmse	0.06704566443534433		1	ok
mae_future	physics	pooled	selected	16	pressure_gradient_magnitude		test_r2	0.9955048788804232		1	ok
mae_future	physics	pooled	selected	16	pressure_gradient_magnitude		test_pearson_r	0.9977970069584658		1	ok
mae_future	physics	pooled	selected	16	pressure_gradient_magnitude		test_mse	0.0005326894428351723		1	ok
mae_future	physics	pooled	selected	16	pressure_gradient_magnitude		test_log_mse	-3.273525910243258		1	ok
mae_future	physics	pooled	mlp	40	buoyancy_gradient_energy		test_vrmse	0.608088188091299		1	ok
mae_future	physics	pooled	mlp	40	buoyancy_gradient_energy		test_r2	0.6302287555038409		1	ok
mae_future	physics	pooled	mlp	40	buoyancy_gradient_energy		test_pearson_r	0.7941234983146407		1	ok
mae_future	physics	pooled	mlp	40	buoyancy_gradient_energy		test_mse	1085.9500827384027		1	ok
mae_future	physics	pooled	mlp	40	buoyancy_gradient_energy		test_log_mse	3.0358098627394723		1	ok
mae_future	physics	pooled	ridge	40	buoyancy_gradient_energy		test_vrmse	0.6130119738990802		1	ok
mae_future	physics	pooled	ridge	40	buoyancy_gradient_energy		test_r2	0.6242163198563533		1	ok
mae_future	physics	pooled	ridge	40	buoyancy_gradient_energy		test_pearson_r	0.7902032861716517		1	ok
mae_future	physics	pooled	ridge	40	buoyancy_gradient_energy		test_mse	1103.6074995495585		1	ok
mae_future	physics	pooled	ridge	40	buoyancy_gradient_energy		test_log_mse	3.042814643059344		1	ok
mae_future	physics	pooled	ridge_plus_control	40	buoyancy_gradient_energy		test_vrmse	0.24872991634201466		1	ok
mae_future	physics	pooled	ridge_plus_control	40	buoyancy_gradient_energy		test_r2	0.9381334287164944		1	ok
mae_future	physics	pooled	ridge_plus_control	40	buoyancy_gradient_energy		test_pearson_r	0.968693856014218		1	ok
mae_future	physics	pooled	ridge_plus_control	40	buoyancy_gradient_energy		test_mse	181.69073232183706		1	ok
mae_future	physics	pooled	ridge_plus_control	40	buoyancy_gradient_energy		test_log_mse	2.25933277538654		1	ok
mae_future	physics	pooled	selected	40	buoyancy_gradient_energy		test_vrmse	0.608088188091299		1	ok
mae_future	physics	pooled	selected	40	buoyancy_gradient_energy		test_r2	0.6302287555038409		1	ok
mae_future	physics	pooled	selected	40	buoyancy_gradient_energy		test_pearson_r	0.7941234983146407		1	ok
mae_future	physics	pooled	selected	40	buoyancy_gradient_energy		test_mse	1085.9500827384027		1	ok
mae_future	physics	pooled	selected	40	buoyancy_gradient_energy		test_log_mse	3.0358098627394723		1	ok
mae_future	physics	pooled	mlp	40	buoyancy_laplacian_magnitude		test_vrmse	0.6629554692386438		1	ok
mae_future	physics	pooled	mlp	40	buoyancy_laplacian_magnitude		test_r2	0.5604900458065697		1	ok
mae_future	physics	pooled	mlp	40	buoyancy_laplacian_magnitude		test_pearson_r	0.7489537299434603		1	ok
mae_future	physics	pooled	mlp	40	buoyancy_laplacian_magnitude		test_mse	193345.5788829697		1	ok
mae_future	physics	pooled	mlp	40	buoyancy_laplacian_magnitude		test_log_mse	5.286334245771989		1	ok
mae_future	physics	pooled	ridge	40	buoyancy_laplacian_magnitude		test_vrmse	0.6695122042870679		1	ok
mae_future	physics	pooled	ridge	40	buoyancy_laplacian_magnitude		test_r2	0.5517534083106714		1	ok
mae_future	physics	pooled	ridge	40	buoyancy_laplacian_magnitude		test_pearson_r	0.7429866209828694		1	ok
mae_future	physics	pooled	ridge	40	buoyancy_laplacian_magnitude		test_mse	197188.92809046383		1	ok
mae_future	physics	pooled	ridge	40	buoyancy_laplacian_magnitude		test_log_mse	5.294882526202516		1	ok
mae_future	physics	pooled	ridge_plus_control	40	buoyancy_laplacian_magnitude		test_vrmse	0.2550555446273769		1	ok
mae_future	physics	pooled	ridge_plus_control	40	buoyancy_laplacian_magnitude		test_r2	0.9349466691548322		1	ok
mae_future	physics	pooled	ridge_plus_control	40	buoyancy_laplacian_magnitude		test_pearson_r	0.967014002695508		1	ok
mae_future	physics	pooled	ridge_plus_control	40	buoyancy_laplacian_magnitude		test_mse	28617.72251235245		1	ok
mae_future	physics	pooled	ridge_plus_control	40	buoyancy_laplacian_magnitude		test_log_mse	4.456635068289071		1	ok
mae_future	physics	pooled	selected	40	buoyancy_laplacian_magnitude		test_vrmse	0.6629554692386438		1	ok
mae_future	physics	pooled	selected	40	buoyancy_laplacian_magnitude		test_r2	0.5604900458065697		1	ok
mae_future	physics	pooled	selected	40	buoyancy_laplacian_magnitude		test_pearson_r	0.7489537299434603		1	ok
mae_future	physics	pooled	selected	40	buoyancy_laplacian_magnitude		test_mse	193345.5788829697		1	ok
mae_future	physics	pooled	selected	40	buoyancy_laplacian_magnitude		test_log_mse	5.286334245771989		1	ok
mae_future	physics	pooled	mlp	40	convective_flux		test_vrmse	0.3729004812061431		1	ok
mae_future	physics	pooled	mlp	40	convective_flux		test_r2	0.8609452311162269		1	ok
mae_future	physics	pooled	mlp	40	convective_flux		test_pearson_r	0.9280538842897855		1	ok
mae_future	physics	pooled	mlp	40	convective_flux		test_mse	2.3914213774174403e-06		1	ok
mae_future	physics	pooled	mlp	40	convective_flux		test_log_mse	-5.621343892824653		1	ok
mae_future	physics	pooled	ridge	40	convective_flux		test_vrmse	0.38480755631304264		1	ok
mae_future	physics	pooled	ridge	40	convective_flux		test_r2	0.8519231446043846		1	ok
mae_future	physics	pooled	ridge	40	convective_flux		test_pearson_r	0.9232769462327022		1	ok
mae_future	physics	pooled	ridge	40	convective_flux		test_mse	2.5465804613274863e-06		1	ok
mae_future	physics	pooled	ridge	40	convective_flux		test_log_mse	-5.594042597375694		1	ok
mae_future	physics	pooled	ridge_plus_control	40	convective_flux		test_vrmse	0.28497102208945435		1	ok
mae_future	physics	pooled	ridge_plus_control	40	convective_flux		test_r2	0.9187915165692917		1	ok
mae_future	physics	pooled	ridge_plus_control	40	convective_flux		test_pearson_r	0.9590289791787411		1	ok
mae_future	physics	pooled	ridge_plus_control	40	convective_flux		test_mse	1.3965986557869736e-06		1	ok
mae_future	physics	pooled	ridge_plus_control	40	convective_flux		test_log_mse	-5.854928380299142		1	ok
mae_future	physics	pooled	selected	40	convective_flux		test_vrmse	0.3729004812061431		1	ok
mae_future	physics	pooled	selected	40	convective_flux		test_r2	0.8609452311162269		1	ok
mae_future	physics	pooled	selected	40	convective_flux		test_pearson_r	0.9280538842897855		1	ok
mae_future	physics	pooled	selected	40	convective_flux		test_mse	2.3914213774174403e-06		1	ok
mae_future	physics	pooled	selected	40	convective_flux		test_log_mse	-5.621343892824653		1	ok
mae_future	physics	pooled	mlp	40	enstrophy		test_vrmse	0.22235330769353298		1	ok
mae_future	physics	pooled	mlp	40	enstrophy		test_r2	0.9505590065577451		1	ok
mae_future	physics	pooled	mlp	40	enstrophy		test_pearson_r	0.9750430848603968		1	ok
mae_future	physics	pooled	mlp	40	enstrophy		test_mse	101.57138574415887		1	ok
mae_future	physics	pooled	mlp	40	enstrophy		test_log_mse	2.0067713775965843		1	ok
mae_future	physics	pooled	ridge	40	enstrophy		test_vrmse	0.23326662937933895		1	ok
mae_future	physics	pooled	ridge	40	enstrophy		test_r2	0.9455866796180021		1	ok
mae_future	physics	pooled	ridge	40	enstrophy		test_pearson_r	0.9724858712090544		1	ok
mae_future	physics	pooled	ridge	40	enstrophy		test_mse	111.78651498165233		1	ok
mae_future	physics	pooled	ridge	40	enstrophy		test_log_mse	2.0483894169468178		1	ok
mae_future	physics	pooled	ridge_plus_control	40	enstrophy		test_vrmse	0.16230170297613908		1	ok
mae_future	physics	pooled	ridge_plus_control	40	enstrophy		test_r2	0.9736581572110451		1	ok
mae_future	physics	pooled	ridge_plus_control	40	enstrophy		test_pearson_r	0.9869119707194998		1	ok
mae_future	physics	pooled	ridge_plus_control	40	enstrophy		test_mse	54.11657996423332		1	ok
mae_future	physics	pooled	ridge_plus_control	40	enstrophy		test_log_mse	1.7333303424415842		1	ok
mae_future	physics	pooled	selected	40	enstrophy		test_vrmse	0.22235330769353298		1	ok
mae_future	physics	pooled	selected	40	enstrophy		test_r2	0.9505590065577451		1	ok
mae_future	physics	pooled	selected	40	enstrophy		test_pearson_r	0.9750430848603968		1	ok
mae_future	physics	pooled	selected	40	enstrophy		test_mse	101.57138574415887		1	ok
mae_future	physics	pooled	selected	40	enstrophy		test_log_mse	2.0067713775965843		1	ok
mae_future	physics	pooled	mlp	40	pressure_gradient_magnitude		test_vrmse	0.10312797420125194		1	ok
mae_future	physics	pooled	mlp	40	pressure_gradient_magnitude		test_r2	0.9893646209371459		1	ok
mae_future	physics	pooled	mlp	40	pressure_gradient_magnitude		test_pearson_r	0.9947638649791355		1	ok
mae_future	physics	pooled	mlp	40	pressure_gradient_magnitude		test_mse	0.0015815396507945427		1	ok
mae_future	physics	pooled	mlp	40	pressure_gradient_magnitude		test_log_mse	-2.8009199154109785		1	ok
mae_future	physics	pooled	ridge	40	pressure_gradient_magnitude		test_vrmse	0.11237573287924345		1	ok
mae_future	physics	pooled	ridge	40	pressure_gradient_magnitude		test_r2	0.987371694659853		1	ok
mae_future	physics	pooled	ridge	40	pressure_gradient_magnitude		test_pearson_r	0.9936846946240749		1	ok
mae_future	physics	pooled	ridge	40	pressure_gradient_magnitude		test_mse	0.001877898803582783		1	ok
mae_future	physics	pooled	ridge	40	pressure_gradient_magnitude		test_log_mse	-2.7263278147481453		1	ok
mae_future	physics	pooled	ridge_plus_control	40	pressure_gradient_magnitude		test_vrmse	0.1028502478953795		1	ok
mae_future	physics	pooled	ridge_plus_control	40	pressure_gradient_magnitude		test_r2	0.989421826507859		1	ok
mae_future	physics	pooled	ridge_plus_control	40	pressure_gradient_magnitude		test_pearson_r	0.9947266577412457		1	ok
mae_future	physics	pooled	ridge_plus_control	40	pressure_gradient_magnitude		test_mse	0.001573032866241367		1	ok
mae_future	physics	pooled	ridge_plus_control	40	pressure_gradient_magnitude		test_log_mse	-2.803262203328301		1	ok
mae_future	physics	pooled	selected	40	pressure_gradient_magnitude		test_vrmse	0.10312797420125194		1	ok
mae_future	physics	pooled	selected	40	pressure_gradient_magnitude		test_r2	0.9893646209371459		1	ok
mae_future	physics	pooled	selected	40	pressure_gradient_magnitude		test_pearson_r	0.9947638649791355		1	ok
mae_future	physics	pooled	selected	40	pressure_gradient_magnitude		test_mse	0.0015815396507945427		1	ok
mae_future	physics	pooled	selected	40	pressure_gradient_magnitude		test_log_mse	-2.8009199154109785		1	ok
mae_future	physics	token	mlp	0	buoyancy_gradient_energy		test_vrmse	0.14838319099562247		1	ok
mae_future	physics	token	mlp	0	buoyancy_gradient_energy		test_r2	0.9779824286299567		1	ok
mae_future	physics	token	mlp	0	buoyancy_gradient_energy		test_pearson_r	0.9893779391851211		1	ok
mae_future	physics	token	mlp	0	buoyancy_gradient_energy		test_mse	3284.72785964545		1	ok
mae_future	physics	token	mlp	0	buoyancy_gradient_energy		test_log_mse	3.516499394002301		1	ok
mae_future	physics	token	ridge	0	buoyancy_gradient_energy		test_vrmse	0.41019616844704077		1	ok
mae_future	physics	token	ridge	0	buoyancy_gradient_energy		test_r2	0.8317391033913669		1	ok
mae_future	physics	token	ridge	0	buoyancy_gradient_energy		test_pearson_r	0.9153163042764408		1	ok
mae_future	physics	token	ridge	0	buoyancy_gradient_energy		test_mse	25102.28060535682		1	ok
mae_future	physics	token	ridge	0	buoyancy_gradient_energy		test_log_mse	4.399713180019997		1	ok
mae_future	physics	token	selected	0	buoyancy_gradient_energy		test_vrmse	0.14838319099562247		1	ok
mae_future	physics	token	selected	0	buoyancy_gradient_energy		test_r2	0.9779824286299567		1	ok
mae_future	physics	token	selected	0	buoyancy_gradient_energy		test_pearson_r	0.9893779391851211		1	ok
mae_future	physics	token	selected	0	buoyancy_gradient_energy		test_mse	3284.72785964545		1	ok
mae_future	physics	token	selected	0	buoyancy_gradient_energy		test_log_mse	3.516499394002301		1	ok
mae_future	physics	token	mlp	0	buoyancy_laplacian_magnitude		test_vrmse	0.2758979197219006		1	ok
mae_future	physics	token	mlp	0	buoyancy_laplacian_magnitude		test_r2	0.9238803378931277		1	ok
mae_future	physics	token	mlp	0	buoyancy_laplacian_magnitude		test_pearson_r	0.9620740698564975		1	ok
mae_future	physics	token	mlp	0	buoyancy_laplacian_magnitude		test_mse	371600.870932885		1	ok
mae_future	physics	token	mlp	0	buoyancy_laplacian_magnitude		test_log_mse	5.5700767231927095		1	ok
mae_future	physics	token	ridge	0	buoyancy_laplacian_magnitude		test_vrmse	0.5633846168664111		1	ok
mae_future	physics	token	ridge	0	buoyancy_laplacian_magnitude		test_r2	0.6825977734782873		1	ok
mae_future	physics	token	ridge	0	buoyancy_laplacian_magnitude		test_pearson_r	0.8262010656025858		1	ok
mae_future	physics	token	ridge	0	buoyancy_laplacian_magnitude		test_mse	1549493.7910510863		1	ok
mae_future	physics	token	ridge	0	buoyancy_laplacian_magnitude		test_log_mse	6.190189840325122		1	ok
mae_future	physics	token	selected	0	buoyancy_laplacian_magnitude		test_vrmse	0.2758979197219006		1	ok
mae_future	physics	token	selected	0	buoyancy_laplacian_magnitude		test_r2	0.9238803378931277		1	ok
mae_future	physics	token	selected	0	buoyancy_laplacian_magnitude		test_pearson_r	0.9620740698564975		1	ok
mae_future	physics	token	selected	0	buoyancy_laplacian_magnitude		test_mse	371600.870932885		1	ok
mae_future	physics	token	selected	0	buoyancy_laplacian_magnitude		test_log_mse	5.5700767231927095		1	ok
mae_future	physics	token	mlp	0	convective_flux		test_vrmse	0.0521182864173563		1	ok
mae_future	physics	token	mlp	0	convective_flux		test_r2	0.9972836842209184		1	ok
mae_future	physics	token	mlp	0	convective_flux		test_pearson_r	0.9987700214669695		1	ok
mae_future	physics	token	mlp	0	convective_flux		test_mse	1.4183004743029916e-05		1	ok
mae_future	physics	token	mlp	0	convective_flux		test_log_mse	-4.848231751869584		1	ok
mae_future	physics	token	ridge	0	convective_flux		test_vrmse	0.168010367722443		1	ok
mae_future	physics	token	ridge	0	convective_flux		test_r2	0.9717725163377695		1	ok
mae_future	physics	token	ridge	0	convective_flux		test_pearson_r	0.9866331731351542		1	ok
mae_future	physics	token	ridge	0	convective_flux		test_mse	0.00014738733167488256		1	ok
mae_future	physics	token	ridge	0	convective_flux		test_log_mse	-3.8315398436149115		1	ok
mae_future	physics	token	selected	0	convective_flux		test_vrmse	0.0521182864173563		1	ok
mae_future	physics	token	selected	0	convective_flux		test_r2	0.9972836842209184		1	ok
mae_future	physics	token	selected	0	convective_flux		test_pearson_r	0.9987700214669695		1	ok
mae_future	physics	token	selected	0	convective_flux		test_mse	1.4183004743029916e-05		1	ok
mae_future	physics	token	selected	0	convective_flux		test_log_mse	-4.848231751869584		1	ok
mae_future	physics	token	mlp	0	enstrophy		test_vrmse	0.264921197420155		1	ok
mae_future	physics	token	mlp	0	enstrophy		test_r2	0.9298167591574713		1	ok
mae_future	physics	token	mlp	0	enstrophy		test_pearson_r	0.9686266660549648		1	ok
mae_future	physics	token	mlp	0	enstrophy		test_mse	4929.2116727807415		1	ok
mae_future	physics	token	mlp	0	enstrophy		test_log_mse	3.6927774682555152		1	ok
mae_future	physics	token	ridge	0	enstrophy		test_vrmse	0.7176812667864697		1	ok
mae_future	physics	token	ridge	0	enstrophy		test_r2	0.4849335993037681		1	ok
mae_future	physics	token	ridge	0	enstrophy		test_pearson_r	0.699632928088742		1	ok
mae_future	physics	token	ridge	0	enstrophy		test_mse	36174.89423529949		1	ok
mae_future	physics	token	ridge	0	enstrophy		test_log_mse	4.558407270044206		1	ok
mae_future	physics	token	selected	0	enstrophy		test_vrmse	0.264921197420155		1	ok
mae_future	physics	token	selected	0	enstrophy		test_r2	0.9298167591574713		1	ok
mae_future	physics	token	selected	0	enstrophy		test_pearson_r	0.9686266660549648		1	ok
mae_future	physics	token	selected	0	enstrophy		test_mse	4929.2116727807415		1	ok
mae_future	physics	token	selected	0	enstrophy		test_log_mse	3.6927774682555152		1	ok
mae_future	physics	token	mlp	0	pressure_gradient_magnitude		test_vrmse	0.19231291573598588		1	ok
mae_future	physics	token	mlp	0	pressure_gradient_magnitude		test_r2	0.9630157424411236		1	ok
mae_future	physics	token	mlp	0	pressure_gradient_magnitude		test_pearson_r	0.9817463912612694		1	ok
mae_future	physics	token	mlp	0	pressure_gradient_magnitude		test_mse	0.008881907241675433		1	ok
mae_future	physics	token	mlp	0	pressure_gradient_magnitude		test_log_mse	-2.0514937666992563		1	ok
mae_future	physics	token	ridge	0	pressure_gradient_magnitude		test_vrmse	0.38398888646060736		1	ok
mae_future	physics	token	ridge	0	pressure_gradient_magnitude		test_r2	0.8525525350747428		1	ok
mae_future	physics	token	ridge	0	pressure_gradient_magnitude		test_pearson_r	0.9234178010924422		1	ok
mae_future	physics	token	ridge	0	pressure_gradient_magnitude		test_mse	0.03541005803351627		1	ok
mae_future	physics	token	ridge	0	pressure_gradient_magnitude		test_log_mse	-1.4508733614764209		1	ok
mae_future	physics	token	selected	0	pressure_gradient_magnitude		test_vrmse	0.19231291573598588		1	ok
mae_future	physics	token	selected	0	pressure_gradient_magnitude		test_r2	0.9630157424411236		1	ok
mae_future	physics	token	selected	0	pressure_gradient_magnitude		test_pearson_r	0.9817463912612694		1	ok
mae_future	physics	token	selected	0	pressure_gradient_magnitude		test_mse	0.008881907241675433		1	ok
mae_future	physics	token	selected	0	pressure_gradient_magnitude		test_log_mse	-2.0514937666992563		1	ok
mae_future	physics	token	mlp	16	buoyancy_gradient_energy		test_vrmse	0.38047722063074374		1	ok
mae_future	physics	token	mlp	16	buoyancy_gradient_energy		test_r2	0.8552370845811044		1	ok
mae_future	physics	token	mlp	16	buoyancy_gradient_energy		test_pearson_r	0.9266801790074225		1	ok
mae_future	physics	token	mlp	16	buoyancy_gradient_energy		test_mse	29713.12924220994		1	ok
mae_future	physics	token	mlp	16	buoyancy_gradient_energy		test_log_mse	4.472948391994156		1	ok
mae_future	physics	token	ridge	16	buoyancy_gradient_energy		test_vrmse	0.5351496222527787		1	ok
mae_future	physics	token	ridge	16	buoyancy_gradient_energy		test_r2	0.7136148818027083		1	ok
mae_future	physics	token	ridge	16	buoyancy_gradient_energy		test_pearson_r	0.8447655684240067		1	ok
mae_future	physics	token	ridge	16	buoyancy_gradient_energy		test_mse	58781.615480859415		1	ok
mae_future	physics	token	ridge	16	buoyancy_gradient_energy		test_log_mse	4.769241517510359		1	ok
mae_future	physics	token	selected	16	buoyancy_gradient_energy		test_vrmse	0.38047722063074374		1	ok
mae_future	physics	token	selected	16	buoyancy_gradient_energy		test_r2	0.8552370845811044		1	ok
mae_future	physics	token	selected	16	buoyancy_gradient_energy		test_pearson_r	0.9266801790074225		1	ok
mae_future	physics	token	selected	16	buoyancy_gradient_energy		test_mse	29713.12924220994		1	ok
mae_future	physics	token	selected	16	buoyancy_gradient_energy		test_log_mse	4.472948391994156		1	ok
mae_future	physics	token	mlp	16	buoyancy_laplacian_magnitude		test_vrmse	0.40042051299963727		1	ok
mae_future	physics	token	mlp	16	buoyancy_laplacian_magnitude		test_r2	0.8396634127691074		1	ok
mae_future	physics	token	mlp	16	buoyancy_laplacian_magnitude		test_pearson_r	0.9170536695239668		1	ok
mae_future	physics	token	mlp	16	buoyancy_laplacian_magnitude		test_mse	841923.233874064		1	ok
mae_future	physics	token	mlp	16	buoyancy_laplacian_magnitude		test_log_mse	5.925272494558122		1	ok
mae_future	physics	token	ridge	16	buoyancy_laplacian_magnitude		test_vrmse	0.5988208226419468		1	ok
mae_future	physics	token	ridge	16	buoyancy_laplacian_magnitude		test_r2	0.6414136223704221		1	ok
mae_future	physics	token	ridge	16	buoyancy_laplacian_magnitude		test_pearson_r	0.8010048984644965		1	ok
mae_future	physics	token	ridge	16	buoyancy_laplacian_magnitude		test_mse	1882927.7078370538		1	ok
mae_future	physics	token	ridge	16	buoyancy_laplacian_magnitude		test_log_mse	6.274833646256629		1	ok
mae_future	physics	token	selected	16	buoyancy_laplacian_magnitude		test_vrmse	0.40042051299963727		1	ok
mae_future	physics	token	selected	16	buoyancy_laplacian_magnitude		test_r2	0.8396634127691074		1	ok
mae_future	physics	token	selected	16	buoyancy_laplacian_magnitude		test_pearson_r	0.9170536695239668		1	ok
mae_future	physics	token	selected	16	buoyancy_laplacian_magnitude		test_mse	841923.233874064		1	ok
mae_future	physics	token	selected	16	buoyancy_laplacian_magnitude		test_log_mse	5.925272494558122		1	ok
mae_future	physics	token	mlp	16	convective_flux		test_vrmse	0.5159284825696474		1	ok
mae_future	physics	token	mlp	16	convective_flux		test_r2	0.7338178008733811		1	ok
mae_future	physics	token	mlp	16	convective_flux		test_pearson_r	0.8566635305489415		1	ok
mae_future	physics	token	mlp	16	convective_flux		test_mse	0.0015680118511064798		1	ok
mae_future	physics	token	mlp	16	convective_flux		test_log_mse	-2.804650659221288		1	ok
mae_future	physics	token	ridge	16	convective_flux		test_vrmse	0.6188005296519167		1	ok
mae_future	physics	token	ridge	16	convective_flux		test_r2	0.6170859045025073		1	ok
mae_future	physics	token	ridge	16	convective_flux		test_pearson_r	0.7883722939016421		1	ok
mae_future	physics	token	ridge	16	convective_flux		test_mse	0.002255649858126609		1	ok
mae_future	physics	token	ridge	16	convective_flux		test_log_mse	-2.6467283144782776		1	ok
mae_future	physics	token	selected	16	convective_flux		test_vrmse	0.5159284825696474		1	ok
mae_future	physics	token	selected	16	convective_flux		test_r2	0.7338178008733811		1	ok
mae_future	physics	token	selected	16	convective_flux		test_pearson_r	0.8566635305489415		1	ok
mae_future	physics	token	selected	16	convective_flux		test_mse	0.0015680118511064798		1	ok
mae_future	physics	token	selected	16	convective_flux		test_log_mse	-2.804650659221288		1	ok
mae_future	physics	token	mlp	16	enstrophy		test_vrmse	0.752904628864867		1	ok
mae_future	physics	token	mlp	16	enstrophy		test_r2	0.4331346198338569		1	ok
mae_future	physics	token	mlp	16	enstrophy		test_pearson_r	0.692378346495212		1	ok
mae_future	physics	token	mlp	16	enstrophy		test_mse	27386.103989626237		1	ok
mae_future	physics	token	mlp	16	enstrophy		test_log_mse	4.4375302529127385		1	ok
mae_future	physics	token	ridge	16	enstrophy		test_vrmse	0.7975488114646008		1	ok
mae_future	physics	token	ridge	16	enstrophy		test_r2	0.3639158933314026		1	ok
mae_future	physics	token	ridge	16	enstrophy		test_pearson_r	0.6084446802324185		1	ok
mae_future	physics	token	ridge	16	enstrophy		test_mse	30730.16292910516		1	ok
mae_future	physics	token	ridge	16	enstrophy		test_log_mse	4.48756486286047		1	ok
mae_future	physics	token	selected	16	enstrophy		test_vrmse	0.752904628864867		1	ok
mae_future	physics	token	selected	16	enstrophy		test_r2	0.4331346198338569		1	ok
mae_future	physics	token	selected	16	enstrophy		test_pearson_r	0.692378346495212		1	ok
mae_future	physics	token	selected	16	enstrophy		test_mse	27386.103989626237		1	ok
mae_future	physics	token	selected	16	enstrophy		test_log_mse	4.4375302529127385		1	ok
mae_future	physics	token	mlp	16	pressure_gradient_magnitude		test_vrmse	0.6511664144035664		1	ok
mae_future	physics	token	mlp	16	pressure_gradient_magnitude		test_r2	0.5759823007528029		1	ok
mae_future	physics	token	mlp	16	pressure_gradient_magnitude		test_pearson_r	0.7590913439458663		1	ok
mae_future	physics	token	mlp	16	pressure_gradient_magnitude		test_mse	0.11352331590302758		1	ok
mae_future	physics	token	mlp	16	pressure_gradient_magnitude		test_log_mse	-0.9449149320559068		1	ok
mae_future	physics	token	ridge	16	pressure_gradient_magnitude		test_vrmse	0.6822550518831962		1	ok
mae_future	physics	token	ridge	16	pressure_gradient_magnitude		test_r2	0.5345280441798572		1	ok
mae_future	physics	token	ridge	16	pressure_gradient_magnitude		test_pearson_r	0.7311834509216074		1	ok
mae_future	physics	token	ridge	16	pressure_gradient_magnitude		test_mse	0.12462196738104554		1	ok
mae_future	physics	token	ridge	16	pressure_gradient_magnitude		test_log_mse	-0.9044053969105981		1	ok
mae_future	physics	token	selected	16	pressure_gradient_magnitude		test_vrmse	0.6511664144035664		1	ok
mae_future	physics	token	selected	16	pressure_gradient_magnitude		test_r2	0.5759823007528029		1	ok
mae_future	physics	token	selected	16	pressure_gradient_magnitude		test_pearson_r	0.7590913439458663		1	ok
mae_future	physics	token	selected	16	pressure_gradient_magnitude		test_mse	0.11352331590302758		1	ok
mae_future	physics	token	selected	16	pressure_gradient_magnitude		test_log_mse	-0.9449149320559068		1	ok
mae_future	physics	token	mlp	40	buoyancy_gradient_energy		test_vrmse	0.3427837345684164		1	ok
mae_future	physics	token	mlp	40	buoyancy_gradient_energy		test_r2	0.8824993113153294		1	ok
mae_future	physics	token	mlp	40	buoyancy_gradient_energy		test_pearson_r	0.9421004126875662		1	ok
mae_future	physics	token	mlp	40	buoyancy_gradient_energy		test_mse	25247.387792234145		1	ok
mae_future	physics	token	mlp	40	buoyancy_gradient_energy		test_log_mse	4.402216450727757		1	ok
mae_future	physics	token	ridge	40	buoyancy_gradient_energy		test_vrmse	0.4926505221405131		1	ok
mae_future	physics	token	ridge	40	buoyancy_gradient_energy		test_r2	0.7572954630346799		1	ok
mae_future	physics	token	ridge	40	buoyancy_gradient_energy		test_pearson_r	0.8703679210980483		1	ok
mae_future	physics	token	ridge	40	buoyancy_gradient_energy		test_mse	52149.9544580754		1	ok
mae_future	physics	token	ridge	40	buoyancy_gradient_energy		test_log_mse	4.717253933498596		1	ok
mae_future	physics	token	selected	40	buoyancy_gradient_energy		test_vrmse	0.3427837345684164		1	ok
mae_future	physics	token	selected	40	buoyancy_gradient_energy		test_r2	0.8824993113153294		1	ok
mae_future	physics	token	selected	40	buoyancy_gradient_energy		test_pearson_r	0.9421004126875662		1	ok
mae_future	physics	token	selected	40	buoyancy_gradient_energy		test_mse	25247.387792234145		1	ok
mae_future	physics	token	selected	40	buoyancy_gradient_energy		test_log_mse	4.402216450727757		1	ok
mae_future	physics	token	mlp	40	buoyancy_laplacian_magnitude		test_vrmse	0.3096685591574935		1	ok
mae_future	physics	token	mlp	40	buoyancy_laplacian_magnitude		test_r2	0.904105383469322		1	ok
mae_future	physics	token	mlp	40	buoyancy_laplacian_magnitude		test_pearson_r	0.9515205603762134		1	ok
mae_future	physics	token	mlp	40	buoyancy_laplacian_magnitude		test_mse	517474.60947887547		1	ok
mae_future	physics	token	mlp	40	buoyancy_laplacian_magnitude		test_log_mse	5.713889045464727		1	ok
mae_future	physics	token	ridge	40	buoyancy_laplacian_magnitude		test_vrmse	0.5359652536962551		1	ok
mae_future	physics	token	ridge	40	buoyancy_laplacian_magnitude		test_r2	0.7127412468303088		1	ok
mae_future	physics	token	ridge	40	buoyancy_laplacian_magnitude		test_pearson_r	0.8458403651123777		1	ok
mae_future	physics	token	ridge	40	buoyancy_laplacian_magnitude		test_mse	1550129.8873051929		1	ok
mae_future	physics	token	ridge	40	buoyancy_laplacian_magnitude		test_log_mse	6.190368089768062		1	ok
mae_future	physics	token	selected	40	buoyancy_laplacian_magnitude		test_vrmse	0.3096685591574935		1	ok
mae_future	physics	token	selected	40	buoyancy_laplacian_magnitude		test_r2	0.904105383469322		1	ok
mae_future	physics	token	selected	40	buoyancy_laplacian_magnitude		test_pearson_r	0.9515205603762134		1	ok
mae_future	physics	token	selected	40	buoyancy_laplacian_magnitude		test_mse	517474.60947887547		1	ok
mae_future	physics	token	selected	40	buoyancy_laplacian_magnitude		test_log_mse	5.713889045464727		1	ok
mae_future	physics	token	mlp	40	convective_flux		test_vrmse	0.6293073576428682		1	ok
mae_future	physics	token	mlp	40	convective_flux		test_r2	0.6039722496165512		1	ok
mae_future	physics	token	mlp	40	convective_flux		test_pearson_r	0.7772369717689288		1	ok
mae_future	physics	token	mlp	40	convective_flux		test_mse	0.0026987735336924893		1	ok
mae_future	physics	token	mlp	40	convective_flux		test_log_mse	-2.568833557530997		1	ok
mae_future	physics	token	ridge	40	convective_flux		test_vrmse	0.6904621233909665		1	ok
mae_future	physics	token	ridge	40	convective_flux		test_r2	0.5232620561624377		1	ok
mae_future	physics	token	ridge	40	convective_flux		test_pearson_r	0.7248112431196052		1	ok
mae_future	physics	token	ridge	40	convective_flux		test_mse	0.0032487817939274403		1	ok
mae_future	physics	token	ridge	40	convective_flux		test_log_mse	-2.4882794572840266		1	ok
mae_future	physics	token	selected	40	convective_flux		test_vrmse	0.6293073576428682		1	ok
mae_future	physics	token	selected	40	convective_flux		test_r2	0.6039722496165512		1	ok
mae_future	physics	token	selected	40	convective_flux		test_pearson_r	0.7772369717689288		1	ok
mae_future	physics	token	selected	40	convective_flux		test_mse	0.0026987735336924893		1	ok
mae_future	physics	token	selected	40	convective_flux		test_log_mse	-2.568833557530997		1	ok
mae_future	physics	token	mlp	40	enstrophy		test_vrmse	0.7744948184635329		1	ok
mae_future	physics	token	mlp	40	enstrophy		test_r2	0.4001577761731393		1	ok
mae_future	physics	token	mlp	40	enstrophy		test_pearson_r	0.645387865275859		1	ok
mae_future	physics	token	mlp	40	enstrophy		test_mse	45593.38588718484		1	ok
mae_future	physics	token	mlp	40	enstrophy		test_log_mse	4.658901845273223		1	ok
mae_future	physics	token	ridge	40	enstrophy		test_vrmse	0.8307394254119451		1	ok
mae_future	physics	token	ridge	40	enstrophy		test_r2	0.3098720070662313		1	ok
mae_future	physics	token	ridge	40	enstrophy		test_pearson_r	0.5587811378133203		1	ok
mae_future	physics	token	ridge	40	enstrophy		test_mse	52455.91364448507		1	ok
mae_future	physics	token	ridge	40	enstrophy		test_log_mse	4.719794455702029		1	ok
mae_future	physics	token	selected	40	enstrophy		test_vrmse	0.7744948184635329		1	ok
mae_future	physics	token	selected	40	enstrophy		test_r2	0.4001577761731393		1	ok
mae_future	physics	token	selected	40	enstrophy		test_pearson_r	0.645387865275859		1	ok
mae_future	physics	token	selected	40	enstrophy		test_mse	45593.38588718484		1	ok
mae_future	physics	token	selected	40	enstrophy		test_log_mse	4.658901845273223		1	ok
mae_future	physics	token	mlp	40	pressure_gradient_magnitude		test_vrmse	0.6996040535971922		1	ok
mae_future	physics	token	mlp	40	pressure_gradient_magnitude		test_r2	0.510554168190377		1	ok
mae_future	physics	token	mlp	40	pressure_gradient_magnitude		test_pearson_r	0.7146026334257913		1	ok
mae_future	physics	token	mlp	40	pressure_gradient_magnitude		test_mse	0.1670869840183961		1	ok
mae_future	physics	token	mlp	40	pressure_gradient_magnitude		test_log_mse	-0.7770573800835995		1	ok
mae_future	physics	token	ridge	40	pressure_gradient_magnitude		test_vrmse	0.7197027223978216		1	ok
mae_future	physics	token	ridge	40	pressure_gradient_magnitude		test_r2	0.4820279913731641		1	ok
mae_future	physics	token	ridge	40	pressure_gradient_magnitude		test_pearson_r	0.6945268561625041		1	ok
mae_future	physics	token	ridge	40	pressure_gradient_magnitude		test_mse	0.1768252482760383		1	ok
mae_future	physics	token	ridge	40	pressure_gradient_magnitude		test_log_mse	-0.7524557234627486		1	ok
mae_future	physics	token	selected	40	pressure_gradient_magnitude		test_vrmse	0.6996040535971922		1	ok
mae_future	physics	token	selected	40	pressure_gradient_magnitude		test_r2	0.510554168190377		1	ok
mae_future	physics	token	selected	40	pressure_gradient_magnitude		test_pearson_r	0.7146026334257913		1	ok
mae_future	physics	token	selected	40	pressure_gradient_magnitude		test_mse	0.1670869840183961		1	ok
mae_future	physics	token	selected	40	pressure_gradient_magnitude		test_log_mse	-0.7770573800835995		1	ok
mae_future	regime	pooled	mlp	0	log10_Prandtl		test_vrmse	0.03525188892419485		1	ok
mae_future	regime	pooled	mlp	0	log10_Prandtl		test_r2	0.9987573043272763		1	ok
mae_future	regime	pooled	mlp	0	log10_Prandtl		test_pearson_r	0.9993981434743409		1	ok
mae_future	regime	pooled	mlp	0	log10_Prandtl		test_mse	0.0005606965168703186		1	ok
mae_future	regime	pooled	mlp	0	log10_Prandtl		test_log_mse	-3.251272141794673		1	ok
mae_future	regime	pooled	ridge	0	log10_Prandtl		test_vrmse	0.03878591946713394		1	ok
mae_future	regime	pooled	ridge	0	log10_Prandtl		test_r2	0.998495652451089		1	ok
mae_future	regime	pooled	ridge	0	log10_Prandtl		test_pearson_r	0.9992732879385303		1	ok
mae_future	regime	pooled	ridge	0	log10_Prandtl		test_mse	0.0006787522072785792		1	ok
mae_future	regime	pooled	ridge	0	log10_Prandtl		test_log_mse	-3.1682887450902446		1	ok
mae_future	regime	pooled	mlp	0	log10_Rayleigh		test_vrmse	0.022785111988536305		1	ok
mae_future	regime	pooled	mlp	0	log10_Rayleigh		test_r2	0.9994808386716698		1	ok
mae_future	regime	pooled	mlp	0	log10_Rayleigh		test_pearson_r	0.999760751658092		1	ok
mae_future	regime	pooled	mlp	0	log10_Rayleigh		test_mse	0.0010383226566602816		1	ok
mae_future	regime	pooled	mlp	0	log10_Rayleigh		test_log_mse	-2.9836676693848565		1	ok
mae_future	regime	pooled	ridge	0	log10_Rayleigh		test_vrmse	0.02139689313376963		1	ok
mae_future	regime	pooled	ridge	0	log10_Rayleigh		test_r2	0.999542172964222		1	ok
mae_future	regime	pooled	ridge	0	log10_Rayleigh		test_pearson_r	0.9997752721420111		1	ok
mae_future	regime	pooled	ridge	0	log10_Rayleigh		test_mse	0.0009156540715559159		1	ok
mae_future	regime	pooled	ridge	0	log10_Rayleigh		test_log_mse	-3.0382685691156843		1	ok
shared	physics	pooled	regime_time	0	buoyancy_gradient_energy		test_vrmse	0.6271934561849316		1	ok
shared	physics	pooled	regime_time	0	buoyancy_gradient_energy		test_r2	0.6066283685188003		1	ok
shared	physics	pooled	regime_time	0	buoyancy_gradient_energy		test_pearson_r	0.7794814353316957		1	ok
shared	physics	pooled	regime_time	0	buoyancy_gradient_energy		test_mse	2577.997091908004		1	ok
shared	physics	pooled	regime_time	0	buoyancy_gradient_energy		test_log_mse	3.411282423114739		1	ok
shared	physics	pooled	regime_time	0	buoyancy_laplacian_magnitude		test_vrmse	0.6383715474467664		1	ok
shared	physics	pooled	regime_time	0	buoyancy_laplacian_magnitude		test_r2	0.5924817674104209		1	ok
shared	physics	pooled	regime_time	0	buoyancy_laplacian_magnitude		test_pearson_r	0.7707829044559402		1	ok
shared	physics	pooled	regime_time	0	buoyancy_laplacian_magnitude		test_mse	438487.73967387807		1	ok
shared	physics	pooled	regime_time	0	buoyancy_laplacian_magnitude		test_log_mse	5.641957454791182		1	ok
shared	physics	pooled	regime_time	0	convective_flux		test_vrmse	0.5553236154043204		1	ok
shared	physics	pooled	regime_time	0	convective_flux		test_r2	0.6916156821742745		1	ok
shared	physics	pooled	regime_time	0	convective_flux		test_pearson_r	0.8320734589923482		1	ok
shared	physics	pooled	regime_time	0	convective_flux		test_mse	5.50244792479924e-06		1	ok
shared	physics	pooled	regime_time	0	convective_flux		test_log_mse	-5.259444058920794		1	ok
shared	physics	pooled	regime_time	0	enstrophy		test_vrmse	0.41884973079262294		1	ok
shared	physics	pooled	regime_time	0	enstrophy		test_r2	0.8245649030149473		1	ok
shared	physics	pooled	regime_time	0	enstrophy		test_pearson_r	0.9080598424546587		1	ok
shared	physics	pooled	regime_time	0	enstrophy		test_mse	291.8019711526316		1	ok
shared	physics	pooled	regime_time	0	enstrophy		test_log_mse	2.4650882212716874		1	ok
shared	physics	pooled	regime_time	0	pressure_gradient_magnitude		test_vrmse	0.45683573937658417		1	ok
shared	physics	pooled	regime_time	0	pressure_gradient_magnitude		test_r2	0.7913011072282496		1	ok
shared	physics	pooled	regime_time	0	pressure_gradient_magnitude		test_pearson_r	0.8896744463666096		1	ok
shared	physics	pooled	regime_time	0	pressure_gradient_magnitude		test_mse	0.0218153174951134		1	ok
shared	physics	pooled	regime_time	0	pressure_gradient_magnitude		test_log_mse	-1.6612384620091623		1	ok
shared	physics	pooled	persistence	16	buoyancy_gradient_energy		test_vrmse	0.7749095645962867		1	ok
shared	physics	pooled	persistence	16	buoyancy_gradient_energy		test_r2	0.39951516669719334		1	ok
shared	physics	pooled	persistence	16	buoyancy_gradient_energy		test_pearson_r	0.8877107429776367		1	ok
shared	physics	pooled	persistence	16	buoyancy_gradient_energy		test_mse	1775.7265578187207		1	ok
shared	physics	pooled	persistence	16	buoyancy_gradient_energy		test_log_mse	3.2493760900611566		1	ok
shared	physics	pooled	regime_time	16	buoyancy_gradient_energy		test_vrmse	0.5422332196110851		1	ok
shared	physics	pooled	regime_time	16	buoyancy_gradient_energy		test_r2	0.7059831355501968		1	ok
shared	physics	pooled	regime_time	16	buoyancy_gradient_energy		test_pearson_r	0.8402638941540331		1	ok
shared	physics	pooled	regime_time	16	buoyancy_gradient_energy		test_mse	869.4533578449702		1	ok
shared	physics	pooled	regime_time	16	buoyancy_gradient_energy		test_log_mse	2.939246289071479		1	ok
shared	physics	pooled	persistence	16	buoyancy_laplacian_magnitude		test_vrmse	0.700776956121671		1	ok
shared	physics	pooled	persistence	16	buoyancy_laplacian_magnitude		test_r2	0.5089116577688456		1	ok
shared	physics	pooled	persistence	16	buoyancy_laplacian_magnitude		test_pearson_r	0.9375384072983348		1	ok
shared	physics	pooled	persistence	16	buoyancy_laplacian_magnitude		test_mse	226856.1062479701		1	ok
shared	physics	pooled	persistence	16	buoyancy_laplacian_magnitude		test_log_mse	5.35575047359149		1	ok
shared	physics	pooled	regime_time	16	buoyancy_laplacian_magnitude		test_vrmse	0.5368792044404025		1	ok
shared	physics	pooled	regime_time	16	buoyancy_laplacian_magnitude		test_r2	0.7117607198394404		1	ok
shared	physics	pooled	regime_time	16	buoyancy_laplacian_magnitude		test_pearson_r	0.8439804051245826		1	ok
shared	physics	pooled	regime_time	16	buoyancy_laplacian_magnitude		test_mse	133150.87152723307		1	ok
shared	physics	pooled	regime_time	16	buoyancy_laplacian_magnitude		test_log_mse	5.124344013420318		1	ok
shared	physics	pooled	persistence	16	convective_flux		test_vrmse	0.598289626655338		1	ok
shared	physics	pooled	persistence	16	convective_flux		test_r2	0.6420495226366163		1	ok
shared	physics	pooled	persistence	16	convective_flux		test_pearson_r	0.8274188933632055		1	ok
shared	physics	pooled	persistence	16	convective_flux		test_mse	6.000881607896202e-06		1	ok
shared	physics	pooled	persistence	16	convective_flux		test_log_mse	-5.22178494139664		1	ok
shared	physics	pooled	regime_time	16	convective_flux		test_vrmse	0.433965458713774		1	ok
shared	physics	pooled	regime_time	16	convective_flux		test_r2	0.8116739806433437		1	ok
shared	physics	pooled	regime_time	16	convective_flux		test_pearson_r	0.9009614743954978		1	ok
shared	physics	pooled	regime_time	16	convective_flux		test_mse	3.157202510721579e-06		1	ok
shared	physics	pooled	regime_time	16	convective_flux		test_log_mse	-5.500697560499862		1	ok
shared	physics	pooled	persistence	16	enstrophy		test_vrmse	0.19343398006643037		1	ok
shared	physics	pooled	persistence	16	enstrophy		test_r2	0.9625832953556598		1	ok
shared	physics	pooled	persistence	16	enstrophy		test_pearson_r	0.9811318598552721		1	ok
shared	physics	pooled	persistence	16	enstrophy		test_mse	65.33960896191795		1	ok
shared	physics	pooled	persistence	16	enstrophy		test_log_mse	1.815176531024184		1	ok
shared	physics	pooled	regime_time	16	enstrophy		test_vrmse	0.37447993921985906		1	ok
shared	physics	pooled	regime_time	16	enstrophy		test_r2	0.8597647751218906		1	ok
shared	physics	pooled	regime_time	16	enstrophy		test_pearson_r	0.9272465169694498		1	ok
shared	physics	pooled	regime_time	16	enstrophy		test_mse	244.88834180666723		1	ok
shared	physics	pooled	regime_time	16	enstrophy		test_log_mse	2.388968110524679		1	ok
shared	physics	pooled	persistence	16	pressure_gradient_magnitude		test_vrmse	0.16979580788846282		1	ok
shared	physics	pooled	persistence	16	pressure_gradient_magnitude		test_r2	0.9711693836235042		1	ok
shared	physics	pooled	persistence	16	pressure_gradient_magnitude		test_pearson_r	0.9906180343017694		1	ok
shared	physics	pooled	persistence	16	pressure_gradient_magnitude		test_mse	0.003416540859667875		1	ok
shared	physics	pooled	persistence	16	pressure_gradient_magnitude		test_log_mse	-2.466413381022904		1	ok
shared	physics	pooled	regime_time	16	pressure_gradient_magnitude		test_vrmse	0.45133724918870843		1	ok
shared	physics	pooled	regime_time	16	pressure_gradient_magnitude		test_r2	0.7962946874947697		1	ok
shared	physics	pooled	regime_time	16	pressure_gradient_magnitude		test_pearson_r	0.8924841936152057		1	ok
shared	physics	pooled	regime_time	16	pressure_gradient_magnitude		test_mse	0.02413987666503453		1	ok
shared	physics	pooled	regime_time	16	pressure_gradient_magnitude		test_log_mse	-1.6172649531215098		1	ok
shared	physics	pooled	persistence	40	buoyancy_gradient_energy		test_vrmse	1.2482563949549466		1	ok
shared	physics	pooled	persistence	40	buoyancy_gradient_energy		test_r2	-0.5581440275459195		1	ok
shared	physics	pooled	persistence	40	buoyancy_gradient_energy		test_pearson_r	0.5635198143348109		1	ok
shared	physics	pooled	persistence	40	buoyancy_gradient_energy		test_mse	4575.982207425043		1	ok
shared	physics	pooled	persistence	40	buoyancy_gradient_energy		test_log_mse	3.6604843271415795		1	ok
shared	physics	pooled	regime_time	40	buoyancy_gradient_energy		test_vrmse	0.5425173659999232		1	ok
shared	physics	pooled	regime_time	40	buoyancy_gradient_energy		test_r2	0.7056749075885054		1	ok
shared	physics	pooled	regime_time	40	buoyancy_gradient_energy		test_pearson_r	0.8405175135761331		1	ok
shared	physics	pooled	regime_time	40	buoyancy_gradient_energy		test_mse	864.378621143891		1	ok
shared	physics	pooled	regime_time	40	buoyancy_gradient_energy		test_log_mse	2.936704016848343		1	ok
shared	physics	pooled	persistence	40	buoyancy_laplacian_magnitude		test_vrmse	1.3525882727955327		1	ok
shared	physics	pooled	persistence	40	buoyancy_laplacian_magnitude		test_r2	-0.8294950357040027		1	ok
shared	physics	pooled	persistence	40	buoyancy_laplacian_magnitude		test_pearson_r	0.5196027539074274		1	ok
shared	physics	pooled	persistence	40	buoyancy_laplacian_magnitude		test_mse	804816.3036280946		1	ok
shared	physics	pooled	persistence	40	buoyancy_laplacian_magnitude		test_log_mse	5.905696765554793		1	ok
shared	physics	pooled	regime_time	40	buoyancy_laplacian_magnitude		test_vrmse	0.527349399736891		1	ok
shared	physics	pooled	regime_time	40	buoyancy_laplacian_magnitude		test_r2	0.7219026105971408		1	ok
shared	physics	pooled	regime_time	40	buoyancy_laplacian_magnitude		test_pearson_r	0.8498296544582894		1	ok
shared	physics	pooled	regime_time	40	buoyancy_laplacian_magnitude		test_mse	122338.30025218161		1	ok
shared	physics	pooled	regime_time	40	buoyancy_laplacian_magnitude		test_log_mse	5.087562442189033		1	ok
shared	physics	pooled	persistence	40	convective_flux		test_vrmse	0.778561403202787		1	ok
shared	physics	pooled	persistence	40	convective_flux		test_r2	0.3938421414429073		1	ok
shared	physics	pooled	persistence	40	convective_flux		test_pearson_r	0.7128523734895448		1	ok
shared	physics	pooled	persistence	40	convective_flux		test_mse	1.042451742345218e-05		1	ok
shared	physics	pooled	persistence	40	convective_flux		test_log_mse	-4.981944040448472		1	ok
shared	physics	pooled	regime_time	40	convective_flux		test_vrmse	0.5968667740537834		1	ok
shared	physics	pooled	regime_time	40	convective_flux		test_r2	0.6437500540306298		1	ok
shared	physics	pooled	regime_time	40	convective_flux		test_pearson_r	0.8027103932589479		1	ok
shared	physics	pooled	regime_time	40	convective_flux		test_mse	6.126677591381599e-06		1	ok
shared	physics	pooled	regime_time	40	convective_flux		test_log_mse	-5.212774973261651		1	ok
shared	physics	pooled	persistence	40	enstrophy		test_vrmse	0.3550660333609484		1	ok
shared	physics	pooled	persistence	40	enstrophy		test_r2	0.8739281119533219		1	ok
shared	physics	pooled	persistence	40	enstrophy		test_pearson_r	0.9402198744440525		1	ok
shared	physics	pooled	persistence	40	enstrophy		test_mse	259.00159929511966		1	ok
shared	physics	pooled	persistence	40	enstrophy		test_log_mse	2.4133024457912944		1	ok
shared	physics	pooled	regime_time	40	enstrophy		test_vrmse	0.3821400018661355		1	ok
shared	physics	pooled	regime_time	40	enstrophy		test_r2	0.8539690189737499		1	ok
shared	physics	pooled	regime_time	40	enstrophy		test_pearson_r	0.9242466415987147		1	ok
shared	physics	pooled	regime_time	40	enstrophy		test_mse	300.00548273244186		1	ok
shared	physics	pooled	regime_time	40	enstrophy		test_log_mse	2.477129191715286		1	ok
shared	physics	pooled	persistence	40	pressure_gradient_magnitude		test_vrmse	0.3261889639153882		1	ok
shared	physics	pooled	persistence	40	pressure_gradient_magnitude		test_r2	0.8936007598198056		1	ok
shared	physics	pooled	persistence	40	pressure_gradient_magnitude		test_pearson_r	0.9725667914933361		1	ok
shared	physics	pooled	persistence	40	pressure_gradient_magnitude		test_mse	0.015822155107486274		1	ok
shared	physics	pooled	persistence	40	pressure_gradient_magnitude		test_log_mse	-1.8007343623336536		1	ok
shared	physics	pooled	regime_time	40	pressure_gradient_magnitude		test_vrmse	0.4184137589891128		1	ok
shared	physics	pooled	regime_time	40	pressure_gradient_magnitude		test_r2	0.8249299262886006		1	ok
shared	physics	pooled	regime_time	40	pressure_gradient_magnitude		test_pearson_r	0.9083687530026722		1	ok
shared	physics	pooled	regime_time	40	pressure_gradient_magnitude		test_mse	0.026033887612821813		1	ok
shared	physics	pooled	regime_time	40	pressure_gradient_magnitude		test_log_mse	-1.5844609743137819		1	ok
shared	physics	token	position	0	buoyancy_gradient_energy		test_vrmse	0.8757964411884239		1	ok
shared	physics	token	position	0	buoyancy_gradient_energy		test_r2	0.23298059360169143		1	ok
shared	physics	token	position	0	buoyancy_gradient_energy		test_pearson_r	0.4828228228911278		1	ok
shared	physics	token	position	0	buoyancy_gradient_energy		test_mse	114429.06080518705		1	ok
shared	physics	token	position	0	buoyancy_gradient_energy		test_log_mse	5.0585363334130085		1	ok
shared	physics	token	position	0	buoyancy_laplacian_magnitude		test_vrmse	0.940164346992278		1	ok
shared	physics	token	position	0	buoyancy_laplacian_magnitude		test_r2	0.11609100064458344		1	ok
shared	physics	token	position	0	buoyancy_laplacian_magnitude		test_pearson_r	0.3409751004620148		1	ok
shared	physics	token	position	0	buoyancy_laplacian_magnitude		test_mse	4315065.843628242		1	ok
shared	physics	token	position	0	buoyancy_laplacian_magnitude		test_log_mse	6.634987427005167		1	ok
shared	physics	token	position	0	convective_flux		test_vrmse	0.9999146465728116		1	ok
shared	physics	token	position	0	convective_flux		test_r2	0.00017069956916926365		1	ok
shared	physics	token	position	0	convective_flux		test_pearson_r	0.015993222587599734		1	ok
shared	physics	token	position	0	convective_flux		test_mse	0.005220521052609484		1	ok
shared	physics	token	position	0	convective_flux		test_log_mse	-2.2822861485341646		1	ok
shared	physics	token	position	0	enstrophy		test_vrmse	0.9772741130765397		1	ok
shared	physics	token	position	0	enstrophy		test_r2	0.04493530791046285		1	ok
shared	physics	token	position	0	enstrophy		test_pearson_r	0.21204875275971138		1	ok
shared	physics	token	position	0	enstrophy		test_mse	67077.4955957259		1	ok
shared	physics	token	position	0	enstrophy		test_log_mse	4.826576839425093		1	ok
shared	physics	token	position	0	pressure_gradient_magnitude		test_vrmse	0.9924871626059739		1	ok
shared	physics	token	position	0	pressure_gradient_magnitude		test_r2	0.01496923206234313		1	ok
shared	physics	token	position	0	pressure_gradient_magnitude		test_pearson_r	0.12594483710594784		1	ok
shared	physics	token	position	0	pressure_gradient_magnitude		test_mse	0.23655880876048013		1	ok
shared	physics	token	position	0	pressure_gradient_magnitude		test_log_mse	-0.6260608754537544		1	ok
shared	physics	token	persistence	16	buoyancy_gradient_energy		test_vrmse	0.502476844294968		1	ok
shared	physics	token	persistence	16	buoyancy_gradient_energy		test_r2	0.7475170209473705		1	ok
shared	physics	token	persistence	16	buoyancy_gradient_energy		test_pearson_r	0.8647080941839919		1	ok
shared	physics	token	persistence	16	buoyancy_gradient_energy		test_mse	51823.07475875644		1	ok
shared	physics	token	persistence	16	buoyancy_gradient_energy		test_log_mse	4.714523176908122		1	ok
shared	physics	token	position	16	buoyancy_gradient_energy		test_vrmse	0.8987839091758271		1	ok
shared	physics	token	position	16	buoyancy_gradient_energy		test_r2	0.1921874846066186		1	ok
shared	physics	token	position	16	buoyancy_gradient_energy		test_pearson_r	0.4390541898402127		1	ok
shared	physics	token	position	16	buoyancy_gradient_energy		test_mse	165806.53687377466		1	ok
shared	physics	token	position	16	buoyancy_gradient_energy		test_log_mse	5.219601648483534		1	ok
shared	physics	token	persistence	16	buoyancy_laplacian_magnitude		test_vrmse	0.6549009891805884		1	ok
shared	physics	token	persistence	16	buoyancy_laplacian_magnitude		test_r2	0.5711046943702869		1	ok
shared	physics	token	persistence	16	buoyancy_laplacian_magnitude		test_pearson_r	0.7784470007875361		1	ok
shared	physics	token	persistence	16	buoyancy_laplacian_magnitude		test_mse	2252118.0533122835		1	ok
shared	physics	token	persistence	16	buoyancy_laplacian_magnitude		test_log_mse	6.35259115196897		1	ok
shared	physics	token	position	16	buoyancy_laplacian_magnitude		test_vrmse	0.9317428327283941		1	ok
shared	physics	token	position	16	buoyancy_laplacian_magnitude		test_r2	0.13185529365926774		1	ok
shared	physics	token	position	16	buoyancy_laplacian_magnitude		test_pearson_r	0.3657203462424607		1	ok
shared	physics	token	position	16	buoyancy_laplacian_magnitude		test_mse	4558605.189597122		1	ok
shared	physics	token	position	16	buoyancy_laplacian_magnitude		test_log_mse	6.658831980575683		1	ok
shared	physics	token	persistence	16	convective_flux		test_vrmse	0.6734198626807265		1	ok
shared	physics	token	persistence	16	convective_flux		test_r2	0.5465056885470714		1	ok
shared	physics	token	persistence	16	convective_flux		test_pearson_r	0.761088736158526		1	ok
shared	physics	token	persistence	16	convective_flux		test_mse	0.0026714200164426197		1	ok
shared	physics	token	persistence	16	convective_flux		test_log_mse	-2.573257824265137		1	ok
shared	physics	token	position	16	convective_flux		test_vrmse	0.9996805320149365		1	ok
shared	physics	token	position	16	convective_flux		test_r2	0.0006388339103337026		1	ok
shared	physics	token	position	16	convective_flux		test_pearson_r	0.026470691243102615		1	ok
shared	physics	token	position	16	convective_flux		test_mse	0.0058869832659951245		1	ok
shared	physics	token	position	16	convective_flux		test_log_mse	-2.230107198686949		1	ok
shared	physics	token	persistence	16	enstrophy		test_vrmse	1.0854122071296946		1	ok
shared	physics	token	persistence	16	enstrophy		test_r2	-0.17811965938615493		1	ok
shared	physics	token	persistence	16	enstrophy		test_pearson_r	0.5290835394697962		1	ok
shared	physics	token	persistence	16	enstrophy		test_mse	56916.70127167753		1	ok
shared	physics	token	persistence	16	enstrophy		test_log_mse	4.755239721682412		1	ok
shared	physics	token	position	16	enstrophy		test_vrmse	0.9640645029985602		1	ok
shared	physics	token	position	16	enstrophy		test_r2	0.07057963405813916		1	ok
shared	physics	token	position	16	enstrophy		test_pearson_r	0.26955835310141935		1	ok
shared	physics	token	position	16	enstrophy		test_mse	44901.67098280048		1	ok
shared	physics	token	position	16	enstrophy		test_log_mse	4.652262503255133		1	ok
shared	physics	token	persistence	16	pressure_gradient_magnitude		test_vrmse	0.8475831258320146		1	ok
shared	physics	token	persistence	16	pressure_gradient_magnitude		test_r2	0.28160284480483144		1	ok
shared	physics	token	persistence	16	pressure_gradient_magnitude		test_pearson_r	0.6246340207872128		1	ok
shared	physics	token	persistence	16	pressure_gradient_magnitude		test_mse	0.19233826167598725		1	ok
shared	physics	token	persistence	16	pressure_gradient_magnitude		test_log_mse	-0.7159343133597829		1	ok
shared	physics	token	position	16	pressure_gradient_magnitude		test_vrmse	0.9924135444756478		1	ok
shared	physics	token	position	16	pressure_gradient_magnitude		test_r2	0.015115356741281394		1	ok
shared	physics	token	position	16	pressure_gradient_magnitude		test_pearson_r	0.12899908072029537		1	ok
shared	physics	token	position	16	pressure_gradient_magnitude		test_mse	0.26368562133892864		1	ok
shared	physics	token	position	16	pressure_gradient_magnitude		test_log_mse	-0.5789135514481821		1	ok
shared	physics	token	persistence	40	buoyancy_gradient_energy		test_vrmse	0.5224086088603933		1	ok
shared	physics	token	persistence	40	buoyancy_gradient_energy		test_r2	0.7270892453885487		1	ok
shared	physics	token	persistence	40	buoyancy_gradient_energy		test_pearson_r	0.8536478370349995		1	ok
shared	physics	token	persistence	40	buoyancy_gradient_energy		test_mse	58640.36825211809		1	ok
shared	physics	token	persistence	40	buoyancy_gradient_energy		test_log_mse	4.768196688941405		1	ok
shared	physics	token	position	40	buoyancy_gradient_energy		test_vrmse	0.8867897971424861		1	ok
shared	physics	token	position	40	buoyancy_gradient_energy		test_r2	0.21360385568398832		1	ok
shared	physics	token	position	40	buoyancy_gradient_energy		test_pearson_r	0.46261783010081586		1	ok
shared	physics	token	position	40	buoyancy_gradient_energy		test_mse	168973.0386784902		1	ok
shared	physics	token	position	40	buoyancy_gradient_energy		test_log_mse	5.227817414156499		1	ok
shared	physics	token	persistence	40	buoyancy_laplacian_magnitude		test_vrmse	0.7704713395757996		1	ok
shared	physics	token	persistence	40	buoyancy_laplacian_magnitude		test_r2	0.4063739148922728		1	ok
shared	physics	token	persistence	40	buoyancy_laplacian_magnitude		test_pearson_r	0.6907254501068166		1	ok
shared	physics	token	persistence	40	buoyancy_laplacian_magnitude		test_mse	3203375.097384341		1	ok
shared	physics	token	persistence	40	buoyancy_laplacian_magnitude		test_log_mse	6.5056077951066325		1	ok
shared	physics	token	position	40	buoyancy_laplacian_magnitude		test_vrmse	0.9260763516683687		1	ok
shared	physics	token	position	40	buoyancy_laplacian_magnitude		test_r2	0.1423825908806039		1	ok
shared	physics	token	position	40	buoyancy_laplacian_magnitude		test_pearson_r	0.37754469955167336		1	ok
shared	physics	token	position	40	buoyancy_laplacian_magnitude		test_mse	4627947.323032134		1	ok
shared	physics	token	position	40	buoyancy_laplacian_magnitude		test_log_mse	6.665388407011202		1	ok
shared	physics	token	persistence	40	convective_flux		test_vrmse	0.7370470371245849		1	ok
shared	physics	token	persistence	40	convective_flux		test_r2	0.4567616650658709		1	ok
shared	physics	token	persistence	40	convective_flux		test_pearson_r	0.6986254602069487		1	ok
shared	physics	token	persistence	40	convective_flux		test_mse	0.0037019558336199754		1	ok
shared	physics	token	persistence	40	convective_flux		test_log_mse	-2.431568766925511		1	ok
shared	physics	token	position	40	convective_flux		test_vrmse	0.9998472373478785		1	ok
shared	physics	token	position	40	convective_flux		test_r2	0.00030550196781520267		1	ok
shared	physics	token	position	40	convective_flux		test_pearson_r	0.01926285025444073		1	ok
shared	physics	token	position	40	convective_flux		test_mse	0.006812525259795568		1	ok
shared	physics	token	position	40	convective_flux		test_log_mse	-2.1666918744151924		1	ok
shared	physics	token	persistence	40	enstrophy		test_vrmse	1.027371343212942		1	ok
shared	physics	token	persistence	40	enstrophy		test_r2	-0.0554918768551651		1	ok
shared	physics	token	persistence	40	enstrophy		test_pearson_r	0.4539404299652467		1	ok
shared	physics	token	persistence	40	enstrophy		test_mse	80226.843877761		1	ok
shared	physics	token	persistence	40	enstrophy		test_log_mse	4.9043197074033715		1	ok
shared	physics	token	position	40	enstrophy		test_vrmse	0.9603358991171675		1	ok
shared	physics	token	position	40	enstrophy		test_r2	0.07775496086682132		1	ok
shared	physics	token	position	40	enstrophy		test_pearson_r	0.2792196408771401		1	ok
shared	physics	token	position	40	enstrophy		test_mse	70098.88981052753		1	ok
shared	physics	token	position	40	enstrophy		test_log_mse	4.845711139892768		1	ok
shared	physics	token	persistence	40	pressure_gradient_magnitude		test_vrmse	0.884861285634813		1	ok
shared	physics	token	persistence	40	pressure_gradient_magnitude		test_r2	0.21702050518470584		1	ok
shared	physics	token	persistence	40	pressure_gradient_magnitude		test_pearson_r	0.5667677952997487		1	ok
shared	physics	token	persistence	40	pressure_gradient_magnitude		test_mse	0.2672934854777177		1	ok
shared	physics	token	persistence	40	pressure_gradient_magnitude		test_log_mse	-0.5730116258134451		1	ok
shared	physics	token	position	40	pressure_gradient_magnitude		test_vrmse	0.9973626983110889		1	ok
shared	physics	token	position	40	pressure_gradient_magnitude		test_r2	0.005267648017623916		1	ok
shared	physics	token	position	40	pressure_gradient_magnitude		test_pearson_r	0.07314832327696286		1	ok
shared	physics	token	position	40	pressure_gradient_magnitude		test_mse	0.33958166112835425		1	ok
shared	physics	token	position	40	pressure_gradient_magnitude		test_log_mse	-0.46905577156652445		1	ok
