objective	family	representation	method	target_offset	target	sigma	metric	mean	std	n	status
jepa	physics	pooled	mlp	0	buoyancy_gradient_energy		test_vrmse	0.1332250631693669		1	ok
jepa	physics	pooled	mlp	0	buoyancy_gradient_energy		test_r2	0.9822510825435182		1	ok
jepa	physics	pooled	mlp	0	buoyancy_gradient_energy		test_pearson_r	0.992831955284121		1	ok
jepa	physics	pooled	mlp	0	buoyancy_gradient_energy		test_mse	116.31915960750243		1	ok
jepa	physics	pooled	mlp	0	buoyancy_gradient_energy		test_log_mse	2.065651255798811		1	ok
jepa	physics	pooled	ridge	0	buoyancy_gradient_energy		test_vrmse	0.3053123126393166		1	ok
jepa	physics	pooled	ridge	0	buoyancy_gradient_energy		test_r2	0.9067843917508323		1	ok
jepa	physics	pooled	ridge	0	buoyancy_gradient_energy		test_pearson_r	0.9532395517889123		1	ok
jepa	physics	pooled	ridge	0	buoyancy_gradient_energy		test_mse	610.897044308787		1	ok
jepa	physics	pooled	ridge	0	buoyancy_gradient_energy		test_log_mse	2.785968023898601		1	ok
jepa	physics	pooled	ridge_plus_control	0	buoyancy_gradient_energy		test_vrmse	0.2861561767431654		1	ok
jepa	physics	pooled	ridge_plus_control	0	buoyancy_gradient_energy		test_r2	0.9181146425117342		1	ok
jepa	physics	pooled	ridge_plus_control	0	buoyancy_gradient_energy		test_pearson_r	0.9589692790298258		1	ok
jepa	physics	pooled	ridge_plus_control	0	buoyancy_gradient_energy		test_mse	536.6432060179851		1	ok
jepa	physics	pooled	ridge_plus_control	0	buoyancy_gradient_energy		test_log_mse	2.729685635499189		1	ok
jepa	physics	pooled	selected	0	buoyancy_gradient_energy		test_vrmse	0.1332250631693669		1	ok
jepa	physics	pooled	selected	0	buoyancy_gradient_energy		test_r2	0.9822510825435182		1	ok
jepa	physics	pooled	selected	0	buoyancy_gradient_energy		test_pearson_r	0.992831955284121		1	ok
jepa	physics	pooled	selected	0	buoyancy_gradient_energy		test_mse	116.31915960750243		1	ok
jepa	physics	pooled	selected	0	buoyancy_gradient_energy		test_log_mse	2.065651255798811		1	ok
jepa	physics	pooled	mlp	0	buoyancy_laplacian_magnitude		test_vrmse	0.11900008065268211		1	ok
jepa	physics	pooled	mlp	0	buoyancy_laplacian_magnitude		test_r2	0.9858389808046552		1	ok
jepa	physics	pooled	mlp	0	buoyancy_laplacian_magnitude		test_pearson_r	0.9945202237380355		1	ok
jepa	physics	pooled	mlp	0	buoyancy_laplacian_magnitude		test_mse	15237.191374204902		1	ok
jepa	physics	pooled	mlp	0	buoyancy_laplacian_magnitude		test_log_mse	4.182904922181011		1	ok
jepa	physics	pooled	ridge	0	buoyancy_laplacian_magnitude		test_vrmse	0.26977411440904464		1	ok
jepa	physics	pooled	ridge	0	buoyancy_laplacian_magnitude		test_r2	0.9272219271948157		1	ok
jepa	physics	pooled	ridge	0	buoyancy_laplacian_magnitude		test_pearson_r	0.9636588971324522		1	ok
jepa	physics	pooled	ridge	0	buoyancy_laplacian_magnitude		test_mse	78308.87084334655		1	ok
jepa	physics	pooled	ridge	0	buoyancy_laplacian_magnitude		test_log_mse	4.893810961803764		1	ok
jepa	physics	pooled	ridge_plus_control	0	buoyancy_laplacian_magnitude		test_vrmse	0.24534580918262128		1	ok
jepa	physics	pooled	ridge_plus_control	0	buoyancy_laplacian_magnitude		test_r2	0.9398054339165248		1	ok
jepa	physics	pooled	ridge_plus_control	0	buoyancy_laplacian_magnitude		test_pearson_r	0.9699419554522573		1	ok
jepa	physics	pooled	ridge_plus_control	0	buoyancy_laplacian_magnitude		test_mse	64769.07561869879		1	ok
jepa	physics	pooled	ridge_plus_control	0	buoyancy_laplacian_magnitude		test_log_mse	4.8113676988670315		1	ok
jepa	physics	pooled	selected	0	buoyancy_laplacian_magnitude		test_vrmse	0.11900008065268211		1	ok
jepa	physics	pooled	selected	0	buoyancy_laplacian_magnitude		test_r2	0.9858389808046552		1	ok
jepa	physics	pooled	selected	0	buoyancy_laplacian_magnitude		test_pearson_r	0.9945202237380355		1	ok
jepa	physics	pooled	selected	0	buoyancy_laplacian_magnitude		test_mse	15237.191374204902		1	ok
jepa	physics	pooled	selected	0	buoyancy_laplacian_magnitude		test_log_mse	4.182904922181011		1	ok
jepa	physics	pooled	mlp	0	convective_flux		test_vrmse	0.12568069609097726		1	ok
jepa	physics	pooled	mlp	0	convective_flux		test_r2	0.9842043626300874		1	ok
jepa	physics	pooled	mlp	0	convective_flux		test_pearson_r	0.9923691715981312		1	ok
jepa	physics	pooled	mlp	0	convective_flux		test_mse	2.818388194307408e-07		1	ok
jepa	physics	pooled	mlp	0	convective_flux		test_log_mse	-6.549999189000063		1	ok
jepa	physics	pooled	ridge	0	convective_flux		test_vrmse	0.13505618804804892		1	ok
jepa	physics	pooled	ridge	0	convective_flux		test_r2	0.9817598260699301		1	ok
jepa	physics	pooled	ridge	0	convective_flux		test_pearson_r	0.9909175411023288		1	ok
jepa	physics	pooled	ridge	0	convective_flux		test_mse	3.254562615152477e-07		1	ok
jepa	physics	pooled	ridge	0	convective_flux		test_log_mse	-6.487507368567139		1	ok
jepa	physics	pooled	ridge_plus_control	0	convective_flux		test_vrmse	0.13308968869596505		1	ok
jepa	physics	pooled	ridge_plus_control	0	convective_flux		test_r2	0.9822871347628112		1	ok
jepa	physics	pooled	ridge_plus_control	0	convective_flux		test_pearson_r	0.9911649066355153		1	ok
jepa	physics	pooled	ridge_plus_control	0	convective_flux		test_mse	3.160475839166945e-07		1	ok
jepa	physics	pooled	ridge_plus_control	0	convective_flux		test_log_mse	-6.5002475253667775		1	ok
jepa	physics	pooled	selected	0	convective_flux		test_vrmse	0.12568069609097726		1	ok
jepa	physics	pooled	selected	0	convective_flux		test_r2	0.9842043626300874		1	ok
jepa	physics	pooled	selected	0	convective_flux		test_pearson_r	0.9923691715981312		1	ok
jepa	physics	pooled	selected	0	convective_flux		test_mse	2.818388194307408e-07		1	ok
jepa	physics	pooled	selected	0	convective_flux		test_log_mse	-6.549999189000063		1	ok
jepa	physics	pooled	mlp	0	enstrophy		test_vrmse	0.11262801906339591		1	ok
jepa	physics	pooled	mlp	0	enstrophy		test_r2	0.9873149293218553		1	ok
jepa	physics	pooled	mlp	0	enstrophy		test_pearson_r	0.9938626433872034		1	ok
jepa	physics	pooled	mlp	0	enstrophy		test_mse	21.099134048464887		1	ok
jepa	physics	pooled	mlp	0	enstrophy		test_log_mse	1.3242646313313091		1	ok
jepa	physics	pooled	ridge	0	enstrophy		test_vrmse	0.20048411553144405		1	ok
jepa	physics	pooled	ridge	0	enstrophy		test_r2	0.9598061194195746		1	ok
jepa	physics	pooled	ridge	0	enstrophy		test_pearson_r	0.9798717307539732		1	ok
jepa	physics	pooled	ridge	0	enstrophy		test_mse	66.85465897762128		1	ok
jepa	physics	pooled	ridge	0	enstrophy		test_log_mse	1.8251316778323816		1	ok
jepa	physics	pooled	ridge_plus_control	0	enstrophy		test_vrmse	0.17870801766694125		1	ok
jepa	physics	pooled	ridge_plus_control	0	enstrophy		test_r2	0.9680634444215522		1	ok
jepa	physics	pooled	ridge_plus_control	0	enstrophy		test_pearson_r	0.9839712234645511		1	ok
jepa	physics	pooled	ridge_plus_control	0	enstrophy		test_mse	53.120213855558454		1	ok
jepa	physics	pooled	ridge_plus_control	0	enstrophy		test_log_mse	1.725259814780556		1	ok
jepa	physics	pooled	selected	0	enstrophy		test_vrmse	0.11262801906339591		1	ok
jepa	physics	pooled	selected	0	enstrophy		test_r2	0.9873149293218553		1	ok
jepa	physics	pooled	selected	0	enstrophy		test_pearson_r	0.9938626433872034		1	ok
jepa	physics	pooled	selected	0	enstrophy		test_mse	21.099134048464887		1	ok
jepa	physics	pooled	selected	0	enstrophy		test_log_mse	1.3242646313313091		1	ok
jepa	physics	pooled	mlp	0	pressure_gradient_magnitude		test_vrmse	0.048390557640396695		1	ok
jepa	physics	pooled	mlp	0	pressure_gradient_magnitude		test_r2	0.9976583539312515		1	ok
jepa	physics	pooled	mlp	0	pressure_gradient_magnitude		test_pearson_r	0.9988565293728636		1	ok
jepa	physics	pooled	mlp	0	pressure_gradient_magnitude		test_mse	0.0002447725130329422		1	ok
jepa	physics	pooled	mlp	0	pressure_gradient_magnitude		test_log_mse	-3.611237353308974		1	ok
jepa	physics	pooled	ridge	0	pressure_gradient_magnitude		test_vrmse	0.06812291809381135		1	ok
jepa	physics	pooled	ridge	0	pressure_gradient_magnitude		test_r2	0.9953592680303839		1	ok
jepa	physics	pooled	ridge	0	pressure_gradient_magnitude		test_pearson_r	0.9977028667710082		1	ok
jepa	physics	pooled	ridge	0	pressure_gradient_magnitude		test_mse	0.00048509620718314924		1	ok
jepa	physics	pooled	ridge	0	pressure_gradient_magnitude		test_log_mse	-3.3141721209745727		1	ok
jepa	physics	pooled	ridge_plus_control	0	pressure_gradient_magnitude		test_vrmse	0.06408635268234353		1	ok
jepa	physics	pooled	ridge_plus_control	0	pressure_gradient_magnitude		test_r2	0.9958929393998743		1	ok
jepa	physics	pooled	ridge_plus_control	0	pressure_gradient_magnitude		test_pearson_r	0.9979553606797379		1	ok
jepa	physics	pooled	ridge_plus_control	0	pressure_gradient_magnitude		test_mse	0.00042931148207577577		1	ok
jepa	physics	pooled	ridge_plus_control	0	pressure_gradient_magnitude		test_log_mse	-3.367227496017497		1	ok
jepa	physics	pooled	selected	0	pressure_gradient_magnitude		test_vrmse	0.048390557640396695		1	ok
jepa	physics	pooled	selected	0	pressure_gradient_magnitude		test_r2	0.9976583539312515		1	ok
jepa	physics	pooled	selected	0	pressure_gradient_magnitude		test_pearson_r	0.9988565293728636		1	ok
jepa	physics	pooled	selected	0	pressure_gradient_magnitude		test_mse	0.0002447725130329422		1	ok
jepa	physics	pooled	selected	0	pressure_gradient_magnitude		test_log_mse	-3.611237353308974		1	ok
jepa	physics	pooled	mlp	16	buoyancy_gradient_energy		test_vrmse	0.17564141211024265		1	ok
jepa	physics	pooled	mlp	16	buoyancy_gradient_energy		test_r2	0.9691500943519199		1	ok
jepa	physics	pooled	mlp	16	buoyancy_gradient_energy		test_pearson_r	0.9861803085876808		1	ok
jepa	physics	pooled	mlp	16	buoyancy_gradient_energy		test_mse	91.2279440334726		1	ok
jepa	physics	pooled	mlp	16	buoyancy_gradient_energy		test_log_mse	1.9601278874585644		1	ok
jepa	physics	pooled	ridge	16	buoyancy_gradient_energy		test_vrmse	0.21753206348979542		1	ok
jepa	physics	pooled	ridge	16	buoyancy_gradient_energy		test_r2	0.9526798013538716		1	ok
jepa	physics	pooled	ridge	16	buoyancy_gradient_energy		test_pearson_r	0.9772811975865106		1	ok
jepa	physics	pooled	ridge	16	buoyancy_gradient_energy		test_mse	139.93314867757027		1	ok
jepa	physics	pooled	ridge	16	buoyancy_gradient_energy		test_log_mse	2.1459206064321608		1	ok
jepa	physics	pooled	ridge_plus_control	16	buoyancy_gradient_energy		test_vrmse	0.20561741008331716		1	ok
jepa	physics	pooled	ridge_plus_control	16	buoyancy_gradient_energy		test_r2	0.957721480670629		1	ok
jepa	physics	pooled	ridge_plus_control	16	buoyancy_gradient_energy		test_pearson_r	0.9794855775782869		1	ok
jepa	physics	pooled	ridge_plus_control	16	buoyancy_gradient_energy		test_mse	125.0241228999669		1	ok
jepa	physics	pooled	ridge_plus_control	16	buoyancy_gradient_energy		test_log_mse	2.0969938164607322		1	ok
jepa	physics	pooled	selected	16	buoyancy_gradient_energy		test_vrmse	0.17564141211024265		1	ok
jepa	physics	pooled	selected	16	buoyancy_gradient_energy		test_r2	0.9691500943519199		1	ok
jepa	physics	pooled	selected	16	buoyancy_gradient_energy		test_pearson_r	0.9861803085876808		1	ok
jepa	physics	pooled	selected	16	buoyancy_gradient_energy		test_mse	91.2279440334726		1	ok
jepa	physics	pooled	selected	16	buoyancy_gradient_energy		test_log_mse	1.9601278874585644		1	ok
jepa	physics	pooled	mlp	16	buoyancy_laplacian_magnitude		test_vrmse	0.15484035337735697		1	ok
jepa	physics	pooled	mlp	16	buoyancy_laplacian_magnitude		test_r2	0.9760244649659752		1	ok
jepa	physics	pooled	mlp	16	buoyancy_laplacian_magnitude		test_pearson_r	0.9881851741297741		1	ok
jepa	physics	pooled	mlp	16	buoyancy_laplacian_magnitude		test_mse	11075.393275107575		1	ok
jepa	physics	pooled	mlp	16	buoyancy_laplacian_magnitude		test_log_mse	4.0443591564911925		1	ok
jepa	physics	pooled	ridge	16	buoyancy_laplacian_magnitude		test_vrmse	0.23129793700888207		1	ok
jepa	physics	pooled	ridge	16	buoyancy_laplacian_magnitude		test_r2	0.9465012643354352		1	ok
jepa	physics	pooled	ridge	16	buoyancy_laplacian_magnitude		test_pearson_r	0.9737721626332835		1	ok
jepa	physics	pooled	ridge	16	buoyancy_laplacian_magnitude		test_mse	24713.50634574816		1	ok
jepa	physics	pooled	ridge	16	buoyancy_laplacian_magnitude		test_log_mse	4.3929343673599375		1	ok
jepa	physics	pooled	ridge_plus_control	16	buoyancy_laplacian_magnitude		test_vrmse	0.22056505992088515		1	ok
jepa	physics	pooled	ridge_plus_control	16	buoyancy_laplacian_magnitude		test_r2	0.9513510543420963		1	ok
jepa	physics	pooled	ridge_plus_control	16	buoyancy_laplacian_magnitude		test_pearson_r	0.9761103179326025		1	ok
jepa	physics	pooled	ridge_plus_control	16	buoyancy_laplacian_magnitude		test_mse	22473.167118730635		1	ok
jepa	physics	pooled	ridge_plus_control	16	buoyancy_laplacian_magnitude		test_log_mse	4.351664281376072		1	ok
jepa	physics	pooled	selected	16	buoyancy_laplacian_magnitude		test_vrmse	0.15484035337735697		1	ok
jepa	physics	pooled	selected	16	buoyancy_laplacian_magnitude		test_r2	0.9760244649659752		1	ok
jepa	physics	pooled	selected	16	buoyancy_laplacian_magnitude		test_pearson_r	0.9881851741297741		1	ok
jepa	physics	pooled	selected	16	buoyancy_laplacian_magnitude		test_mse	11075.393275107575		1	ok
jepa	physics	pooled	selected	16	buoyancy_laplacian_magnitude		test_log_mse	4.0443591564911925		1	ok
jepa	physics	pooled	mlp	16	convective_flux		test_vrmse	0.2185021238114274		1	ok
jepa	physics	pooled	mlp	16	convective_flux		test_r2	0.9522568218898957		1	ok
jepa	physics	pooled	mlp	16	convective_flux		test_pearson_r	0.9758656359578229		1	ok
jepa	physics	pooled	mlp	16	convective_flux		test_mse	8.003932877356881e-07		1	ok
jepa	physics	pooled	mlp	16	convective_flux		test_log_mse	-6.096696562104261		1	ok
jepa	physics	pooled	ridge	16	convective_flux		test_vrmse	0.2571783725012259		1	ok
jepa	physics	pooled	ridge	16	convective_flux		test_r2	0.9338592847176207		1	ok
jepa	physics	pooled	ridge	16	convective_flux		test_pearson_r	0.9665084130592728		1	ok
jepa	physics	pooled	ridge	16	convective_flux		test_mse	1.1088198702643498e-06		1	ok
jepa	physics	pooled	ridge	16	convective_flux		test_log_mse	-5.955139000022276		1	ok
jepa	physics	pooled	ridge_plus_control	16	convective_flux		test_vrmse	0.24984884556316578		1	ok
jepa	physics	pooled	ridge_plus_control	16	convective_flux		test_r2	0.9375755543707534		1	ok
jepa	physics	pooled	ridge_plus_control	16	convective_flux		test_pearson_r	0.9684268555575564		1	ok
jepa	physics	pooled	ridge_plus_control	16	convective_flux		test_mse	1.0465182514043e-06		1	ok
jepa	physics	pooled	ridge_plus_control	16	convective_flux		test_log_mse	-5.980253193111196		1	ok
jepa	physics	pooled	selected	16	convective_flux		test_vrmse	0.2185021238114274		1	ok
jepa	physics	pooled	selected	16	convective_flux		test_r2	0.9522568218898957		1	ok
jepa	physics	pooled	selected	16	convective_flux		test_pearson_r	0.9758656359578229		1	ok
jepa	physics	pooled	selected	16	convective_flux		test_mse	8.003932877356881e-07		1	ok
jepa	physics	pooled	selected	16	convective_flux		test_log_mse	-6.096696562104261		1	ok
jepa	physics	pooled	mlp	16	enstrophy		test_vrmse	0.1768288926736223		1	ok
jepa	physics	pooled	mlp	16	enstrophy		test_r2	0.9687315427158205		1	ok
jepa	physics	pooled	mlp	16	enstrophy		test_pearson_r	0.9842682972393172		1	ok
jepa	physics	pooled	mlp	16	enstrophy		test_mse	54.603118879945605		1	ok
jepa	physics	pooled	mlp	16	enstrophy		test_log_mse	1.7372174499147208		1	ok
jepa	physics	pooled	ridge	16	enstrophy		test_vrmse	0.2359940296734795		1	ok
jepa	physics	pooled	ridge	16	enstrophy		test_r2	0.9443068179584729		1	ok
jepa	physics	pooled	ridge	16	enstrophy		test_pearson_r	0.9718046793045655		1	ok
jepa	physics	pooled	ridge	16	enstrophy		test_mse	97.25524390851827		1	ok
jepa	physics	pooled	ridge	16	enstrophy		test_log_mse	1.9879130273667363		1	ok
jepa	physics	pooled	ridge_plus_control	16	enstrophy		test_vrmse	0.199664021835624		1	ok
jepa	physics	pooled	ridge_plus_control	16	enstrophy		test_r2	0.9601342783844234		1	ok
jepa	physics	pooled	ridge_plus_control	16	enstrophy		test_pearson_r	0.9798782339284532		1	ok
jepa	physics	pooled	ridge_plus_control	16	enstrophy		test_mse	69.61624991046523		1	ok
jepa	physics	pooled	ridge_plus_control	16	enstrophy		test_log_mse	1.8427106249945682		1	ok
jepa	physics	pooled	selected	16	enstrophy		test_vrmse	0.1768288926736223		1	ok
jepa	physics	pooled	selected	16	enstrophy		test_r2	0.9687315427158205		1	ok
jepa	physics	pooled	selected	16	enstrophy		test_pearson_r	0.9842682972393172		1	ok
jepa	physics	pooled	selected	16	enstrophy		test_mse	54.603118879945605		1	ok
jepa	physics	pooled	selected	16	enstrophy		test_log_mse	1.7372174499147208		1	ok
jepa	physics	pooled	mlp	16	pressure_gradient_magnitude		test_vrmse	0.08286655970497232		1	ok
jepa	physics	pooled	mlp	16	pressure_gradient_magnitude		test_r2	0.9931331332826623		1	ok
jepa	physics	pooled	mlp	16	pressure_gradient_magnitude		test_pearson_r	0.9965904484497178		1	ok
jepa	physics	pooled	mlp	16	pressure_gradient_magnitude		test_mse	0.0008137505772094554		1	ok
jepa	physics	pooled	mlp	16	pressure_gradient_magnitude		test_log_mse	-3.089508690369936		1	ok
jepa	physics	pooled	ridge	16	pressure_gradient_magnitude		test_vrmse	0.10302337314302194		1	ok
jepa	physics	pooled	ridge	16	pressure_gradient_magnitude		test_r2	0.9893861845862336		1	ok
jepa	physics	pooled	ridge	16	pressure_gradient_magnitude		test_pearson_r	0.9947564327507904		1	ok
jepa	physics	pooled	ridge	16	pressure_gradient_magnitude		test_mse	0.001257778660176981		1	ok
jepa	physics	pooled	ridge	16	pressure_gradient_magnitude		test_log_mse	-2.900395777906089		1	ok
jepa	physics	pooled	ridge_plus_control	16	pressure_gradient_magnitude		test_vrmse	0.09866941787221957		1	ok
jepa	physics	pooled	ridge_plus_control	16	pressure_gradient_magnitude		test_r2	0.9902643459767573		1	ok
jepa	physics	pooled	ridge_plus_control	16	pressure_gradient_magnitude		test_pearson_r	0.9951616823384142		1	ok
jepa	physics	pooled	ridge_plus_control	16	pressure_gradient_magnitude		test_mse	0.0011537130990066414		1	ok
jepa	physics	pooled	ridge_plus_control	16	pressure_gradient_magnitude		test_log_mse	-2.9379021764571087		1	ok
jepa	physics	pooled	selected	16	pressure_gradient_magnitude		test_vrmse	0.08286655970497232		1	ok
jepa	physics	pooled	selected	16	pressure_gradient_magnitude		test_r2	0.9931331332826623		1	ok
jepa	physics	pooled	selected	16	pressure_gradient_magnitude		test_pearson_r	0.9965904484497178		1	ok
jepa	physics	pooled	selected	16	pressure_gradient_magnitude		test_mse	0.0008137505772094554		1	ok
jepa	physics	pooled	selected	16	pressure_gradient_magnitude		test_log_mse	-3.089508690369936		1	ok
jepa	physics	pooled	mlp	40	buoyancy_gradient_energy		test_vrmse	0.4875126154875188		1	ok
jepa	physics	pooled	mlp	40	buoyancy_gradient_energy		test_r2	0.7623314497405187		1	ok
jepa	physics	pooled	mlp	40	buoyancy_gradient_energy		test_pearson_r	0.8753241284045056		1	ok
jepa	physics	pooled	mlp	40	buoyancy_gradient_energy		test_mse	697.988785391561		1	ok
jepa	physics	pooled	mlp	40	buoyancy_gradient_energy		test_log_mse	2.8438484448556993		1	ok
jepa	physics	pooled	ridge	40	buoyancy_gradient_energy		test_vrmse	0.5463921143248924		1	ok
jepa	physics	pooled	ridge	40	buoyancy_gradient_energy		test_r2	0.7014556574035737		1	ok
jepa	physics	pooled	ridge	40	buoyancy_gradient_energy		test_pearson_r	0.8377341361034589		1	ok
jepa	physics	pooled	ridge	40	buoyancy_gradient_energy		test_mse	876.7697823161552		1	ok
jepa	physics	pooled	ridge	40	buoyancy_gradient_energy		test_log_mse	2.942885573531382		1	ok
jepa	physics	pooled	ridge_plus_control	40	buoyancy_gradient_energy		test_vrmse	0.25147079668640887		1	ok
jepa	physics	pooled	ridge_plus_control	40	buoyancy_gradient_energy		test_r2	0.9367624384139028		1	ok
jepa	physics	pooled	ridge_plus_control	40	buoyancy_gradient_energy		test_pearson_r	0.9680330966269279		1	ok
jepa	physics	pooled	ridge_plus_control	40	buoyancy_gradient_energy		test_mse	185.71707848772544		1	ok
jepa	physics	pooled	ridge_plus_control	40	buoyancy_gradient_energy		test_log_mse	2.2688518431685964		1	ok
jepa	physics	pooled	selected	40	buoyancy_gradient_energy		test_vrmse	0.4875126154875188		1	ok
jepa	physics	pooled	selected	40	buoyancy_gradient_energy		test_r2	0.7623314497405187		1	ok
jepa	physics	pooled	selected	40	buoyancy_gradient_energy		test_pearson_r	0.8753241284045056		1	ok
jepa	physics	pooled	selected	40	buoyancy_gradient_energy		test_mse	697.988785391561		1	ok
jepa	physics	pooled	selected	40	buoyancy_gradient_energy		test_log_mse	2.8438484448556993		1	ok
jepa	physics	pooled	mlp	40	buoyancy_laplacian_magnitude		test_vrmse	0.47434079746749325		1	ok
jepa	physics	pooled	mlp	40	buoyancy_laplacian_magnitude		test_r2	0.7750008078579025		1	ok
jepa	physics	pooled	mlp	40	buoyancy_laplacian_magnitude		test_pearson_r	0.8808932776961581		1	ok
jepa	physics	pooled	mlp	40	buoyancy_laplacian_magnitude		test_mse	98979.7810899379		1	ok
jepa	physics	pooled	mlp	40	buoyancy_laplacian_magnitude		test_log_mse	4.995546488962537		1	ok
jepa	physics	pooled	ridge	40	buoyancy_laplacian_magnitude		test_vrmse	0.5956678987497861		1	ok
jepa	physics	pooled	ridge	40	buoyancy_laplacian_magnitude		test_r2	0.6451797543990145		1	ok
jepa	physics	pooled	ridge	40	buoyancy_laplacian_magnitude		test_pearson_r	0.8032688684215321		1	ok
jepa	physics	pooled	ridge	40	buoyancy_laplacian_magnitude		test_mse	156089.5837069655		1	ok
jepa	physics	pooled	ridge	40	buoyancy_laplacian_magnitude		test_log_mse	5.193373922347976		1	ok
jepa	physics	pooled	ridge_plus_control	40	buoyancy_laplacian_magnitude		test_vrmse	0.26332654212148426		1	ok
jepa	physics	pooled	ridge_plus_control	40	buoyancy_laplacian_magnitude		test_r2	0.9306591322143422		1	ok
jepa	physics	pooled	ridge_plus_control	40	buoyancy_laplacian_magnitude		test_pearson_r	0.9648918513939748		1	ok
jepa	physics	pooled	ridge_plus_control	40	buoyancy_laplacian_magnitude		test_mse	30503.860252423554		1	ok
jepa	physics	pooled	ridge_plus_control	40	buoyancy_laplacian_magnitude		test_log_mse	4.484354802633424		1	ok
jepa	physics	pooled	selected	40	buoyancy_laplacian_magnitude		test_vrmse	0.47434079746749325		1	ok
jepa	physics	pooled	selected	40	buoyancy_laplacian_magnitude		test_r2	0.7750008078579025		1	ok
jepa	physics	pooled	selected	40	buoyancy_laplacian_magnitude		test_pearson_r	0.8808932776961581		1	ok
jepa	physics	pooled	selected	40	buoyancy_laplacian_magnitude		test_mse	98979.7810899379		1	ok
jepa	physics	pooled	selected	40	buoyancy_laplacian_magnitude		test_log_mse	4.995546488962537		1	ok
jepa	physics	pooled	mlp	40	convective_flux		test_vrmse	0.2986481381321536		1	ok
jepa	physics	pooled	mlp	40	convective_flux		test_r2	0.9108092895901981		1	ok
jepa	physics	pooled	mlp	40	convective_flux		test_pearson_r	0.9552470398808497		1	ok
jepa	physics	pooled	mlp	40	convective_flux		test_mse	1.5338745535532548e-06		1	ok
jepa	physics	pooled	mlp	40	convective_flux		test_log_mse	-5.814210157288837		1	ok
jepa	physics	pooled	ridge	40	convective_flux		test_vrmse	0.3565249169685838		1	ok
jepa	physics	pooled	ridge	40	convective_flux		test_r2	0.8728899835805444		1	ok
jepa	physics	pooled	ridge	40	convective_flux		test_pearson_r	0.934637336176833		1	ok
jepa	physics	pooled	ridge	40	convective_flux		test_mse	2.1859991785210893e-06		1	ok
jepa	physics	pooled	ridge	40	convective_flux		test_log_mse	-5.660350005590262		1	ok
jepa	physics	pooled	ridge_plus_control	40	convective_flux		test_vrmse	0.3068593528678325		1	ok
jepa	physics	pooled	ridge_plus_control	40	convective_flux		test_r2	0.905837337557535		1	ok
jepa	physics	pooled	ridge_plus_control	40	convective_flux		test_pearson_r	0.95210890268987		1	ok
jepa	physics	pooled	ridge_plus_control	40	convective_flux		test_mse	1.6193806636554019e-06		1	ok
jepa	physics	pooled	ridge_plus_control	40	convective_flux		test_log_mse	-5.790651050756947		1	ok
jepa	physics	pooled	selected	40	convective_flux		test_vrmse	0.2986481381321536		1	ok
jepa	physics	pooled	selected	40	convective_flux		test_r2	0.9108092895901981		1	ok
jepa	physics	pooled	selected	40	convective_flux		test_pearson_r	0.9552470398808497		1	ok
jepa	physics	pooled	selected	40	convective_flux		test_mse	1.5338745535532548e-06		1	ok
jepa	physics	pooled	selected	40	convective_flux		test_log_mse	-5.814210157288837		1	ok
jepa	physics	pooled	mlp	40	enstrophy		test_vrmse	0.2304626760975469		1	ok
jepa	physics	pooled	mlp	40	enstrophy		test_r2	0.9468869549259572		1	ok
jepa	physics	pooled	mlp	40	enstrophy		test_pearson_r	0.9734369331633701		1	ok
jepa	physics	pooled	mlp	40	enstrophy		test_mse	109.11523441703015		1	ok
jepa	physics	pooled	mlp	40	enstrophy		test_log_mse	2.037885390014179		1	ok
jepa	physics	pooled	ridge	40	enstrophy		test_vrmse	0.31204340981116363		1	ok
jepa	physics	pooled	ridge	40	enstrophy		test_r2	0.9026289103934222		1	ok
jepa	physics	pooled	ridge	40	enstrophy		test_pearson_r	0.9502853123056053		1	ok
jepa	physics	pooled	ridge	40	enstrophy		test_mse	200.03878996302984		1	ok
jepa	physics	pooled	ridge	40	enstrophy		test_log_mse	2.301114218831197		1	ok
jepa	physics	pooled	ridge_plus_control	40	enstrophy		test_vrmse	0.23896156611510808		1	ok
jepa	physics	pooled	ridge_plus_control	40	enstrophy		test_r2	0.9428973699198149		1	ok
jepa	physics	pooled	ridge_plus_control	40	enstrophy		test_pearson_r	0.9713347317363688		1	ok
jepa	physics	pooled	ridge_plus_control	40	enstrophy		test_mse	117.311422426304		1	ok
jepa	physics	pooled	ridge_plus_control	40	enstrophy		test_log_mse	2.069340300736146		1	ok
jepa	physics	pooled	selected	40	enstrophy		test_vrmse	0.2304626760975469		1	ok
jepa	physics	pooled	selected	40	enstrophy		test_r2	0.9468869549259572		1	ok
jepa	physics	pooled	selected	40	enstrophy		test_pearson_r	0.9734369331633701		1	ok
jepa	physics	pooled	selected	40	enstrophy		test_mse	109.11523441703015		1	ok
jepa	physics	pooled	selected	40	enstrophy		test_log_mse	2.037885390014179		1	ok
jepa	physics	pooled	mlp	40	pressure_gradient_magnitude		test_vrmse	0.11578919328944005		1	ok
jepa	physics	pooled	mlp	40	pressure_gradient_magnitude		test_r2	0.9865928627173807		1	ok
jepa	physics	pooled	mlp	40	pressure_gradient_magnitude		test_pearson_r	0.9932875352302433		1	ok
jepa	physics	pooled	mlp	40	pressure_gradient_magnitude		test_mse	0.0019937154182088925		1	ok
jepa	physics	pooled	mlp	40	pressure_gradient_magnitude		test_log_mse	-2.7003368325448522		1	ok
jepa	physics	pooled	ridge	40	pressure_gradient_magnitude		test_vrmse	0.1362130740929049		1	ok
jepa	physics	pooled	ridge	40	pressure_gradient_magnitude		test_r2	0.9814459984461608		1	ok
jepa	physics	pooled	ridge	40	pressure_gradient_magnitude		test_pearson_r	0.9907035609706717		1	ok
jepa	physics	pooled	ridge	40	pressure_gradient_magnitude		test_mse	0.0027590825832234686		1	ok
jepa	physics	pooled	ridge	40	pressure_gradient_magnitude		test_log_mse	-2.5592353002814185		1	ok
jepa	physics	pooled	ridge_plus_control	40	pressure_gradient_magnitude		test_vrmse	0.12199852685918605		1	ok
jepa	physics	pooled	ridge_plus_control	40	pressure_gradient_magnitude		test_r2	0.9851163594441885		1	ok
jepa	physics	pooled	ridge_plus_control	40	pressure_gradient_magnitude		test_pearson_r	0.9925492624782337		1	ok
jepa	physics	pooled	ridge_plus_control	40	pressure_gradient_magnitude		test_mse	0.0022132796159004776		1	ok
jepa	physics	pooled	ridge_plus_control	40	pressure_gradient_magnitude		test_log_mse	-2.654963715773832		1	ok
jepa	physics	pooled	selected	40	pressure_gradient_magnitude		test_vrmse	0.11578919328944005		1	ok
jepa	physics	pooled	selected	40	pressure_gradient_magnitude		test_r2	0.9865928627173807		1	ok
jepa	physics	pooled	selected	40	pressure_gradient_magnitude		test_pearson_r	0.9932875352302433		1	ok
jepa	physics	pooled	selected	40	pressure_gradient_magnitude		test_mse	0.0019937154182088925		1	ok
jepa	physics	pooled	selected	40	pressure_gradient_magnitude		test_log_mse	-2.7003368325448522		1	ok
jepa	physics	token	mlp	0	buoyancy_gradient_energy		test_vrmse	0.17156592308830443		1	ok
jepa	physics	token	mlp	0	buoyancy_gradient_energy		test_r2	0.970565134034858		1	ok
jepa	physics	token	mlp	0	buoyancy_gradient_energy		test_pearson_r	0.9852664203737019		1	ok
jepa	physics	token	mlp	0	buoyancy_gradient_energy		test_mse	4391.289241472823		1	ok
jepa	physics	token	mlp	0	buoyancy_gradient_energy		test_log_mse	3.6425920437631247		1	ok
jepa	physics	token	ridge	0	buoyancy_gradient_energy		test_vrmse	0.4276848423907703		1	ok
jepa	physics	token	ridge	0	buoyancy_gradient_energy		test_r2	0.817085675589182		1	ok
jepa	physics	token	ridge	0	buoyancy_gradient_energy		test_pearson_r	0.9065659654545272		1	ok
jepa	physics	token	ridge	0	buoyancy_gradient_energy		test_mse	27288.37650722492		1	ok
jepa	physics	token	ridge	0	buoyancy_gradient_energy		test_log_mse	4.435977698552747		1	ok
jepa	physics	token	selected	0	buoyancy_gradient_energy		test_vrmse	0.17156592308830443		1	ok
jepa	physics	token	selected	0	buoyancy_gradient_energy		test_r2	0.970565134034858		1	ok
jepa	physics	token	selected	0	buoyancy_gradient_energy		test_pearson_r	0.9852664203737019		1	ok
jepa	physics	token	selected	0	buoyancy_gradient_energy		test_mse	4391.289241472823		1	ok
jepa	physics	token	selected	0	buoyancy_gradient_energy		test_log_mse	3.6425920437631247		1	ok
jepa	physics	token	mlp	0	buoyancy_laplacian_magnitude		test_vrmse	0.3724846543934302		1	ok
jepa	physics	token	mlp	0	buoyancy_laplacian_magnitude		test_r2	0.8612551822414068		1	ok
jepa	physics	token	mlp	0	buoyancy_laplacian_magnitude		test_pearson_r	0.9293684165401028		1	ok
jepa	physics	token	mlp	0	buoyancy_laplacian_magnitude		test_mse	677324.2771904373		1	ok
jepa	physics	token	mlp	0	buoyancy_laplacian_magnitude		test_log_mse	5.830796642210359		1	ok
jepa	physics	token	ridge	0	buoyancy_laplacian_magnitude		test_vrmse	0.5735644301629605		1	ok
jepa	physics	token	ridge	0	buoyancy_laplacian_magnitude		test_r2	0.6710238444518384		1	ok
jepa	physics	token	ridge	0	buoyancy_laplacian_magnitude		test_pearson_r	0.8192011172493131		1	ok
jepa	physics	token	ridge	0	buoyancy_laplacian_magnitude		test_mse	1605995.3832455624		1	ok
jepa	physics	token	ridge	0	buoyancy_laplacian_magnitude		test_log_mse	6.205744292478242		1	ok
jepa	physics	token	selected	0	buoyancy_laplacian_magnitude		test_vrmse	0.3724846543934302		1	ok
jepa	physics	token	selected	0	buoyancy_laplacian_magnitude		test_r2	0.8612551822414068		1	ok
jepa	physics	token	selected	0	buoyancy_laplacian_magnitude		test_pearson_r	0.9293684165401028		1	ok
jepa	physics	token	selected	0	buoyancy_laplacian_magnitude		test_mse	677324.2771904373		1	ok
jepa	physics	token	selected	0	buoyancy_laplacian_magnitude		test_log_mse	5.830796642210359		1	ok
jepa	physics	token	mlp	0	convective_flux		test_vrmse	0.052945739018912745		1	ok
jepa	physics	token	mlp	0	convective_flux		test_r2	0.9971967487197412		1	ok
jepa	physics	token	mlp	0	convective_flux		test_pearson_r	0.9986036618117229		1	ok
jepa	physics	token	mlp	0	convective_flux		test_mse	1.4636930842134369e-05		1	ok
jepa	physics	token	mlp	0	convective_flux		test_log_mse	-4.834549979156209		1	ok
jepa	physics	token	ridge	0	convective_flux		test_vrmse	0.21246646309729286		1	ok
jepa	physics	token	ridge	0	convective_flux		test_r2	0.9548580020589267		1	ok
jepa	physics	token	ridge	0	convective_flux		test_pearson_r	0.978379055001126		1	ok
jepa	physics	token	ridge	0	convective_flux		test_mse	0.0002357049853476771		1	ok
jepa	physics	token	ridge	0	convective_flux		test_log_mse	-3.62763123170525		1	ok
jepa	physics	token	selected	0	convective_flux		test_vrmse	0.052945739018912745		1	ok
jepa	physics	token	selected	0	convective_flux		test_r2	0.9971967487197412		1	ok
jepa	physics	token	selected	0	convective_flux		test_pearson_r	0.9986036618117229		1	ok
jepa	physics	token	selected	0	convective_flux		test_mse	1.4636930842134369e-05		1	ok
jepa	physics	token	selected	0	convective_flux		test_log_mse	-4.834549979156209		1	ok
jepa	physics	token	mlp	0	enstrophy		test_vrmse	0.21083056730593056		1	ok
jepa	physics	token	mlp	0	enstrophy		test_r2	0.9555504718894595		1	ok
jepa	physics	token	mlp	0	enstrophy		test_pearson_r	0.9781018993078671		1	ok
jepa	physics	token	mlp	0	enstrophy		test_mse	3121.844049688054		1	ok
jepa	physics	token	mlp	0	enstrophy		test_log_mse	3.4944112042832307		1	ok
jepa	physics	token	ridge	0	enstrophy		test_vrmse	0.7428185465234081		1	ok
jepa	physics	token	ridge	0	enstrophy		test_r2	0.44822060694085153		1	ok
jepa	physics	token	ridge	0	enstrophy		test_pearson_r	0.6746513059361544		1	ok
jepa	physics	token	ridge	0	enstrophy		test_mse	38753.37462927325		1	ok
jepa	physics	token	ridge	0	enstrophy		test_log_mse	4.588309526689008		1	ok
jepa	physics	token	selected	0	enstrophy		test_vrmse	0.21083056730593056		1	ok
jepa	physics	token	selected	0	enstrophy		test_r2	0.9555504718894595		1	ok
jepa	physics	token	selected	0	enstrophy		test_pearson_r	0.9781018993078671		1	ok
jepa	physics	token	selected	0	enstrophy		test_mse	3121.844049688054		1	ok
jepa	physics	token	selected	0	enstrophy		test_log_mse	3.4944112042832307		1	ok
jepa	physics	token	mlp	0	pressure_gradient_magnitude		test_vrmse	0.17935978961940202		1	ok
jepa	physics	token	mlp	0	pressure_gradient_magnitude		test_r2	0.9678300658676838		1	ok
jepa	physics	token	mlp	0	pressure_gradient_magnitude		test_pearson_r	0.9838110548212606		1	ok
jepa	physics	token	mlp	0	pressure_gradient_magnitude		test_mse	0.007725729534496598		1	ok
jepa	physics	token	mlp	0	pressure_gradient_magnitude		test_log_mse	-2.112060499884147		1	ok
jepa	physics	token	ridge	0	pressure_gradient_magnitude		test_vrmse	0.4581249049045802		1	ok
jepa	physics	token	ridge	0	pressure_gradient_magnitude		test_r2	0.7901215715061694		1	ok
jepa	physics	token	ridge	0	pressure_gradient_magnitude		test_pearson_r	0.8890329503030464		1	ok
jepa	physics	token	ridge	0	pressure_gradient_magnitude		test_mse	0.05040308652791694		1	ok
jepa	physics	token	ridge	0	pressure_gradient_magnitude		test_log_mse	-1.2975428678997352		1	ok
jepa	physics	token	selected	0	pressure_gradient_magnitude		test_vrmse	0.17935978961940202		1	ok
jepa	physics	token	selected	0	pressure_gradient_magnitude		test_r2	0.9678300658676838		1	ok
jepa	physics	token	selected	0	pressure_gradient_magnitude		test_pearson_r	0.9838110548212606		1	ok
jepa	physics	token	selected	0	pressure_gradient_magnitude		test_mse	0.007725729534496598		1	ok
jepa	physics	token	selected	0	pressure_gradient_magnitude		test_log_mse	-2.112060499884147		1	ok
jepa	physics	token	mlp	16	buoyancy_gradient_energy		test_vrmse	0.37399520432083533		1	ok
jepa	physics	token	mlp	16	buoyancy_gradient_energy		test_r2	0.8601275871450167		1	ok
jepa	physics	token	mlp	16	buoyancy_gradient_energy		test_pearson_r	0.928286451450294		1	ok
jepa	physics	token	mlp	16	buoyancy_gradient_energy		test_mse	28709.335319433514		1	ok
jepa	physics	token	mlp	16	buoyancy_gradient_energy		test_log_mse	4.458023137796268		1	ok
jepa	physics	token	ridge	16	buoyancy_gradient_energy		test_vrmse	0.5413453567722342		1	ok
jepa	physics	token	ridge	16	buoyancy_gradient_energy		test_r2	0.7069452047011425		1	ok
jepa	physics	token	ridge	16	buoyancy_gradient_energy		test_pearson_r	0.8410634599175695		1	ok
jepa	physics	token	ridge	16	buoyancy_gradient_energy		test_mse	60150.59162470933		1	ok
jepa	physics	token	ridge	16	buoyancy_gradient_energy		test_log_mse	4.779239903298191		1	ok
jepa	physics	token	selected	16	buoyancy_gradient_energy		test_vrmse	0.37399520432083533		1	ok
jepa	physics	token	selected	16	buoyancy_gradient_energy		test_r2	0.8601275871450167		1	ok
jepa	physics	token	selected	16	buoyancy_gradient_energy		test_pearson_r	0.928286451450294		1	ok
jepa	physics	token	selected	16	buoyancy_gradient_energy		test_mse	28709.335319433514		1	ok
jepa	physics	token	selected	16	buoyancy_gradient_energy		test_log_mse	4.458023137796268		1	ok
jepa	physics	token	mlp	16	buoyancy_laplacian_magnitude		test_vrmse	0.41267532511815747		1	ok
jepa	physics	token	mlp	16	buoyancy_laplacian_magnitude		test_r2	0.829699076038623		1	ok
jepa	physics	token	mlp	16	buoyancy_laplacian_magnitude		test_pearson_r	0.9122143249203706		1	ok
jepa	physics	token	mlp	16	buoyancy_laplacian_magnitude		test_mse	894245.7059213115		1	ok
jepa	physics	token	mlp	16	buoyancy_laplacian_magnitude		test_log_mse	5.951456863387229		1	ok
jepa	physics	token	ridge	16	buoyancy_laplacian_magnitude		test_vrmse	0.5982413807313144		1	ok
jepa	physics	token	ridge	16	buoyancy_laplacian_magnitude		test_r2	0.6421072503806906		1	ok
jepa	physics	token	ridge	16	buoyancy_laplacian_magnitude		test_pearson_r	0.8015007628146633		1	ok
jepa	physics	token	ridge	16	buoyancy_laplacian_magnitude		test_mse	1879285.485262677		1	ok
jepa	physics	token	ridge	16	buoyancy_laplacian_magnitude		test_log_mse	6.273992759481267		1	ok
jepa	physics	token	selected	16	buoyancy_laplacian_magnitude		test_vrmse	0.41267532511815747		1	ok
jepa	physics	token	selected	16	buoyancy_laplacian_magnitude		test_r2	0.829699076038623		1	ok
jepa	physics	token	selected	16	buoyancy_laplacian_magnitude		test_pearson_r	0.9122143249203706		1	ok
jepa	physics	token	selected	16	buoyancy_laplacian_magnitude		test_mse	894245.7059213115		1	ok
jepa	physics	token	selected	16	buoyancy_laplacian_magnitude		test_log_mse	5.951456863387229		1	ok
jepa	physics	token	mlp	16	convective_flux		test_vrmse	0.5633447722308877		1	ok
jepa	physics	token	mlp	16	convective_flux		test_r2	0.6826426676001291		1	ok
jepa	physics	token	mlp	16	convective_flux		test_pearson_r	0.8262530767220175		1	ok
jepa	physics	token	mlp	16	convective_flux		test_mse	0.0018694715870230878		1	ok
jepa	physics	token	mlp	16	convective_flux		test_log_mse	-2.7282811310408435		1	ok
jepa	physics	token	ridge	16	convective_flux		test_vrmse	0.6312901205149419		1	ok
jepa	physics	token	ridge	16	convective_flux		test_r2	0.60147278374023		1	ok
jepa	physics	token	ridge	16	convective_flux		test_pearson_r	0.7782551078390121		1	ok
jepa	physics	token	ridge	16	convective_flux		test_mse	0.002347622794214502		1	ok
jepa	physics	token	ridge	16	convective_flux		test_log_mse	-2.629371682361089		1	ok
jepa	physics	token	selected	16	convective_flux		test_vrmse	0.5633447722308877		1	ok
jepa	physics	token	selected	16	convective_flux		test_r2	0.6826426676001291		1	ok
jepa	physics	token	selected	16	convective_flux		test_pearson_r	0.8262530767220175		1	ok
jepa	physics	token	selected	16	convective_flux		test_mse	0.0018694715870230878		1	ok
jepa	physics	token	selected	16	convective_flux		test_log_mse	-2.7282811310408435		1	ok
jepa	physics	token	mlp	16	enstrophy		test_vrmse	0.7581816598541804		1	ok
jepa	physics	token	mlp	16	enstrophy		test_r2	0.42516057066075985		1	ok
jepa	physics	token	mlp	16	enstrophy		test_pearson_r	0.6697113135484073		1	ok
jepa	physics	token	mlp	16	enstrophy		test_mse	27771.342085854347		1	ok
jepa	physics	token	mlp	16	enstrophy		test_log_mse	4.44359686809728		1	ok
jepa	physics	token	ridge	16	enstrophy		test_vrmse	0.8357531267942683		1	ok
jepa	physics	token	ridge	16	enstrophy		test_r2	0.3015167110536038		1	ok
jepa	physics	token	ridge	16	enstrophy		test_pearson_r	0.5540285285553327		1	ok
jepa	physics	token	ridge	16	enstrophy		test_mse	33744.7596120541		1	ok
jepa	physics	token	ridge	16	enstrophy		test_log_mse	4.528206338699655		1	ok
jepa	physics	token	selected	16	enstrophy		test_vrmse	0.7581816598541804		1	ok
jepa	physics	token	selected	16	enstrophy		test_r2	0.42516057066075985		1	ok
jepa	physics	token	selected	16	enstrophy		test_pearson_r	0.6697113135484073		1	ok
jepa	physics	token	selected	16	enstrophy		test_mse	27771.342085854347		1	ok
jepa	physics	token	selected	16	enstrophy		test_log_mse	4.44359686809728		1	ok
jepa	physics	token	mlp	16	pressure_gradient_magnitude		test_vrmse	0.6630104636602083		1	ok
jepa	physics	token	mlp	16	pressure_gradient_magnitude		test_r2	0.5604171250770755		1	ok
jepa	physics	token	mlp	16	pressure_gradient_magnitude		test_pearson_r	0.7487807603486537		1	ok
jepa	physics	token	mlp	16	pressure_gradient_magnitude		test_mse	0.11769061919828831		1	ok
jepa	physics	token	mlp	16	pressure_gradient_magnitude		test_log_mse	-0.9292581522184166		1	ok
jepa	physics	token	ridge	16	pressure_gradient_magnitude		test_vrmse	0.6933370111650529		1	ok
jepa	physics	token	ridge	16	pressure_gradient_magnitude		test_r2	0.5192837889487113		1	ok
jepa	physics	token	ridge	16	pressure_gradient_magnitude		test_pearson_r	0.7207771981006904		1	ok
jepa	physics	token	ridge	16	pressure_gradient_magnitude		test_mse	0.1287033498454668		1	ok
jepa	physics	token	ridge	16	pressure_gradient_magnitude		test_log_mse	-0.890410149284669		1	ok
jepa	physics	token	selected	16	pressure_gradient_magnitude		test_vrmse	0.6630104636602083		1	ok
jepa	physics	token	selected	16	pressure_gradient_magnitude		test_r2	0.5604171250770755		1	ok
jepa	physics	token	selected	16	pressure_gradient_magnitude		test_pearson_r	0.7487807603486537		1	ok
jepa	physics	token	selected	16	pressure_gradient_magnitude		test_mse	0.11769061919828831		1	ok
jepa	physics	token	selected	16	pressure_gradient_magnitude		test_log_mse	-0.9292581522184166		1	ok
jepa	physics	token	mlp	40	buoyancy_gradient_energy		test_vrmse	0.3362004569383411		1	ok
jepa	physics	token	mlp	40	buoyancy_gradient_energy		test_r2	0.8869692527544506		1	ok
jepa	physics	token	mlp	40	buoyancy_gradient_energy		test_pearson_r	0.942991210577497		1	ok
jepa	physics	token	mlp	40	buoyancy_gradient_energy		test_mse	24286.930911637213		1	ok
jepa	physics	token	mlp	40	buoyancy_gradient_energy		test_log_mse	4.385372637392449		1	ok
jepa	physics	token	ridge	40	buoyancy_gradient_energy		test_vrmse	0.4811561819623796		1	ok
jepa	physics	token	ridge	40	buoyancy_gradient_energy		test_r2	0.7684887285593855		1	ok
jepa	physics	token	ridge	40	buoyancy_gradient_energy		test_pearson_r	0.8766518651228372		1	ok
jepa	physics	token	ridge	40	buoyancy_gradient_energy		test_mse	49744.85608352811		1	ok
jepa	physics	token	ridge	40	buoyancy_gradient_energy		test_log_mse	4.696748178749316		1	ok
jepa	physics	token	selected	40	buoyancy_gradient_energy		test_vrmse	0.3362004569383411		1	ok
jepa	physics	token	selected	40	buoyancy_gradient_energy		test_r2	0.8869692527544506		1	ok
jepa	physics	token	selected	40	buoyancy_gradient_energy		test_pearson_r	0.942991210577497		1	ok
jepa	physics	token	selected	40	buoyancy_gradient_energy		test_mse	24286.930911637213		1	ok
jepa	physics	token	selected	40	buoyancy_gradient_energy		test_log_mse	4.385372637392449		1	ok
jepa	physics	token	mlp	40	buoyancy_laplacian_magnitude		test_vrmse	0.3206409717234382		1	ok
jepa	physics	token	mlp	40	buoyancy_laplacian_magnitude		test_r2	0.8971893672522493		1	ok
jepa	physics	token	mlp	40	buoyancy_laplacian_magnitude		test_pearson_r	0.9482814509266455		1	ok
jepa	physics	token	mlp	40	buoyancy_laplacian_magnitude		test_mse	554795.3989095764		1	ok
jepa	physics	token	mlp	40	buoyancy_laplacian_magnitude		test_log_mse	5.744132850677261		1	ok
jepa	physics	token	ridge	40	buoyancy_laplacian_magnitude		test_vrmse	0.5192901998495932		1	ok
jepa	physics	token	ridge	40	buoyancy_laplacian_magnitude		test_r2	0.7303376883401695		1	ok
jepa	physics	token	ridge	40	buoyancy_laplacian_magnitude		test_pearson_r	0.8551612856450587		1	ok
jepa	physics	token	ridge	40	buoyancy_laplacian_magnitude		test_mse	1455174.4870130396		1	ok
jepa	physics	token	ridge	40	buoyancy_laplacian_magnitude		test_log_mse	6.162915071812309		1	ok
jepa	physics	token	selected	40	buoyancy_laplacian_magnitude		test_vrmse	0.3206409717234382		1	ok
jepa	physics	token	selected	40	buoyancy_laplacian_magnitude		test_r2	0.8971893672522493		1	ok
jepa	physics	token	selected	40	buoyancy_laplacian_magnitude		test_pearson_r	0.9482814509266455		1	ok
jepa	physics	token	selected	40	buoyancy_laplacian_magnitude		test_mse	554795.3989095764		1	ok
jepa	physics	token	selected	40	buoyancy_laplacian_magnitude		test_log_mse	5.744132850677261		1	ok
jepa	physics	token	mlp	40	convective_flux		test_vrmse	0.6561562649142217		1	ok
jepa	physics	token	mlp	40	convective_flux		test_r2	0.5694589560138177		1	ok
jepa	physics	token	mlp	40	convective_flux		test_pearson_r	0.7546995700907596		1	ok
jepa	physics	token	mlp	40	convective_flux		test_mse	0.0029339680705536826		1	ok
jepa	physics	token	mlp	40	convective_flux		test_log_mse	-2.5325446167564714		1	ok
jepa	physics	token	ridge	40	convective_flux		test_vrmse	0.7016254672086908		1	ok
jepa	physics	token	ridge	40	convective_flux		test_r2	0.5077217037641863		1	ok
jepa	physics	token	ridge	40	convective_flux		test_pearson_r	0.7134422882511269		1	ok
jepa	physics	token	ridge	40	convective_flux		test_mse	0.0033546831902716307		1	ok
jepa	physics	token	ridge	40	convective_flux		test_log_mse	-2.474348487481113		1	ok
jepa	physics	token	selected	40	convective_flux		test_vrmse	0.6561562649142217		1	ok
jepa	physics	token	selected	40	convective_flux		test_r2	0.5694589560138177		1	ok
jepa	physics	token	selected	40	convective_flux		test_pearson_r	0.7546995700907596		1	ok
jepa	physics	token	selected	40	convective_flux		test_mse	0.0029339680705536826		1	ok
jepa	physics	token	selected	40	convective_flux		test_log_mse	-2.5325446167564714		1	ok
jepa	physics	token	mlp	40	enstrophy		test_vrmse	0.7613560823025914		1	ok
jepa	physics	token	mlp	40	enstrophy		test_r2	0.42033691594084954		1	ok
jepa	physics	token	mlp	40	enstrophy		test_pearson_r	0.6534655479572438		1	ok
jepa	physics	token	mlp	40	enstrophy		test_mse	44059.59038270863		1	ok
jepa	physics	token	mlp	40	enstrophy		test_log_mse	4.644040455244248		1	ok
jepa	physics	token	ridge	40	enstrophy		test_vrmse	0.858577189695817		1	ok
jepa	physics	token	ridge	40	enstrophy		test_r2	0.2628452093340331		1	ok
jepa	physics	token	ridge	40	enstrophy		test_pearson_r	0.514105616309551		1	ok
jepa	physics	token	ridge	40	enstrophy		test_mse	56030.37181177404		1	ok
jepa	physics	token	ridge	40	enstrophy		test_log_mse	4.748423504410563		1	ok
jepa	physics	token	selected	40	enstrophy		test_vrmse	0.7613560823025914		1	ok
jepa	physics	token	selected	40	enstrophy		test_r2	0.42033691594084954		1	ok
jepa	physics	token	selected	40	enstrophy		test_pearson_r	0.6534655479572438		1	ok
jepa	physics	token	selected	40	enstrophy		test_mse	44059.59038270863		1	ok
jepa	physics	token	selected	40	enstrophy		test_log_mse	4.644040455244248		1	ok
jepa	physics	token	mlp	40	pressure_gradient_magnitude		test_vrmse	0.7064560082838858		1	ok
jepa	physics	token	mlp	40	pressure_gradient_magnitude		test_r2	0.5009199083595983		1	ok
jepa	physics	token	mlp	40	pressure_gradient_magnitude		test_pearson_r	0.7079958591723307		1	ok
jepa	physics	token	mlp	40	pressure_gradient_magnitude		test_mse	0.17037592696928947		1	ok
jepa	physics	token	mlp	40	pressure_gradient_magnitude		test_log_mse	-0.768591768272151		1	ok
jepa	physics	token	ridge	40	pressure_gradient_magnitude		test_vrmse	0.739523652582344		1	ok
jepa	physics	token	ridge	40	pressure_gradient_magnitude		test_r2	0.4531047672712686		1	ok
jepa	physics	token	ridge	40	pressure_gradient_magnitude		test_pearson_r	0.6735665623165074		1	ok
jepa	physics	token	ridge	40	pressure_gradient_magnitude		test_mse	0.1866990565081077		1	ok
jepa	physics	token	ridge	40	pressure_gradient_magnitude		test_log_mse	-0.7288578767716389		1	ok
jepa	physics	token	selected	40	pressure_gradient_magnitude		test_vrmse	0.7064560082838858		1	ok
jepa	physics	token	selected	40	pressure_gradient_magnitude		test_r2	0.5009199083595983		1	ok
jepa	physics	token	selected	40	pressure_gradient_magnitude		test_pearson_r	0.7079958591723307		1	ok
jepa	physics	token	selected	40	pressure_gradient_magnitude		test_mse	0.17037592696928947		1	ok
jepa	physics	token	selected	40	pressure_gradient_magnitude		test_log_mse	-0.768591768272151		1	ok
jepa	regime	pooled	mlp	0	log10_Prandtl		test_vrmse	0.04747529726778536		1	ok
jepa	regime	pooled	mlp	0	log10_Prandtl		test_r2	0.9977460961493354		1	ok
jepa	regime	pooled	mlp	0	log10_Prandtl		test_pearson_r	0.998900746960281		1	ok
jepa	regime	pooled	mlp	0	log10_Prandtl		test_mse	0.001016947323602006		1	ok
jepa	regime	pooled	mlp	0	log10_Prandtl		test_log_mse	-2.9927015423196		1	ok
jepa	regime	pooled	ridge	0	log10_Prandtl		test_vrmse	0.062345765107176494		1	ok
jepa	regime	pooled	ridge	0	log10_Prandtl		test_r2	0.9961130055732008		1	ok
jepa	regime	pooled	ridge	0	log10_Prandtl		test_pearson_r	0.9980807357551112		1	ok
jepa	regime	pooled	ridge	0	log10_Prandtl		test_mse	0.0017537875797247694		1	ok
jepa	regime	pooled	ridge	0	log10_Prandtl		test_log_mse	-2.7560230099095624		1	ok
jepa	regime	pooled	mlp	0	log10_Rayleigh		test_vrmse	0.03921589696676793		1	ok
jepa	regime	pooled	mlp	0	log10_Rayleigh		test_r2	0.9984621134250918		1	ok
jepa	regime	pooled	mlp	0	log10_Rayleigh		test_pearson_r	0.9992325842927611		1	ok
jepa	regime	pooled	mlp	0	log10_Rayleigh		test_mse	0.003075773149816316		1	ok
jepa	regime	pooled	mlp	0	log10_Rayleigh		test_log_mse	-2.512045698589726		1	ok
jepa	regime	pooled	ridge	0	log10_Rayleigh		test_vrmse	0.041624376446248924		1	ok
jepa	regime	pooled	ridge	0	log10_Rayleigh		test_r2	0.9982674112854609		1	ok
jepa	regime	pooled	ridge	0	log10_Rayleigh		test_pearson_r	0.9991531527822796		1	ok
jepa	regime	pooled	ridge	0	log10_Rayleigh		test_mse	0.003465177429078085		1	ok
jepa	regime	pooled	ridge	0	log10_Rayleigh		test_log_mse	-2.4602745231021808		1	ok
jepa_future	physics	pooled	mlp	0	buoyancy_gradient_energy		test_vrmse	0.16022139915632028		1	ok
jepa_future	physics	pooled	mlp	0	buoyancy_gradient_energy		test_r2	0.9743291032523911		1	ok
jepa_future	physics	pooled	mlp	0	buoyancy_gradient_energy		test_pearson_r	0.9905452450147438		1	ok
jepa_future	physics	pooled	mlp	0	buoyancy_gradient_energy		test_mse	168.2365779983026		1	ok
jepa_future	physics	pooled	mlp	0	buoyancy_gradient_energy		test_log_mse	2.225920426038413		1	ok
jepa_future	physics	pooled	ridge	0	buoyancy_gradient_energy		test_vrmse	0.3652465822577452		1	ok
jepa_future	physics	pooled	ridge	0	buoyancy_gradient_energy		test_r2	0.8665949341490362		1	ok
jepa_future	physics	pooled	ridge	0	buoyancy_gradient_energy		test_pearson_r	0.9322745641047813		1	ok
jepa_future	physics	pooled	ridge	0	buoyancy_gradient_energy		test_mse	874.2823434282583		1	ok
jepa_future	physics	pooled	ridge	0	buoyancy_gradient_energy		test_log_mse	2.9416517076814186		1	ok
jepa_future	physics	pooled	ridge_plus_control	0	buoyancy_gradient_energy		test_vrmse	0.3346692083941568		1	ok
jepa_future	physics	pooled	ridge_plus_control	0	buoyancy_gradient_energy		test_r2	0.8879965209528284		1	ok
jepa_future	physics	pooled	ridge_plus_control	0	buoyancy_gradient_energy		test_pearson_r	0.9437408719002577		1	ok
jepa_future	physics	pooled	ridge_plus_control	0	buoyancy_gradient_energy		test_mse	734.0250799986508		1	ok
jepa_future	physics	pooled	ridge_plus_control	0	buoyancy_gradient_energy		test_log_mse	2.86571089904269		1	ok
jepa_future	physics	pooled	selected	0	buoyancy_gradient_energy		test_vrmse	0.16022139915632028		1	ok
jepa_future	physics	pooled	selected	0	buoyancy_gradient_energy		test_r2	0.9743291032523911		1	ok
jepa_future	physics	pooled	selected	0	buoyancy_gradient_energy		test_pearson_r	0.9905452450147438		1	ok
jepa_future	physics	pooled	selected	0	buoyancy_gradient_energy		test_mse	168.2365779983026		1	ok
jepa_future	physics	pooled	selected	0	buoyancy_gradient_energy		test_log_mse	2.225920426038413		1	ok
jepa_future	physics	pooled	mlp	0	buoyancy_laplacian_magnitude		test_vrmse	0.17457173937754497		1	ok
jepa_future	physics	pooled	mlp	0	buoyancy_laplacian_magnitude		test_r2	0.9695247078106985		1	ok
jepa_future	physics	pooled	mlp	0	buoyancy_laplacian_magnitude		test_pearson_r	0.988832692639551		1	ok
jepa_future	physics	pooled	mlp	0	buoyancy_laplacian_magnitude		test_mse	32791.27390956768		1	ok
jepa_future	physics	pooled	mlp	0	buoyancy_laplacian_magnitude		test_log_mse	4.515758288921543		1	ok
jepa_future	physics	pooled	ridge	0	buoyancy_laplacian_magnitude		test_vrmse	0.34005536058476715		1	ok
jepa_future	physics	pooled	ridge	0	buoyancy_laplacian_magnitude		test_r2	0.884362351737564		1	ok
jepa_future	physics	pooled	ridge	0	buoyancy_laplacian_magnitude		test_pearson_r	0.9416169004512203		1	ok
jepa_future	physics	pooled	ridge	0	buoyancy_laplacian_magnitude		test_mse	124425.576459705		1	ok
jepa_future	physics	pooled	ridge	0	buoyancy_laplacian_magnitude		test_log_mse	5.094909661493127		1	ok
jepa_future	physics	pooled	ridge_plus_control	0	buoyancy_laplacian_magnitude		test_vrmse	0.30324277928724186		1	ok
jepa_future	physics	pooled	ridge_plus_control	0	buoyancy_laplacian_magnitude		test_r2	0.9080438168101491		1	ok
jepa_future	physics	pooled	ridge_plus_control	0	buoyancy_laplacian_magnitude		test_pearson_r	0.9540539800405164		1	ok
jepa_future	physics	pooled	ridge_plus_control	0	buoyancy_laplacian_magnitude		test_mse	98944.42920929047		1	ok
jepa_future	physics	pooled	ridge_plus_control	0	buoyancy_laplacian_magnitude		test_log_mse	4.995391347488636		1	ok
jepa_future	physics	pooled	selected	0	buoyancy_laplacian_magnitude		test_vrmse	0.17457173937754497		1	ok
jepa_future	physics	pooled	selected	0	buoyancy_laplacian_magnitude		test_r2	0.9695247078106985		1	ok
jepa_future	physics	pooled	selected	0	buoyancy_laplacian_magnitude		test_pearson_r	0.988832692639551		1	ok
jepa_future	physics	pooled	selected	0	buoyancy_laplacian_magnitude		test_mse	32791.27390956768		1	ok
jepa_future	physics	pooled	selected	0	buoyancy_laplacian_magnitude		test_log_mse	4.515758288921543		1	ok
jepa_future	physics	pooled	mlp	0	convective_flux		test_vrmse	0.20593569886480861		1	ok
jepa_future	physics	pooled	mlp	0	convective_flux		test_r2	0.9575904879330629		1	ok
jepa_future	physics	pooled	mlp	0	convective_flux		test_pearson_r	0.9788633481707945		1	ok
jepa_future	physics	pooled	mlp	0	convective_flux		test_mse	7.567055721566911e-07		1	ok
jepa_future	physics	pooled	mlp	0	convective_flux		test_log_mse	-6.121073068004161		1	ok
jepa_future	physics	pooled	ridge	0	convective_flux		test_vrmse	0.1804530194532584		1	ok
jepa_future	physics	pooled	ridge	0	convective_flux		test_r2	0.967436707770202		1	ok
jepa_future	physics	pooled	ridge	0	convective_flux		test_pearson_r	0.9836424266469083		1	ok
jepa_future	physics	pooled	ridge	0	convective_flux		test_mse	5.810211784366436e-07		1	ok
jepa_future	physics	pooled	ridge	0	convective_flux		test_log_mse	-6.235808037126815		1	ok
jepa_future	physics	pooled	ridge_plus_control	0	convective_flux		test_vrmse	0.17565494341879367		1	ok
jepa_future	physics	pooled	ridge_plus_control	0	convective_flux		test_r2	0.9691453408525404		1	ok
jepa_future	physics	pooled	ridge_plus_control	0	convective_flux		test_pearson_r	0.9844887465122921		1	ok
jepa_future	physics	pooled	ridge_plus_control	0	convective_flux		test_mse	5.505343345386034e-07		1	ok
jepa_future	physics	pooled	ridge_plus_control	0	convective_flux		test_log_mse	-6.2592155907055504		1	ok
jepa_future	physics	pooled	selected	0	convective_flux		test_vrmse	0.1804530194532584		1	ok
jepa_future	physics	pooled	selected	0	convective_flux		test_r2	0.967436707770202		1	ok
jepa_future	physics	pooled	selected	0	convective_flux		test_pearson_r	0.9836424266469083		1	ok
jepa_future	physics	pooled	selected	0	convective_flux		test_mse	5.810211784366436e-07		1	ok
jepa_future	physics	pooled	selected	0	convective_flux		test_log_mse	-6.235808037126815		1	ok
jepa_future	physics	pooled	mlp	0	enstrophy		test_vrmse	0.17299220317138908		1	ok
jepa_future	physics	pooled	mlp	0	enstrophy		test_r2	0.9700736976419089		1	ok
jepa_future	physics	pooled	mlp	0	enstrophy		test_pearson_r	0.9850547107320204		1	ok
jepa_future	physics	pooled	mlp	0	enstrophy		test_mse	49.77655080126113		1	ok
jepa_future	physics	pooled	mlp	0	enstrophy		test_log_mse	1.69702479946667		1	ok
jepa_future	physics	pooled	ridge	0	enstrophy		test_vrmse	0.2291987678337412		1	ok
jepa_future	physics	pooled	ridge	0	enstrophy		test_r2	0.9474679248234948		1	ok
jepa_future	physics	pooled	ridge	0	enstrophy		test_pearson_r	0.9735069479838206		1	ok
jepa_future	physics	pooled	ridge	0	enstrophy		test_mse	87.37683250774214		1	ok
jepa_future	physics	pooled	ridge	0	enstrophy		test_log_mse	1.941396297075969		1	ok
jepa_future	physics	pooled	ridge_plus_control	0	enstrophy		test_vrmse	0.2075835393914834		1	ok
jepa_future	physics	pooled	ridge_plus_control	0	enstrophy		test_r2	0.9569090741737044		1	ok
jepa_future	physics	pooled	ridge_plus_control	0	enstrophy		test_pearson_r	0.9782986188759759		1	ok
jepa_future	physics	pooled	ridge_plus_control	0	enstrophy		test_mse	71.6733271220878		1	ok
jepa_future	physics	pooled	ridge_plus_control	0	enstrophy		test_log_mse	1.8553575651675318		1	ok
jepa_future	physics	pooled	selected	0	enstrophy		test_vrmse	0.17299220317138908		1	ok
jepa_future	physics	pooled	selected	0	enstrophy		test_r2	0.9700736976419089		1	ok
jepa_future	physics	pooled	selected	0	enstrophy		test_pearson_r	0.9850547107320204		1	ok
jepa_future	physics	pooled	selected	0	enstrophy		test_mse	49.77655080126113		1	ok
jepa_future	physics	pooled	selected	0	enstrophy		test_log_mse	1.69702479946667		1	ok
jepa_future	physics	pooled	mlp	0	pressure_gradient_magnitude		test_vrmse	0.06863411730644078		1	ok
jepa_future	physics	pooled	mlp	0	pressure_gradient_magnitude		test_r2	0.9952893579415657		1	ok
jepa_future	physics	pooled	mlp	0	pressure_gradient_magnitude		test_pearson_r	0.9977085292527745		1	ok
jepa_future	physics	pooled	mlp	0	pressure_gradient_magnitude		test_mse	0.000492403916215163		1	ok
jepa_future	physics	pooled	mlp	0	pressure_gradient_magnitude		test_log_mse	-3.30767850167112		1	ok
jepa_future	physics	pooled	ridge	0	pressure_gradient_magnitude		test_vrmse	0.08575962873389714		1	ok
jepa_future	physics	pooled	ridge	0	pressure_gradient_magnitude		test_r2	0.9926452860794241		1	ok
jepa_future	physics	pooled	ridge	0	pressure_gradient_magnitude		test_pearson_r	0.9963250380543264		1	ok
jepa_future	physics	pooled	ridge	0	pressure_gradient_magnitude		test_mse	0.0007687890296503336		1	ok
jepa_future	physics	pooled	ridge	0	pressure_gradient_magnitude		test_log_mse	-3.1141928225251476		1	ok
jepa_future	physics	pooled	ridge_plus_control	0	pressure_gradient_magnitude		test_vrmse	0.07695625857710475		1	ok
jepa_future	physics	pooled	ridge_plus_control	0	pressure_gradient_magnitude		test_r2	0.9940777342658138		1	ok
jepa_future	physics	pooled	ridge_plus_control	0	pressure_gradient_magnitude		test_pearson_r	0.997039990605289		1	ok
jepa_future	physics	pooled	ridge_plus_control	0	pressure_gradient_magnitude		test_mse	0.0006190550681215263		1	ok
jepa_future	physics	pooled	ridge_plus_control	0	pressure_gradient_magnitude		test_log_mse	-3.2082707165411737		1	ok
jepa_future	physics	pooled	selected	0	pressure_gradient_magnitude		test_vrmse	0.06863411730644078		1	ok
jepa_future	physics	pooled	selected	0	pressure_gradient_magnitude		test_r2	0.9952893579415657		1	ok
jepa_future	physics	pooled	selected	0	pressure_gradient_magnitude		test_pearson_r	0.9977085292527745		1	ok
jepa_future	physics	pooled	selected	0	pressure_gradient_magnitude		test_mse	0.000492403916215163		1	ok
jepa_future	physics	pooled	selected	0	pressure_gradient_magnitude		test_log_mse	-3.30767850167112		1	ok
jepa_future	physics	pooled	mlp	16	buoyancy_gradient_energy		test_vrmse	0.16386269484121163		1	ok
jepa_future	physics	pooled	mlp	16	buoyancy_gradient_energy		test_r2	0.973149017239376		1	ok
jepa_future	physics	pooled	mlp	16	buoyancy_gradient_energy		test_pearson_r	0.988248380797251		1	ok
jepa_future	physics	pooled	mlp	16	buoyancy_gradient_energy		test_mse	79.40251035038072		1	ok
jepa_future	physics	pooled	mlp	16	buoyancy_gradient_energy		test_log_mse	1.8998342330830622		1	ok
jepa_future	physics	pooled	ridge	16	buoyancy_gradient_energy		test_vrmse	0.22303617500602543		1	ok
jepa_future	physics	pooled	ridge	16	buoyancy_gradient_energy		test_r2	0.9502548646386816		1	ok
jepa_future	physics	pooled	ridge	16	buoyancy_gradient_energy		test_pearson_r	0.9758637185605556		1	ok
jepa_future	physics	pooled	ridge	16	buoyancy_gradient_energy		test_mse	147.1040617254627		1	ok
jepa_future	physics	pooled	ridge	16	buoyancy_gradient_energy		test_log_mse	2.167624664301985		1	ok
jepa_future	physics	pooled	ridge_plus_control	16	buoyancy_gradient_energy		test_vrmse	0.2123824269762668		1	ok
jepa_future	physics	pooled	ridge_plus_control	16	buoyancy_gradient_energy		test_r2	0.9548937047116707		1	ok
jepa_future	physics	pooled	ridge_plus_control	16	buoyancy_gradient_energy		test_pearson_r	0.9780564889677708		1	ok
jepa_future	physics	pooled	ridge_plus_control	16	buoyancy_gradient_energy		test_mse	133.38629391811716		1	ok
jepa_future	physics	pooled	ridge_plus_control	16	buoyancy_gradient_energy		test_log_mse	2.1251112060307364		1	ok
jepa_future	physics	pooled	selected	16	buoyancy_gradient_energy		test_vrmse	0.16386269484121163		1	ok
jepa_future	physics	pooled	selected	16	buoyancy_gradient_energy		test_r2	0.973149017239376		1	ok
jepa_future	physics	pooled	selected	16	buoyancy_gradient_energy		test_pearson_r	0.988248380797251		1	ok
jepa_future	physics	pooled	selected	16	buoyancy_gradient_energy		test_mse	79.40251035038072		1	ok
jepa_future	physics	pooled	selected	16	buoyancy_gradient_energy		test_log_mse	1.8998342330830622		1	ok
jepa_future	physics	pooled	mlp	16	buoyancy_laplacian_magnitude		test_vrmse	0.17122851820430612		1	ok
jepa_future	physics	pooled	mlp	16	buoyancy_laplacian_magnitude		test_r2	0.9706807945535576		1	ok
jepa_future	physics	pooled	mlp	16	buoyancy_laplacian_magnitude		test_pearson_r	0.987383228079994		1	ok
jepa_future	physics	pooled	mlp	16	buoyancy_laplacian_magnitude		test_mse	13543.878389875266		1	ok
jepa_future	physics	pooled	mlp	16	buoyancy_laplacian_magnitude		test_log_mse	4.131743045599754		1	ok
jepa_future	physics	pooled	ridge	16	buoyancy_laplacian_magnitude		test_vrmse	0.2575556548457891		1	ok
jepa_future	physics	pooled	ridge	16	buoyancy_laplacian_magnitude		test_r2	0.9336650846569567		1	ok
jepa_future	physics	pooled	ridge	16	buoyancy_laplacian_magnitude		test_pearson_r	0.9674050007415743		1	ok
jepa_future	physics	pooled	ridge	16	buoyancy_laplacian_magnitude		test_mse	30643.123260963563		1	ok
jepa_future	physics	pooled	ridge	16	buoyancy_laplacian_magnitude		test_log_mse	4.486333028123564		1	ok
jepa_future	physics	pooled	ridge_plus_control	16	buoyancy_laplacian_magnitude		test_vrmse	0.24306156208031968		1	ok
jepa_future	physics	pooled	ridge_plus_control	16	buoyancy_laplacian_magnitude		test_r2	0.9409210770390749		1	ok
jepa_future	physics	pooled	ridge_plus_control	16	buoyancy_laplacian_magnitude		test_pearson_r	0.9710529240930051		1	ok
jepa_future	physics	pooled	ridge_plus_control	16	buoyancy_laplacian_magnitude		test_mse	27291.249397915402		1	ok
jepa_future	physics	pooled	ridge_plus_control	16	buoyancy_laplacian_magnitude		test_log_mse	4.43602341819829		1	ok
jepa_future	physics	pooled	selected	16	buoyancy_laplacian_magnitude		test_vrmse	0.17122851820430612		1	ok
jepa_future	physics	pooled	selected	16	buoyancy_laplacian_magnitude		test_r2	0.9706807945535576		1	ok
jepa_future	physics	pooled	selected	16	buoyancy_laplacian_magnitude		test_pearson_r	0.987383228079994		1	ok
jepa_future	physics	pooled	selected	16	buoyancy_laplacian_magnitude		test_mse	13543.878389875266		1	ok
jepa_future	physics	pooled	selected	16	buoyancy_laplacian_magnitude		test_log_mse	4.131743045599754		1	ok
jepa_future	physics	pooled	mlp	16	convective_flux		test_vrmse	0.2327043484577419		1	ok
jepa_future	physics	pooled	mlp	16	convective_flux		test_r2	0.9458486862088579		1	ok
jepa_future	physics	pooled	mlp	16	convective_flux		test_pearson_r	0.9728499372890267		1	ok
jepa_future	physics	pooled	mlp	16	convective_flux		test_mse	9.07822851267755e-07		1	ok
jepa_future	physics	pooled	mlp	16	convective_flux		test_log_mse	-6.041998889609708		1	ok
jepa_future	physics	pooled	ridge	16	convective_flux		test_vrmse	0.2505714544573476		1	ok
jepa_future	physics	pooled	ridge	16	convective_flux		test_r2	0.9372139462111294		1	ok
jepa_future	physics	pooled	ridge	16	convective_flux		test_pearson_r	0.9682910731532256		1	ok
jepa_future	physics	pooled	ridge	16	convective_flux		test_mse	1.052580452439304e-06		1	ok
jepa_future	physics	pooled	ridge	16	convective_flux		test_log_mse	-5.977744699563443		1	ok
jepa_future	physics	pooled	ridge_plus_control	16	convective_flux		test_vrmse	0.23615320750147253		1	ok
jepa_future	physics	pooled	ridge_plus_control	16	convective_flux		test_r2	0.9442316625867665		1	ok
jepa_future	physics	pooled	ridge_plus_control	16	convective_flux		test_pearson_r	0.971915174079486		1	ok
jepa_future	physics	pooled	ridge_plus_control	16	convective_flux		test_mse	9.349315378794256e-07		1	ok
jepa_future	physics	pooled	ridge_plus_control	16	convective_flux		test_log_mse	-6.029220189993552		1	ok
jepa_future	physics	pooled	selected	16	convective_flux		test_vrmse	0.2327043484577419		1	ok
jepa_future	physics	pooled	selected	16	convective_flux		test_r2	0.9458486862088579		1	ok
jepa_future	physics	pooled	selected	16	convective_flux		test_pearson_r	0.9728499372890267		1	ok
jepa_future	physics	pooled	selected	16	convective_flux		test_mse	9.07822851267755e-07		1	ok
jepa_future	physics	pooled	selected	16	convective_flux		test_log_mse	-6.041998889609708		1	ok
jepa_future	physics	pooled	mlp	16	enstrophy		test_vrmse	0.22050527903780107		1	ok
jepa_future	physics	pooled	mlp	16	enstrophy		test_r2	0.9513774219164615		1	ok
jepa_future	physics	pooled	mlp	16	enstrophy		test_pearson_r	0.9755186963779231		1	ok
jepa_future	physics	pooled	mlp	16	enstrophy		test_mse	84.90807164599656		1	ok
jepa_future	physics	pooled	mlp	16	enstrophy		test_log_mse	1.9289489776961313		1	ok
jepa_future	physics	pooled	ridge	16	enstrophy		test_vrmse	0.252383969114336		1	ok
jepa_future	physics	pooled	ridge	16	enstrophy		test_r2	0.9363023321340939		1	ok
jepa_future	physics	pooled	ridge	16	enstrophy		test_pearson_r	0.9676860083305274		1	ok
jepa_future	physics	pooled	ridge	16	enstrophy		test_mse	111.23322456388449		1	ok
jepa_future	physics	pooled	ridge	16	enstrophy		test_log_mse	2.0462345272603217		1	ok
jepa_future	physics	pooled	ridge_plus_control	16	enstrophy		test_vrmse	0.21784095118066962		1	ok
jepa_future	physics	pooled	ridge_plus_control	16	enstrophy		test_r2	0.9525453199887011		1	ok
jepa_future	physics	pooled	ridge_plus_control	16	enstrophy		test_pearson_r	0.9759988489756193		1	ok
jepa_future	physics	pooled	ridge_plus_control	16	enstrophy		test_mse	82.86860814773101		1	ok
jepa_future	physics	pooled	ridge_plus_control	16	enstrophy		test_log_mse	1.9183900445413429		1	ok
jepa_future	physics	pooled	selected	16	enstrophy		test_vrmse	0.22050527903780107		1	ok
jepa_future	physics	pooled	selected	16	enstrophy		test_r2	0.9513774219164615		1	ok
jepa_future	physics	pooled	selected	16	enstrophy		test_pearson_r	0.9755186963779231		1	ok
jepa_future	physics	pooled	selected	16	enstrophy		test_mse	84.90807164599656		1	ok
jepa_future	physics	pooled	selected	16	enstrophy		test_log_mse	1.9289489776961313		1	ok
jepa_future	physics	pooled	mlp	16	pressure_gradient_magnitude		test_vrmse	0.09391188135015784		1	ok
jepa_future	physics	pooled	mlp	16	pressure_gradient_magnitude		test_r2	0.9911805585412738		1	ok
jepa_future	physics	pooled	mlp	16	pressure_gradient_magnitude		test_pearson_r	0.9956091082402798		1	ok
jepa_future	physics	pooled	mlp	16	pressure_gradient_magnitude		test_mse	0.0010451383248174955		1	ok
jepa_future	physics	pooled	mlp	16	pressure_gradient_magnitude		test_log_mse	-2.980826226558311		1	ok
jepa_future	physics	pooled	ridge	16	pressure_gradient_magnitude		test_vrmse	0.11562353967683366		1	ok
jepa_future	physics	pooled	ridge	16	pressure_gradient_magnitude		test_r2	0.9866311970725997		1	ok
jepa_future	physics	pooled	ridge	16	pressure_gradient_magnitude		test_pearson_r	0.9933334853926634		1	ok
jepa_future	physics	pooled	ridge	16	pressure_gradient_magnitude		test_mse	0.0015842554612723238		1	ok
jepa_future	physics	pooled	ridge	16	pressure_gradient_magnitude		test_log_mse	-2.8001747870928306		1	ok
jepa_future	physics	pooled	ridge_plus_control	16	pressure_gradient_magnitude		test_vrmse	0.10739611596453229		1	ok
jepa_future	physics	pooled	ridge_plus_control	16	pressure_gradient_magnitude		test_r2	0.9884660742757327		1	ok
jepa_future	physics	pooled	ridge_plus_control	16	pressure_gradient_magnitude		test_pearson_r	0.9942398858568732		1	ok
jepa_future	physics	pooled	ridge_plus_control	16	pressure_gradient_magnitude		test_mse	0.0013668153325178108		1	ok
jepa_future	physics	pooled	ridge_plus_control	16	pressure_gradient_magnitude		test_log_mse	-2.8642901580628193		1	ok
jepa_future	physics	pooled	selected	16	pressure_gradient_magnitude		test_vrmse	0.09391188135015784		1	ok
jepa_future	physics	pooled	selected	16	pressure_gradient_magnitude		test_r2	0.9911805585412738		1	ok
jepa_future	physics	pooled	selected	16	pressure_gradient_magnitude		test_pearson_r	0.9956091082402798		1	ok
jepa_future	physics	pooled	selected	16	pressure_gradient_magnitude		test_mse	0.0010451383248174955		1	ok
jepa_future	physics	pooled	selected	16	pressure_gradient_magnitude		test_log_mse	-2.980826226558311		1	ok
jepa_future	physics	pooled	mlp	40	buoyancy_gradient_energy		test_vrmse	0.3632164863986148		1	ok
jepa_future	physics	pooled	mlp	40	buoyancy_gradient_energy		test_r2	0.8680737840082449		1	ok
jepa_future	physics	pooled	mlp	40	buoyancy_gradient_energy		test_pearson_r	0.9329812176806458		1	ok
jepa_future	physics	pooled	mlp	40	buoyancy_gradient_energy		test_mse	387.44301322516446		1	ok
jepa_future	physics	pooled	mlp	40	buoyancy_gradient_energy		test_log_mse	2.58820783365043		1	ok
jepa_future	physics	pooled	ridge	40	buoyancy_gradient_energy		test_vrmse	0.41021777496419465		1	ok
jepa_future	physics	pooled	ridge	40	buoyancy_gradient_energy		test_r2	0.8317213771034253		1	ok
jepa_future	physics	pooled	ridge	40	buoyancy_gradient_energy		test_pearson_r	0.9128140310863078		1	ok
jepa_future	physics	pooled	ridge	40	buoyancy_gradient_energy		test_mse	494.2033410592529		1	ok
jepa_future	physics	pooled	ridge	40	buoyancy_gradient_energy		test_log_mse	2.693905677121691		1	ok
jepa_future	physics	pooled	ridge_plus_control	40	buoyancy_gradient_energy		test_vrmse	0.25863215593573374		1	ok
jepa_future	physics	pooled	ridge_plus_control	40	buoyancy_gradient_energy		test_r2	0.9331094079160343		1	ok
jepa_future	physics	pooled	ridge_plus_control	40	buoyancy_gradient_energy		test_pearson_r	0.9661435447927381		1	ok
jepa_future	physics	pooled	ridge_plus_control	40	buoyancy_gradient_energy		test_mse	196.44535666092835		1	ok
jepa_future	physics	pooled	ridge_plus_control	40	buoyancy_gradient_energy		test_log_mse	2.293241767938515		1	ok
jepa_future	physics	pooled	selected	40	buoyancy_gradient_energy		test_vrmse	0.3632164863986148		1	ok
jepa_future	physics	pooled	selected	40	buoyancy_gradient_energy		test_r2	0.8680737840082449		1	ok
jepa_future	physics	pooled	selected	40	buoyancy_gradient_energy		test_pearson_r	0.9329812176806458		1	ok
jepa_future	physics	pooled	selected	40	buoyancy_gradient_energy		test_mse	387.44301322516446		1	ok
jepa_future	physics	pooled	selected	40	buoyancy_gradient_energy		test_log_mse	2.58820783365043		1	ok
jepa_future	physics	pooled	mlp	40	buoyancy_laplacian_magnitude		test_vrmse	0.4031107693993497		1	ok
jepa_future	physics	pooled	mlp	40	buoyancy_laplacian_magnitude		test_r2	0.8375017075942643		1	ok
jepa_future	physics	pooled	mlp	40	buoyancy_laplacian_magnitude		test_pearson_r	0.9171772115559831		1	ok
jepa_future	physics	pooled	mlp	40	buoyancy_laplacian_magnitude		test_mse	71484.90293089858		1	ok
jepa_future	physics	pooled	mlp	40	buoyancy_laplacian_magnitude		test_log_mse	4.854214331785637		1	ok
jepa_future	physics	pooled	ridge	40	buoyancy_laplacian_magnitude		test_vrmse	0.4228657470809108		1	ok
jepa_future	physics	pooled	ridge	40	buoyancy_laplacian_magnitude		test_r2	0.8211845599457032		1	ok
jepa_future	physics	pooled	ridge	40	buoyancy_laplacian_magnitude		test_pearson_r	0.9070883215808492		1	ok
jepa_future	physics	pooled	ridge	40	buoyancy_laplacian_magnitude		test_mse	78663.00738047715		1	ok
jepa_future	physics	pooled	ridge	40	buoyancy_laplacian_magnitude		test_log_mse	4.895770545986507		1	ok
jepa_future	physics	pooled	ridge_plus_control	40	buoyancy_laplacian_magnitude		test_vrmse	0.25956815795823435		1	ok
jepa_future	physics	pooled	ridge_plus_control	40	buoyancy_laplacian_magnitude		test_r2	0.9326243713741691		1	ok
jepa_future	physics	pooled	ridge_plus_control	40	buoyancy_laplacian_magnitude		test_pearson_r	0.9659556611310771		1	ok
jepa_future	physics	pooled	ridge_plus_control	40	buoyancy_laplacian_magnitude		test_mse	29639.32851798874		1	ok
jepa_future	physics	pooled	ridge_plus_control	40	buoyancy_laplacian_magnitude		test_log_mse	4.471868360432948		1	ok
jepa_future	physics	pooled	selected	40	buoyancy_laplacian_magnitude		test_vrmse	0.4031107693993497		1	ok
jepa_future	physics	pooled	selected	40	buoyancy_laplacian_magnitude		test_r2	0.8375017075942643		1	ok
jepa_future	physics	pooled	selected	40	buoyancy_laplacian_magnitude		test_pearson_r	0.9171772115559831		1	ok
jepa_future	physics	pooled	selected	40	buoyancy_laplacian_magnitude		test_mse	71484.90293089858		1	ok
jepa_future	physics	pooled	selected	40	buoyancy_laplacian_magnitude		test_log_mse	4.854214331785637		1	ok
jepa_future	physics	pooled	mlp	40	convective_flux		test_vrmse	0.26655436985751285		1	ok
jepa_future	physics	pooled	mlp	40	convective_flux		test_r2	0.9289487679098642		1	ok
jepa_future	physics	pooled	mlp	40	convective_flux		test_pearson_r	0.9639738851703672		1	ok
jepa_future	physics	pooled	mlp	40	convective_flux		test_mse	1.2219173544074446e-06		1	ok
jepa_future	physics	pooled	mlp	40	convective_flux		test_log_mse	-5.912958167038298		1	ok
jepa_future	physics	pooled	ridge	40	convective_flux		test_vrmse	0.3007545944358633		1	ok
jepa_future	physics	pooled	ridge	40	convective_flux		test_r2	0.9095466739257194		1	ok
jepa_future	physics	pooled	ridge	40	convective_flux		test_pearson_r	0.9538457327681324		1	ok
jepa_future	physics	pooled	ridge	40	convective_flux		test_mse	1.5555886315078214e-06		1	ok
jepa_future	physics	pooled	ridge	40	convective_flux		test_log_mse	-5.808105239406978		1	ok
jepa_future	physics	pooled	ridge_plus_control	40	convective_flux		test_vrmse	0.2951100906288136		1	ok
jepa_future	physics	pooled	ridge_plus_control	40	convective_flux		test_r2	0.9129100344090534		1	ok
jepa_future	physics	pooled	ridge_plus_control	40	convective_flux		test_pearson_r	0.9556296765543553		1	ok
jepa_future	physics	pooled	ridge_plus_control	40	convective_flux		test_mse	1.497746586791406e-06		1	ok
jepa_future	physics	pooled	ridge_plus_control	40	convective_flux		test_log_mse	-5.824561661448395		1	ok
jepa_future	physics	pooled	selected	40	convective_flux		test_vrmse	0.26655436985751285		1	ok
jepa_future	physics	pooled	selected	40	convective_flux		test_r2	0.9289487679098642		1	ok
jepa_future	physics	pooled	selected	40	convective_flux		test_pearson_r	0.9639738851703672		1	ok
jepa_future	physics	pooled	selected	40	convective_flux		test_mse	1.2219173544074446e-06		1	ok
jepa_future	physics	pooled	selected	40	convective_flux		test_log_mse	-5.912958167038298		1	ok
jepa_future	physics	pooled	mlp	40	enstrophy		test_vrmse	0.23499185533424305		1	ok
jepa_future	physics	pooled	mlp	40	enstrophy		test_r2	0.9447788279265702		1	ok
jepa_future	physics	pooled	mlp	40	enstrophy		test_pearson_r	0.9722175964399948		1	ok
jepa_future	physics	pooled	mlp	40	enstrophy		test_mse	113.44616237264462		1	ok
jepa_future	physics	pooled	mlp	40	enstrophy		test_log_mse	2.0547898092683465		1	ok
jepa_future	physics	pooled	ridge	40	enstrophy		test_vrmse	0.28848910476211265		1	ok
jepa_future	physics	pooled	ridge	40	enstrophy		test_r2	0.9167740364335548		1	ok
jepa_future	physics	pooled	ridge	40	enstrophy		test_pearson_r	0.9575119058069433		1	ok
jepa_future	physics	pooled	ridge	40	enstrophy		test_mse	170.9790977240357		1	ok
jepa_future	physics	pooled	ridge	40	enstrophy		test_log_mse	2.232943020930358		1	ok
jepa_future	physics	pooled	ridge_plus_control	40	enstrophy		test_vrmse	0.2362408353395408		1	ok
jepa_future	physics	pooled	ridge_plus_control	40	enstrophy		test_r2	0.944190267718076		1	ok
jepa_future	physics	pooled	ridge_plus_control	40	enstrophy		test_pearson_r	0.9717973340367172		1	ok
jepa_future	physics	pooled	ridge_plus_control	40	enstrophy		test_mse	114.6552981890689		1	ok
jepa_future	physics	pooled	ridge_plus_control	40	enstrophy		test_log_mse	2.059394128155467		1	ok
jepa_future	physics	pooled	selected	40	enstrophy		test_vrmse	0.23499185533424305		1	ok
jepa_future	physics	pooled	selected	40	enstrophy		test_r2	0.9447788279265702		1	ok
jepa_future	physics	pooled	selected	40	enstrophy		test_pearson_r	0.9722175964399948		1	ok
jepa_future	physics	pooled	selected	40	enstrophy		test_mse	113.44616237264462		1	ok
jepa_future	physics	pooled	selected	40	enstrophy		test_log_mse	2.0547898092683465		1	ok
jepa_future	physics	pooled	mlp	40	pressure_gradient_magnitude		test_vrmse	0.12188717872494013		1	ok
jepa_future	physics	pooled	mlp	40	pressure_gradient_magnitude		test_r2	0.9851435156624745		1	ok
jepa_future	physics	pooled	mlp	40	pressure_gradient_magnitude		test_pearson_r	0.9926723561777661		1	ok
jepa_future	physics	pooled	mlp	40	pressure_gradient_magnitude		test_mse	0.002209241336142776		1	ok
jepa_future	physics	pooled	mlp	40	pressure_gradient_magnitude		test_log_mse	-2.6557568394793387		1	ok
jepa_future	physics	pooled	ridge	40	pressure_gradient_magnitude		test_vrmse	0.1490498037819603		1	ok
jepa_future	physics	pooled	ridge	40	pressure_gradient_magnitude		test_r2	0.9777841559925591		1	ok
jepa_future	physics	pooled	ridge	40	pressure_gradient_magnitude		test_pearson_r	0.9888681366173396		1	ok
jepa_future	physics	pooled	ridge	40	pressure_gradient_magnitude		test_mse	0.0033036187959063915		1	ok
jepa_future	physics	pooled	ridge	40	pressure_gradient_magnitude		test_log_mse	-2.481010071637866		1	ok
jepa_future	physics	pooled	ridge_plus_control	40	pressure_gradient_magnitude		test_vrmse	0.1306093215741147		1	ok
jepa_future	physics	pooled	ridge_plus_control	40	pressure_gradient_magnitude		test_r2	0.9829412051179495		1	ok
jepa_future	physics	pooled	ridge_plus_control	40	pressure_gradient_magnitude		test_pearson_r	0.9914564910168742		1	ok
jepa_future	physics	pooled	ridge_plus_control	40	pressure_gradient_magnitude		test_mse	0.0025367370867826703		1	ok
jepa_future	physics	pooled	ridge_plus_control	40	pressure_gradient_magnitude		test_log_mse	-2.5957245417165153		1	ok
jepa_future	physics	pooled	selected	40	pressure_gradient_magnitude		test_vrmse	0.12188717872494013		1	ok
jepa_future	physics	pooled	selected	40	pressure_gradient_magnitude		test_r2	0.9851435156624745		1	ok
jepa_future	physics	pooled	selected	40	pressure_gradient_magnitude		test_pearson_r	0.9926723561777661		1	ok
jepa_future	physics	pooled	selected	40	pressure_gradient_magnitude		test_mse	0.002209241336142776		1	ok
jepa_future	physics	pooled	selected	40	pressure_gradient_magnitude		test_log_mse	-2.6557568394793387		1	ok
jepa_future	physics	token	mlp	0	buoyancy_gradient_energy		test_vrmse	0.19566357994045314		1	ok
jepa_future	physics	token	mlp	0	buoyancy_gradient_energy		test_r2	0.9617157634848859		1	ok
jepa_future	physics	token	mlp	0	buoyancy_gradient_energy		test_pearson_r	0.9807935055605702		1	ok
jepa_future	physics	token	mlp	0	buoyancy_gradient_energy		test_mse	5711.497247037338		1	ok
jepa_future	physics	token	mlp	0	buoyancy_gradient_energy		test_log_mse	3.7567499717991146		1	ok
jepa_future	physics	token	ridge	0	buoyancy_gradient_energy		test_vrmse	0.41607569781333176		1	ok
jepa_future	physics	token	ridge	0	buoyancy_gradient_energy		test_r2	0.826881013689149		1	ok
jepa_future	physics	token	ridge	0	buoyancy_gradient_energy		test_pearson_r	0.9123509692479433		1	ok
jepa_future	physics	token	ridge	0	buoyancy_gradient_energy		test_mse	25827.04276560322		1	ok
jepa_future	physics	token	ridge	0	buoyancy_gradient_energy		test_log_mse	4.412074681662859		1	ok
jepa_future	physics	token	selected	0	buoyancy_gradient_energy		test_vrmse	0.19566357994045314		1	ok
jepa_future	physics	token	selected	0	buoyancy_gradient_energy		test_r2	0.9617157634848859		1	ok
jepa_future	physics	token	selected	0	buoyancy_gradient_energy		test_pearson_r	0.9807935055605702		1	ok
jepa_future	physics	token	selected	0	buoyancy_gradient_energy		test_mse	5711.497247037338		1	ok
jepa_future	physics	token	selected	0	buoyancy_gradient_energy		test_log_mse	3.7567499717991146		1	ok
jepa_future	physics	token	mlp	0	buoyancy_laplacian_magnitude		test_vrmse	0.4406995767656996		1	ok
jepa_future	physics	token	mlp	0	buoyancy_laplacian_magnitude		test_r2	0.8057838830385333		1	ok
jepa_future	physics	token	mlp	0	buoyancy_laplacian_magnitude		test_pearson_r	0.8990675428540449		1	ok
jepa_future	physics	token	mlp	0	buoyancy_laplacian_magnitude		test_mse	948123.9960150623		1	ok
jepa_future	physics	token	mlp	0	buoyancy_laplacian_magnitude		test_log_mse	5.976865138249092		1	ok
jepa_future	physics	token	ridge	0	buoyancy_laplacian_magnitude		test_vrmse	0.6005592323541393		1	ok
jepa_future	physics	token	ridge	0	buoyancy_laplacian_magnitude		test_r2	0.6393286084342069		1	ok
jepa_future	physics	token	ridge	0	buoyancy_laplacian_magnitude		test_pearson_r	0.7997773116862429		1	ok
jepa_future	physics	token	ridge	0	buoyancy_laplacian_magnitude		test_mse	1760725.146654639		1	ok
jepa_future	physics	token	ridge	0	buoyancy_laplacian_magnitude		test_log_mse	6.245691566865917		1	ok
jepa_future	physics	token	selected	0	buoyancy_laplacian_magnitude		test_vrmse	0.4406995767656996		1	ok
jepa_future	physics	token	selected	0	buoyancy_laplacian_magnitude		test_r2	0.8057838830385333		1	ok
jepa_future	physics	token	selected	0	buoyancy_laplacian_magnitude		test_pearson_r	0.8990675428540449		1	ok
jepa_future	physics	token	selected	0	buoyancy_laplacian_magnitude		test_mse	948123.9960150623		1	ok
jepa_future	physics	token	selected	0	buoyancy_laplacian_magnitude		test_log_mse	5.976865138249092		1	ok
jepa_future	physics	token	mlp	0	convective_flux		test_vrmse	0.04782808446451802		1	ok
jepa_future	physics	token	mlp	0	convective_flux		test_r2	0.9977124743364549		1	ok
jepa_future	physics	token	mlp	0	convective_flux		test_pearson_r	0.9989526708868367		1	ok
jepa_future	physics	token	mlp	0	convective_flux		test_mse	1.1944114740161772e-05		1	ok
jepa_future	physics	token	mlp	0	convective_flux		test_log_mse	-4.922846033248557		1	ok
jepa_future	physics	token	ridge	0	convective_flux		test_vrmse	0.14687121616197715		1	ok
jepa_future	physics	token	ridge	0	convective_flux		test_r2	0.9784288458631017		1	ok
jepa_future	physics	token	ridge	0	convective_flux		test_pearson_r	0.9898747431580887		1	ok
jepa_future	physics	token	ridge	0	convective_flux		test_mse	0.00011263189051594712		1	ok
jepa_future	physics	token	ridge	0	convective_flux		test_log_mse	-3.9483386262325078		1	ok
jepa_future	physics	token	selected	0	convective_flux		test_vrmse	0.04782808446451802		1	ok
jepa_future	physics	token	selected	0	convective_flux		test_r2	0.9977124743364549		1	ok
jepa_future	physics	token	selected	0	convective_flux		test_pearson_r	0.9989526708868367		1	ok
jepa_future	physics	token	selected	0	convective_flux		test_mse	1.1944114740161772e-05		1	ok
jepa_future	physics	token	selected	0	convective_flux		test_log_mse	-4.922846033248557		1	ok
jepa_future	physics	token	mlp	0	enstrophy		test_vrmse	0.26147134907541353		1	ok
jepa_future	physics	token	mlp	0	enstrophy		test_r2	0.9316327336126833		1	ok
jepa_future	physics	token	mlp	0	enstrophy		test_pearson_r	0.9681899766386495		1	ok
jepa_future	physics	token	mlp	0	enstrophy		test_mse	4801.669507804536		1	ok
jepa_future	physics	token	mlp	0	enstrophy		test_log_mse	3.6813922648679878		1	ok
jepa_future	physics	token	ridge	0	enstrophy		test_vrmse	0.7226956288932026		1	ok
jepa_future	physics	token	ridge	0	enstrophy		test_r2	0.4777110279786584		1	ok
jepa_future	physics	token	ridge	0	enstrophy		test_pearson_r	0.6945489015357414		1	ok
jepa_future	physics	token	ridge	0	enstrophy		test_mse	36682.16039251645		1	ok
jepa_future	physics	token	ridge	0	enstrophy		test_log_mse	4.564454905485419		1	ok
jepa_future	physics	token	selected	0	enstrophy		test_vrmse	0.26147134907541353		1	ok
jepa_future	physics	token	selected	0	enstrophy		test_r2	0.9316327336126833		1	ok
jepa_future	physics	token	selected	0	enstrophy		test_pearson_r	0.9681899766386495		1	ok
jepa_future	physics	token	selected	0	enstrophy		test_mse	4801.669507804536		1	ok
jepa_future	physics	token	selected	0	enstrophy		test_log_mse	3.6813922648679878		1	ok
jepa_future	physics	token	mlp	0	pressure_gradient_magnitude		test_vrmse	0.2628339825240942		1	ok
jepa_future	physics	token	mlp	0	pressure_gradient_magnitude		test_r2	0.9309182976305241		1	ok
jepa_future	physics	token	mlp	0	pressure_gradient_magnitude		test_pearson_r	0.9653866417104665		1	ok
jepa_future	physics	token	mlp	0	pressure_gradient_magnitude		test_mse	0.01659022819549483		1	ok
jepa_future	physics	token	mlp	0	pressure_gradient_magnitude		test_log_mse	-1.780147640294951		1	ok
jepa_future	physics	token	ridge	0	pressure_gradient_magnitude		test_vrmse	0.4957904564924802		1	ok
jepa_future	physics	token	ridge	0	pressure_gradient_magnitude		test_r2	0.7541918232509781		1	ok
jepa_future	physics	token	ridge	0	pressure_gradient_magnitude		test_pearson_r	0.8689518519543525		1	ok
jepa_future	physics	token	ridge	0	pressure_gradient_magnitude		test_mse	0.059031749431622225		1	ok
jepa_future	physics	token	ridge	0	pressure_gradient_magnitude		test_log_mse	-1.2289143460818401		1	ok
jepa_future	physics	token	selected	0	pressure_gradient_magnitude		test_vrmse	0.2628339825240942		1	ok
jepa_future	physics	token	selected	0	pressure_gradient_magnitude		test_r2	0.9309182976305241		1	ok
jepa_future	physics	token	selected	0	pressure_gradient_magnitude		test_pearson_r	0.9653866417104665		1	ok
jepa_future	physics	token	selected	0	pressure_gradient_magnitude		test_mse	0.01659022819549483		1	ok
jepa_future	physics	token	selected	0	pressure_gradient_magnitude		test_log_mse	-1.780147640294951		1	ok
jepa_future	physics	token	mlp	16	buoyancy_gradient_energy		test_vrmse	0.3723024679847505		1	ok
jepa_future	physics	token	mlp	16	buoyancy_gradient_energy		test_r2	0.8613908723324638		1	ok
jepa_future	physics	token	mlp	16	buoyancy_gradient_energy		test_pearson_r	0.9282004014211866		1	ok
jepa_future	physics	token	mlp	16	buoyancy_gradient_energy		test_mse	28450.04131491743		1	ok
jepa_future	physics	token	mlp	16	buoyancy_gradient_energy		test_log_mse	4.454082901410445		1	ok
jepa_future	physics	token	ridge	16	buoyancy_gradient_energy		test_vrmse	0.519494521128537		1	ok
jepa_future	physics	token	ridge	16	buoyancy_gradient_energy		test_r2	0.7301254425174319		1	ok
jepa_future	physics	token	ridge	16	buoyancy_gradient_energy		test_pearson_r	0.8549758871915563		1	ok
jepa_future	physics	token	ridge	16	buoyancy_gradient_energy		test_mse	55392.761208628406		1	ok
jepa_future	physics	token	ridge	16	buoyancy_gradient_energy		test_log_mse	4.7434530143213		1	ok
jepa_future	physics	token	selected	16	buoyancy_gradient_energy		test_vrmse	0.3723024679847505		1	ok
jepa_future	physics	token	selected	16	buoyancy_gradient_energy		test_r2	0.8613908723324638		1	ok
jepa_future	physics	token	selected	16	buoyancy_gradient_energy		test_pearson_r	0.9282004014211866		1	ok
jepa_future	physics	token	selected	16	buoyancy_gradient_energy		test_mse	28450.04131491743		1	ok
jepa_future	physics	token	selected	16	buoyancy_gradient_energy		test_log_mse	4.454082901410445		1	ok
jepa_future	physics	token	mlp	16	buoyancy_laplacian_magnitude		test_vrmse	0.4125968348155347		1	ok
jepa_future	physics	token	mlp	16	buoyancy_laplacian_magnitude		test_r2	0.8297638519002024		1	ok
jepa_future	physics	token	mlp	16	buoyancy_laplacian_magnitude		test_pearson_r	0.9116336630313959		1	ok
jepa_future	physics	token	mlp	16	buoyancy_laplacian_magnitude		test_mse	893905.5695631685		1	ok
jepa_future	physics	token	mlp	16	buoyancy_laplacian_magnitude		test_log_mse	5.951291643198934		1	ok
jepa_future	physics	token	ridge	16	buoyancy_laplacian_magnitude		test_vrmse	0.6100184380451578		1	ok
jepa_future	physics	token	ridge	16	buoyancy_laplacian_magnitude		test_r2	0.6278775052449461		1	ok
jepa_future	physics	token	ridge	16	buoyancy_laplacian_magnitude		test_pearson_r	0.7929195954462384		1	ok
jepa_future	physics	token	ridge	16	buoyancy_laplacian_magnitude		test_mse	1954005.505495099		1	ok
jepa_future	physics	token	ridge	16	buoyancy_laplacian_magnitude		test_log_mse	6.290925783027981		1	ok
jepa_future	physics	token	selected	16	buoyancy_laplacian_magnitude		test_vrmse	0.4125968348155347		1	ok
jepa_future	physics	token	selected	16	buoyancy_laplacian_magnitude		test_r2	0.8297638519002024		1	ok
jepa_future	physics	token	selected	16	buoyancy_laplacian_magnitude		test_pearson_r	0.9116336630313959		1	ok
jepa_future	physics	token	selected	16	buoyancy_laplacian_magnitude		test_mse	893905.5695631685		1	ok
jepa_future	physics	token	selected	16	buoyancy_laplacian_magnitude		test_log_mse	5.951291643198934		1	ok
jepa_future	physics	token	mlp	16	convective_flux		test_vrmse	0.5885364591911681		1	ok
jepa_future	physics	token	mlp	16	convective_flux		test_r2	0.6536248362027225		1	ok
jepa_future	physics	token	mlp	16	convective_flux		test_pearson_r	0.8092056406118834		1	ok
jepa_future	physics	token	mlp	16	convective_flux		test_mse	0.0020404082750279063		1	ok
jepa_future	physics	token	mlp	16	convective_flux		test_log_mse	-2.6902829238236237		1	ok
jepa_future	physics	token	ridge	16	convective_flux		test_vrmse	0.6194819269920273		1	ok
jepa_future	physics	token	ridge	16	convective_flux		test_r2	0.6162421421302445		1	ok
jepa_future	physics	token	ridge	16	convective_flux		test_pearson_r	0.7867660769713913		1	ok
jepa_future	physics	token	ridge	16	convective_flux		test_mse	0.0022606202483464164		1	ok
jepa_future	physics	token	ridge	16	convective_flux		test_log_mse	-2.645772386747653		1	ok
jepa_future	physics	token	selected	16	convective_flux		test_vrmse	0.5885364591911681		1	ok
jepa_future	physics	token	selected	16	convective_flux		test_r2	0.6536248362027225		1	ok
jepa_future	physics	token	selected	16	convective_flux		test_pearson_r	0.8092056406118834		1	ok
jepa_future	physics	token	selected	16	convective_flux		test_mse	0.0020404082750279063		1	ok
jepa_future	physics	token	selected	16	convective_flux		test_log_mse	-2.6902829238236237		1	ok
jepa_future	physics	token	mlp	16	enstrophy		test_vrmse	0.7482143610032045		1	ok
jepa_future	physics	token	mlp	16	enstrophy		test_r2	0.4401752699885664		1	ok
jepa_future	physics	token	mlp	16	enstrophy		test_pearson_r	0.6760224022854058		1	ok
jepa_future	physics	token	mlp	16	enstrophy		test_mse	27045.95977895855		1	ok
jepa_future	physics	token	mlp	16	enstrophy		test_log_mse	4.4321023978435115		1	ok
jepa_future	physics	token	ridge	16	enstrophy		test_vrmse	0.8150323643847638		1	ok
jepa_future	physics	token	ridge	16	enstrophy		test_r2	0.3357222450053816		1	ok
jepa_future	physics	token	ridge	16	enstrophy		test_pearson_r	0.5854418959383242		1	ok
jepa_future	physics	token	ridge	16	enstrophy		test_mse	32092.239732379094		1	ok
jepa_future	physics	token	ridge	16	enstrophy		test_log_mse	4.506400027767666		1	ok
jepa_future	physics	token	selected	16	enstrophy		test_vrmse	0.7482143610032045		1	ok
jepa_future	physics	token	selected	16	enstrophy		test_r2	0.4401752699885664		1	ok
jepa_future	physics	token	selected	16	enstrophy		test_pearson_r	0.6760224022854058		1	ok
jepa_future	physics	token	selected	16	enstrophy		test_mse	27045.95977895855		1	ok
jepa_future	physics	token	selected	16	enstrophy		test_log_mse	4.4321023978435115		1	ok
jepa_future	physics	token	mlp	16	pressure_gradient_magnitude		test_vrmse	0.6848172570874916		1	ok
jepa_future	physics	token	mlp	16	pressure_gradient_magnitude		test_r2	0.5310253243951644		1	ok
jepa_future	physics	token	mlp	16	pressure_gradient_magnitude		test_pearson_r	0.729049930114431		1	ok
jepa_future	physics	token	mlp	16	pressure_gradient_magnitude		test_mse	0.12555975928299548		1	ok
jepa_future	physics	token	mlp	16	pressure_gradient_magnitude		test_log_mse	-0.9011495255792505		1	ok
jepa_future	physics	token	ridge	16	pressure_gradient_magnitude		test_vrmse	0.7145224815022737		1	ok
jepa_future	physics	token	ridge	16	pressure_gradient_magnitude		test_r2	0.48945762342783294		1	ok
jepa_future	physics	token	ridge	16	pressure_gradient_magnitude		test_pearson_r	0.6996476692767893		1	ok
jepa_future	physics	token	ridge	16	pressure_gradient_magnitude		test_mse	0.1366887835115947		1	ok
jepa_future	physics	token	ridge	16	pressure_gradient_magnitude		test_log_mse	-0.8642671215615092		1	ok
jepa_future	physics	token	selected	16	pressure_gradient_magnitude		test_vrmse	0.6848172570874916		1	ok
jepa_future	physics	token	selected	16	pressure_gradient_magnitude		test_r2	0.5310253243951644		1	ok
jepa_future	physics	token	selected	16	pressure_gradient_magnitude		test_pearson_r	0.729049930114431		1	ok
jepa_future	physics	token	selected	16	pressure_gradient_magnitude		test_mse	0.12555975928299548		1	ok
jepa_future	physics	token	selected	16	pressure_gradient_magnitude		test_log_mse	-0.9011495255792505		1	ok
jepa_future	physics	token	mlp	40	buoyancy_gradient_energy		test_vrmse	0.3469116385082469		1	ok
jepa_future	physics	token	mlp	40	buoyancy_gradient_energy		test_r2	0.8796523150675234		1	ok
jepa_future	physics	token	mlp	40	buoyancy_gradient_energy		test_pearson_r	0.940619066234713		1	ok
jepa_future	physics	token	mlp	40	buoyancy_gradient_energy		test_mse	25859.122234951257		1	ok
jepa_future	physics	token	mlp	40	buoyancy_gradient_energy		test_log_mse	4.412613779052229		1	ok
jepa_future	physics	token	ridge	40	buoyancy_gradient_energy		test_vrmse	0.49292840823294765		1	ok
jepa_future	physics	token	ridge	40	buoyancy_gradient_energy		test_r2	0.7570215843569326		1	ok
jepa_future	physics	token	ridge	40	buoyancy_gradient_energy		test_pearson_r	0.8702514407040701		1	ok
jepa_future	physics	token	ridge	40	buoyancy_gradient_energy		test_mse	52208.80280409376		1	ok
jepa_future	physics	token	ridge	40	buoyancy_gradient_energy		test_log_mse	4.71774373455266		1	ok
jepa_future	physics	token	selected	40	buoyancy_gradient_energy		test_vrmse	0.3469116385082469		1	ok
jepa_future	physics	token	selected	40	buoyancy_gradient_energy		test_r2	0.8796523150675234		1	ok
jepa_future	physics	token	selected	40	buoyancy_gradient_energy		test_pearson_r	0.940619066234713		1	ok
jepa_future	physics	token	selected	40	buoyancy_gradient_energy		test_mse	25859.122234951257		1	ok
jepa_future	physics	token	selected	40	buoyancy_gradient_energy		test_log_mse	4.412613779052229		1	ok
jepa_future	physics	token	mlp	40	buoyancy_laplacian_magnitude		test_vrmse	0.37772585571668754		1	ok
jepa_future	physics	token	mlp	40	buoyancy_laplacian_magnitude		test_r2	0.8573231779230961		1	ok
jepa_future	physics	token	mlp	40	buoyancy_laplacian_magnitude		test_pearson_r	0.92687337015191		1	ok
jepa_future	physics	token	mlp	40	buoyancy_laplacian_magnitude		test_mse	769924.6887578203		1	ok
jepa_future	physics	token	mlp	40	buoyancy_laplacian_magnitude		test_log_mse	5.886448246138061		1	ok
jepa_future	physics	token	ridge	40	buoyancy_laplacian_magnitude		test_vrmse	0.5804795855095064		1	ok
jepa_future	physics	token	ridge	40	buoyancy_laplacian_magnitude		test_r2	0.6630434508067116		1	ok
jepa_future	physics	token	ridge	40	buoyancy_laplacian_magnitude		test_pearson_r	0.8145430889345321		1	ok
jepa_future	physics	token	ridge	40	buoyancy_laplacian_magnitude		test_mse	1818313.321575921		1	ok
jepa_future	physics	token	ridge	40	buoyancy_laplacian_magnitude		test_log_mse	6.259668720529001		1	ok
jepa_future	physics	token	selected	40	buoyancy_laplacian_magnitude		test_vrmse	0.37772585571668754		1	ok
jepa_future	physics	token	selected	40	buoyancy_laplacian_magnitude		test_r2	0.8573231779230961		1	ok
jepa_future	physics	token	selected	40	buoyancy_laplacian_magnitude		test_pearson_r	0.92687337015191		1	ok
jepa_future	physics	token	selected	40	buoyancy_laplacian_magnitude		test_mse	769924.6887578203		1	ok
jepa_future	physics	token	selected	40	buoyancy_laplacian_magnitude		test_log_mse	5.886448246138061		1	ok
jepa_future	physics	token	mlp	40	convective_flux		test_vrmse	0.6665940410304753		1	ok
jepa_future	physics	token	mlp	40	convective_flux		test_r2	0.5556523844626611		1	ok
jepa_future	physics	token	mlp	40	convective_flux		test_pearson_r	0.7456582926502832		1	ok
jepa_future	physics	token	mlp	40	convective_flux		test_mse	0.003028054431565546		1	ok
jepa_future	physics	token	mlp	40	convective_flux		test_log_mse	-2.518836322330456		1	ok
jepa_future	physics	token	ridge	40	convective_flux		test_vrmse	0.6898216635326453		1	ok
jepa_future	physics	token	ridge	40	convective_flux		test_r2	0.5241460725210539		1	ok
jepa_future	physics	token	ridge	40	convective_flux		test_pearson_r	0.7246521476878317		1	ok
jepa_future	physics	token	ridge	40	convective_flux		test_mse	0.0032427575697419517		1	ok
jepa_future	physics	token	ridge	40	convective_flux		test_log_mse	-2.489085518196852		1	ok
jepa_future	physics	token	selected	40	convective_flux		test_vrmse	0.6665940410304753		1	ok
jepa_future	physics	token	selected	40	convective_flux		test_r2	0.5556523844626611		1	ok
jepa_future	physics	token	selected	40	convective_flux		test_pearson_r	0.7456582926502832		1	ok
jepa_future	physics	token	selected	40	convective_flux		test_mse	0.003028054431565546		1	ok
jepa_future	physics	token	selected	40	convective_flux		test_log_mse	-2.518836322330456		1	ok
jepa_future	physics	token	mlp	40	enstrophy		test_vrmse	0.7917729492260553		1	ok
jepa_future	physics	token	mlp	40	enstrophy		test_r2	0.3730955968738744		1	ok
jepa_future	physics	token	mlp	40	enstrophy		test_pearson_r	0.6211480641442435		1	ok
jepa_future	physics	token	mlp	40	enstrophy		test_mse	47650.354094370785		1	ok
jepa_future	physics	token	mlp	40	enstrophy		test_log_mse	4.678066132270461		1	ok
jepa_future	physics	token	ridge	40	enstrophy		test_vrmse	0.8464788951564762		1	ok
jepa_future	physics	token	ridge	40	enstrophy		test_r2	0.2834734800546713		1	ok
jepa_future	physics	token	ridge	40	enstrophy		test_pearson_r	0.5357987462825388		1	ok
jepa_future	physics	token	ridge	40	enstrophy		test_mse	54462.43832894732		1	ok
jepa_future	physics	token	ridge	40	enstrophy		test_log_mse	4.73609708116666		1	ok
jepa_future	physics	token	selected	40	enstrophy		test_vrmse	0.7917729492260553		1	ok
jepa_future	physics	token	selected	40	enstrophy		test_r2	0.3730955968738744		1	ok
jepa_future	physics	token	selected	40	enstrophy		test_pearson_r	0.6211480641442435		1	ok
jepa_future	physics	token	selected	40	enstrophy		test_mse	47650.354094370785		1	ok
jepa_future	physics	token	selected	40	enstrophy		test_log_mse	4.678066132270461		1	ok
jepa_future	physics	token	mlp	40	pressure_gradient_magnitude		test_vrmse	0.7169752201914992		1	ok
jepa_future	physics	token	mlp	40	pressure_gradient_magnitude		test_r2	0.4859465336313512		1	ok
jepa_future	physics	token	mlp	40	pressure_gradient_magnitude		test_pearson_r	0.6971625268093308		1	ok
jepa_future	physics	token	mlp	40	pressure_gradient_magnitude		test_mse	0.17548753659250355		1	ok
jepa_future	physics	token	mlp	40	pressure_gradient_magnitude		test_log_mse	-0.7557537223965012		1	ok
jepa_future	physics	token	ridge	40	pressure_gradient_magnitude		test_vrmse	0.7557165799292958		1	ok
jepa_future	physics	token	ridge	40	pressure_gradient_magnitude		test_r2	0.4288924508199683		1	ok
jepa_future	physics	token	ridge	40	pressure_gradient_magnitude		test_pearson_r	0.6552425999301051		1	ok
jepa_future	physics	token	ridge	40	pressure_gradient_magnitude		test_mse	0.19496465541409724		1	ok
jepa_future	physics	token	ridge	40	pressure_gradient_magnitude		test_log_mse	-0.7100441135088346		1	ok
jepa_future	physics	token	selected	40	pressure_gradient_magnitude		test_vrmse	0.7169752201914992		1	ok
jepa_future	physics	token	selected	40	pressure_gradient_magnitude		test_r2	0.4859465336313512		1	ok
jepa_future	physics	token	selected	40	pressure_gradient_magnitude		test_pearson_r	0.6971625268093308		1	ok
jepa_future	physics	token	selected	40	pressure_gradient_magnitude		test_mse	0.17548753659250355		1	ok
jepa_future	physics	token	selected	40	pressure_gradient_magnitude		test_log_mse	-0.7557537223965012		1	ok
jepa_future	regime	pooled	mlp	0	log10_Prandtl		test_vrmse	0.06696220437346818		1	ok
jepa_future	regime	pooled	mlp	0	log10_Prandtl		test_r2	0.9955160631854458		1	ok
jepa_future	regime	pooled	mlp	0	log10_Prandtl		test_pearson_r	0.9978992128474785		1	ok
jepa_future	regime	pooled	mlp	0	log10_Prandtl		test_mse	0.0020231242523574256		1	ok
jepa_future	regime	pooled	mlp	0	log10_Prandtl		test_log_mse	-2.6939774437462054		1	ok
jepa_future	regime	pooled	ridge	0	log10_Prandtl		test_vrmse	0.07775709934477575		1	ok
jepa_future	regime	pooled	ridge	0	log10_Prandtl		test_r2	0.9939538335014867		1	ok
jepa_future	regime	pooled	ridge	0	log10_Prandtl		test_pearson_r	0.9970027875918311		1	ok
jepa_future	regime	pooled	ridge	0	log10_Prandtl		test_mse	0.00272799251702873		1	ok
jepa_future	regime	pooled	ridge	0	log10_Prandtl		test_log_mse	-2.564156825297666		1	ok
jepa_future	regime	pooled	mlp	0	log10_Rayleigh		test_vrmse	0.04639337315539288		1	ok
jepa_future	regime	pooled	mlp	0	log10_Rayleigh		test_r2	0.9978476549272645		1	ok
jepa_future	regime	pooled	mlp	0	log10_Rayleigh		test_pearson_r	0.9989366707859775		1	ok
jepa_future	regime	pooled	mlp	0	log10_Rayleigh		test_mse	0.004304690145471057		1	ok
jepa_future	regime	pooled	mlp	0	log10_Rayleigh		test_log_mse	-2.3660581038979336		1	ok
jepa_future	regime	pooled	ridge	0	log10_Rayleigh		test_vrmse	0.045617448656628666		1	ok
jepa_future	regime	pooled	ridge	0	log10_Rayleigh		test_r2	0.9979190483780599		1	ok
jepa_future	regime	pooled	ridge	0	log10_Rayleigh		test_pearson_r	0.9990008832817082		1	ok
jepa_future	regime	pooled	ridge	0	log10_Rayleigh		test_mse	0.004161903243880305		1	ok
jepa_future	regime	pooled	ridge	0	log10_Rayleigh		test_log_mse	-2.380708020505295		1	ok
mae	physics	pooled	mlp	0	buoyancy_gradient_energy		test_vrmse	0.11868921205987336		1	ok
mae	physics	pooled	mlp	0	buoyancy_gradient_energy		test_r2	0.9859128709406064		1	ok
mae	physics	pooled	mlp	0	buoyancy_gradient_energy		test_pearson_r	0.9946378101235359		1	ok
mae	physics	pooled	mlp	0	buoyancy_gradient_energy		test_mse	92.32129325570105		1	ok
mae	physics	pooled	mlp	0	buoyancy_gradient_energy		test_log_mse	1.9653018795408672		1	ok
mae	physics	pooled	ridge	0	buoyancy_gradient_energy		test_vrmse	0.29994011917901253		1	ok
mae	physics	pooled	ridge	0	buoyancy_gradient_energy		test_r2	0.9100359249068798		1	ok
mae	physics	pooled	ridge	0	buoyancy_gradient_energy		test_pearson_r	0.9547737268599553		1	ok
mae	physics	pooled	ridge	0	buoyancy_gradient_energy		test_mse	589.5878233337774		1	ok
mae	physics	pooled	ridge	0	buoyancy_gradient_energy		test_log_mse	2.7705485055267807		1	ok
mae	physics	pooled	ridge_plus_control	0	buoyancy_gradient_energy		test_vrmse	0.2891205375995038		1	ok
mae	physics	pooled	ridge_plus_control	0	buoyancy_gradient_energy		test_r2	0.9164093147381739		1	ok
mae	physics	pooled	ridge_plus_control	0	buoyancy_gradient_energy		test_pearson_r	0.9580520713064093		1	ok
mae	physics	pooled	ridge_plus_control	0	buoyancy_gradient_energy		test_mse	547.819228102838		1	ok
mae	physics	pooled	ridge_plus_control	0	buoyancy_gradient_energy		test_log_mse	2.738637271642672		1	ok
mae	physics	pooled	selected	0	buoyancy_gradient_energy		test_vrmse	0.11868921205987336		1	ok
mae	physics	pooled	selected	0	buoyancy_gradient_energy		test_r2	0.9859128709406064		1	ok
mae	physics	pooled	selected	0	buoyancy_gradient_energy		test_pearson_r	0.9946378101235359		1	ok
mae	physics	pooled	selected	0	buoyancy_gradient_energy		test_mse	92.32129325570105		1	ok
mae	physics	pooled	selected	0	buoyancy_gradient_energy		test_log_mse	1.9653018795408672		1	ok
mae	physics	pooled	mlp	0	buoyancy_laplacian_magnitude		test_vrmse	0.09634205673698402		1	ok
mae	physics	pooled	mlp	0	buoyancy_laplacian_magnitude		test_r2	0.9907182081036877		1	ok
mae	physics	pooled	mlp	0	buoyancy_laplacian_magnitude		test_pearson_r	0.9962985581095016		1	ok
mae	physics	pooled	mlp	0	buoyancy_laplacian_magnitude		test_mse	9987.165292886952		1	ok
mae	physics	pooled	mlp	0	buoyancy_laplacian_magnitude		test_log_mse	3.9994422377400176		1	ok
mae	physics	pooled	ridge	0	buoyancy_laplacian_magnitude		test_vrmse	0.24846970428603077		1	ok
mae	physics	pooled	ridge	0	buoyancy_laplacian_magnitude		test_r2	0.9382628060520124		1	ok
mae	physics	pooled	ridge	0	buoyancy_laplacian_magnitude		test_pearson_r	0.9691115193739547		1	ok
mae	physics	pooled	ridge	0	buoyancy_laplacian_magnitude		test_mse	66428.93608965153		1	ok
mae	physics	pooled	ridge	0	buoyancy_laplacian_magnitude		test_log_mse	4.822357296938108		1	ok
mae	physics	pooled	ridge_plus_control	0	buoyancy_laplacian_magnitude		test_vrmse	0.23727950084580432		1	ok
mae	physics	pooled	ridge_plus_control	0	buoyancy_laplacian_magnitude		test_r2	0.943698438478366		1	ok
mae	physics	pooled	ridge_plus_control	0	buoyancy_laplacian_magnitude		test_pearson_r	0.9718652498648799		1	ok
mae	physics	pooled	ridge_plus_control	0	buoyancy_laplacian_magnitude		test_mse	60580.22065627304		1	ok
mae	physics	pooled	ridge_plus_control	0	buoyancy_laplacian_magnitude		test_log_mse	4.782330850865891		1	ok
mae	physics	pooled	selected	0	buoyancy_laplacian_magnitude		test_vrmse	0.09634205673698402		1	ok
mae	physics	pooled	selected	0	buoyancy_laplacian_magnitude		test_r2	0.9907182081036877		1	ok
mae	physics	pooled	selected	0	buoyancy_laplacian_magnitude		test_pearson_r	0.9962985581095016		1	ok
mae	physics	pooled	selected	0	buoyancy_laplacian_magnitude		test_mse	9987.165292886952		1	ok
mae	physics	pooled	selected	0	buoyancy_laplacian_magnitude		test_log_mse	3.9994422377400176		1	ok
mae	physics	pooled	mlp	0	convective_flux		test_vrmse	0.11790256975296079		1	ok
mae	physics	pooled	mlp	0	convective_flux		test_r2	0.9860989840456482		1	ok
mae	physics	pooled	mlp	0	convective_flux		test_pearson_r	0.993116691330146		1	ok
mae	physics	pooled	mlp	0	convective_flux		test_mse	2.4803341794393705e-07		1	ok
mae	physics	pooled	mlp	0	convective_flux		test_log_mse	-6.605489802033021		1	ok
mae	physics	pooled	ridge	0	convective_flux		test_vrmse	0.1346387416312357		1	ok
mae	physics	pooled	ridge	0	convective_flux		test_r2	0.9818724092519574		1	ok
mae	physics	pooled	ridge	0	convective_flux		test_pearson_r	0.9909160319204245		1	ok
mae	physics	pooled	ridge	0	convective_flux		test_mse	3.234474593145355e-07		1	ok
mae	physics	pooled	ridge	0	convective_flux		test_log_mse	-6.490196255900865		1	ok
mae	physics	pooled	ridge_plus_control	0	convective_flux		test_vrmse	0.13343509883895707		1	ok
mae	physics	pooled	ridge_plus_control	0	convective_flux		test_r2	0.9821950743978377		1	ok
mae	physics	pooled	ridge_plus_control	0	convective_flux		test_pearson_r	0.991078869015668		1	ok
mae	physics	pooled	ridge_plus_control	0	convective_flux		test_mse	3.1769020105032627e-07		1	ok
mae	physics	pooled	ridge_plus_control	0	convective_flux		test_log_mse	-6.497996180499897		1	ok
mae	physics	pooled	selected	0	convective_flux		test_vrmse	0.11790256975296079		1	ok
mae	physics	pooled	selected	0	convective_flux		test_r2	0.9860989840456482		1	ok
mae	physics	pooled	selected	0	convective_flux		test_pearson_r	0.993116691330146		1	ok
mae	physics	pooled	selected	0	convective_flux		test_mse	2.4803341794393705e-07		1	ok
mae	physics	pooled	selected	0	convective_flux		test_log_mse	-6.605489802033021		1	ok
mae	physics	pooled	mlp	0	enstrophy		test_vrmse	0.06594474697815272		1	ok
mae	physics	pooled	mlp	0	enstrophy		test_r2	0.9956512903459874		1	ok
mae	physics	pooled	mlp	0	enstrophy		test_pearson_r	0.9979214449659091		1	ok
mae	physics	pooled	mlp	0	enstrophy		test_mse	7.233227961902442		1	ok
mae	physics	pooled	mlp	0	enstrophy		test_log_mse	0.8593321525070732		1	ok
mae	physics	pooled	ridge	0	enstrophy		test_vrmse	0.10768418356152781		1	ok
mae	physics	pooled	ridge	0	enstrophy		test_r2	0.9884041166106872		1	ok
mae	physics	pooled	ridge	0	enstrophy		test_pearson_r	0.9943110849938241		1	ok
mae	physics	pooled	ridge	0	enstrophy		test_mse	19.287484023483824		1	ok
mae	physics	pooled	ridge	0	enstrophy		test_log_mse	1.2852755793296264		1	ok
mae	physics	pooled	ridge_plus_control	0	enstrophy		test_vrmse	0.10658678290829877		1	ok
mae	physics	pooled	ridge_plus_control	0	enstrophy		test_r2	0.9886392577092592		1	ok
mae	physics	pooled	ridge_plus_control	0	enstrophy		test_pearson_r	0.9944143282810664		1	ok
mae	physics	pooled	ridge_plus_control	0	enstrophy		test_mse	18.896372796360595		1	ok
mae	physics	pooled	ridge_plus_control	0	enstrophy		test_log_mse	1.276378448315863		1	ok
mae	physics	pooled	selected	0	enstrophy		test_vrmse	0.06594474697815272		1	ok
mae	physics	pooled	selected	0	enstrophy		test_r2	0.9956512903459874		1	ok
mae	physics	pooled	selected	0	enstrophy		test_pearson_r	0.9979214449659091		1	ok
mae	physics	pooled	selected	0	enstrophy		test_mse	7.233227961902442		1	ok
mae	physics	pooled	selected	0	enstrophy		test_log_mse	0.8593321525070732		1	ok
mae	physics	pooled	mlp	0	pressure_gradient_magnitude		test_vrmse	0.028593415727206386		1	ok
mae	physics	pooled	mlp	0	pressure_gradient_magnitude		test_r2	0.9991824165770511		1	ok
mae	physics	pooled	mlp	0	pressure_gradient_magnitude		test_pearson_r	0.9995923734838265		1	ok
mae	physics	pooled	mlp	0	pressure_gradient_magnitude		test_mse	8.546208230188127e-05		1	ok
mae	physics	pooled	mlp	0	pressure_gradient_magnitude		test_log_mse	-4.068226529712136		1	ok
mae	physics	pooled	ridge	0	pressure_gradient_magnitude		test_vrmse	0.038397003379157406		1	ok
mae	physics	pooled	ridge	0	pressure_gradient_magnitude		test_r2	0.998525670131501		1	ok
mae	physics	pooled	ridge	0	pressure_gradient_magnitude		test_pearson_r	0.9992649338022734		1	ok
mae	physics	pooled	ridge	0	pressure_gradient_magnitude		test_mse	0.00015411185822155276		1	ok
mae	physics	pooled	ridge	0	pressure_gradient_magnitude		test_log_mse	-3.8121639429684904		1	ok
mae	physics	pooled	ridge_plus_control	0	pressure_gradient_magnitude		test_vrmse	0.0376161297878014		1	ok
mae	physics	pooled	ridge_plus_control	0	pressure_gradient_magnitude		test_r2	0.9985850267797873		1	ok
mae	physics	pooled	ridge_plus_control	0	pressure_gradient_magnitude		test_pearson_r	0.9992941077840156		1	ok
mae	physics	pooled	ridge_plus_control	0	pressure_gradient_magnitude		test_mse	0.00014790730145264008		1	ok
mae	physics	pooled	ridge_plus_control	0	pressure_gradient_magnitude		test_log_mse	-3.8300103865012662		1	ok
mae	physics	pooled	selected	0	pressure_gradient_magnitude		test_vrmse	0.028593415727206386		1	ok
mae	physics	pooled	selected	0	pressure_gradient_magnitude		test_r2	0.9991824165770511		1	ok
mae	physics	pooled	selected	0	pressure_gradient_magnitude		test_pearson_r	0.9995923734838265		1	ok
mae	physics	pooled	selected	0	pressure_gradient_magnitude		test_mse	8.546208230188127e-05		1	ok
mae	physics	pooled	selected	0	pressure_gradient_magnitude		test_log_mse	-4.068226529712136		1	ok
mae	physics	pooled	mlp	16	buoyancy_gradient_energy		test_vrmse	0.17136465160647987		1	ok
mae	physics	pooled	mlp	16	buoyancy_gradient_energy		test_r2	0.9706341561797898		1	ok
mae	physics	pooled	mlp	16	buoyancy_gradient_energy		test_pearson_r	0.9870022479164235		1	ok
mae	physics	pooled	mlp	16	buoyancy_gradient_energy		test_mse	86.83934359755682		1	ok
mae	physics	pooled	mlp	16	buoyancy_gradient_energy		test_log_mse	1.938716532043594		1	ok
mae	physics	pooled	ridge	16	buoyancy_gradient_energy		test_vrmse	0.22256837901032728		1	ok
mae	physics	pooled	ridge	16	buoyancy_gradient_energy		test_r2	0.9504633166647153		1	ok
mae	physics	pooled	ridge	16	buoyancy_gradient_energy		test_pearson_r	0.975931015569916		1	ok
mae	physics	pooled	ridge	16	buoyancy_gradient_energy		test_mse	146.48763683322477		1	ok
mae	physics	pooled	ridge	16	buoyancy_gradient_energy		test_log_mse	2.165800972938057		1	ok
mae	physics	pooled	ridge_plus_control	16	buoyancy_gradient_energy		test_vrmse	0.20954934094268854		1	ok
mae	physics	pooled	ridge_plus_control	16	buoyancy_gradient_energy		test_r2	0.9560890737104849		1	ok
mae	physics	pooled	ridge_plus_control	16	buoyancy_gradient_energy		test_pearson_r	0.978673001141757		1	ok
mae	physics	pooled	ridge_plus_control	16	buoyancy_gradient_energy		test_mse	129.85140284366247		1	ok
mae	physics	pooled	ridge_plus_control	16	buoyancy_gradient_energy		test_log_mse	2.1134466458711403		1	ok
mae	physics	pooled	selected	16	buoyancy_gradient_energy		test_vrmse	0.17136465160647987		1	ok
mae	physics	pooled	selected	16	buoyancy_gradient_energy		test_r2	0.9706341561797898		1	ok
mae	physics	pooled	selected	16	buoyancy_gradient_energy		test_pearson_r	0.9870022479164235		1	ok
mae	physics	pooled	selected	16	buoyancy_gradient_energy		test_mse	86.83934359755682		1	ok
mae	physics	pooled	selected	16	buoyancy_gradient_energy		test_log_mse	1.938716532043594		1	ok
mae	physics	pooled	mlp	16	buoyancy_laplacian_magnitude		test_vrmse	0.14877217025662193		1	ok
mae	physics	pooled	mlp	16	buoyancy_laplacian_magnitude		test_r2	0.9778668413571348		1	ok
mae	physics	pooled	mlp	16	buoyancy_laplacian_magnitude		test_pearson_r	0.989880907365733		1	ok
mae	physics	pooled	mlp	16	buoyancy_laplacian_magnitude		test_mse	10224.315580119459		1	ok
mae	physics	pooled	mlp	16	buoyancy_laplacian_magnitude		test_log_mse	4.009634245801543		1	ok
mae	physics	pooled	ridge	16	buoyancy_laplacian_magnitude		test_vrmse	0.23185063986543716		1	ok
mae	physics	pooled	ridge	16	buoyancy_laplacian_magnitude		test_r2	0.9462452807939874		1	ok
mae	physics	pooled	ridge	16	buoyancy_laplacian_magnitude		test_pearson_r	0.973347838911521		1	ok
mae	physics	pooled	ridge	16	buoyancy_laplacian_magnitude		test_mse	24831.756820220002		1	ok
mae	physics	pooled	ridge	16	buoyancy_laplacian_magnitude		test_log_mse	4.395007446511338		1	ok
mae	physics	pooled	ridge_plus_control	16	buoyancy_laplacian_magnitude		test_vrmse	0.22204717650889327		1	ok
mae	physics	pooled	ridge_plus_control	16	buoyancy_laplacian_magnitude		test_r2	0.9506950514044284		1	ok
mae	physics	pooled	ridge_plus_control	16	buoyancy_laplacian_magnitude		test_pearson_r	0.9756228263709101		1	ok
mae	physics	pooled	ridge_plus_control	16	buoyancy_laplacian_magnitude		test_mse	22776.204799182295		1	ok
mae	physics	pooled	ridge_plus_control	16	buoyancy_laplacian_magnitude		test_log_mse	4.3574813592475605		1	ok
mae	physics	pooled	selected	16	buoyancy_laplacian_magnitude		test_vrmse	0.14877217025662193		1	ok
mae	physics	pooled	selected	16	buoyancy_laplacian_magnitude		test_r2	0.9778668413571348		1	ok
mae	physics	pooled	selected	16	buoyancy_laplacian_magnitude		test_pearson_r	0.989880907365733		1	ok
mae	physics	pooled	selected	16	buoyancy_laplacian_magnitude		test_mse	10224.315580119459		1	ok
mae	physics	pooled	selected	16	buoyancy_laplacian_magnitude		test_log_mse	4.009634245801543		1	ok
mae	physics	pooled	mlp	16	convective_flux		test_vrmse	0.2157964676494674		1	ok
mae	physics	pooled	mlp	16	convective_flux		test_r2	0.9534318845500124		1	ok
mae	physics	pooled	mlp	16	convective_flux		test_pearson_r	0.9765245068395279		1	ok
mae	physics	pooled	mlp	16	convective_flux		test_mse	7.806938813899843e-07		1	ok
mae	physics	pooled	mlp	16	convective_flux		test_log_mse	-6.10751922436143		1	ok
mae	physics	pooled	ridge	16	convective_flux		test_vrmse	0.23057590619936078		1	ok
mae	physics	pooled	ridge	16	convective_flux		test_r2	0.9468347514803436		1	ok
mae	physics	pooled	ridge	16	convective_flux		test_pearson_r	0.973094375317282		1	ok
mae	physics	pooled	ridge	16	convective_flux		test_mse	8.912919026420407e-07		1	ok
mae	physics	pooled	ridge	16	convective_flux		test_log_mse	-6.04998003901		1	ok
mae	physics	pooled	ridge_plus_control	16	convective_flux		test_vrmse	0.23158761802526853		1	ok
mae	physics	pooled	ridge_plus_control	16	convective_flux		test_r2	0.9463671751773823		1	ok
mae	physics	pooled	ridge_plus_control	16	convective_flux		test_pearson_r	0.972880033157147		1	ok
mae	physics	pooled	ridge_plus_control	16	convective_flux		test_mse	8.991306127826054e-07		1	ok
mae	physics	pooled	ridge_plus_control	16	convective_flux		test_log_mse	-6.046177215618831		1	ok
mae	physics	pooled	selected	16	convective_flux		test_vrmse	0.2157964676494674		1	ok
mae	physics	pooled	selected	16	convective_flux		test_r2	0.9534318845500124		1	ok
mae	physics	pooled	selected	16	convective_flux		test_pearson_r	0.9765245068395279		1	ok
mae	physics	pooled	selected	16	convective_flux		test_mse	7.806938813899843e-07		1	ok
mae	physics	pooled	selected	16	convective_flux		test_log_mse	-6.10751922436143		1	ok
mae	physics	pooled	mlp	16	enstrophy		test_vrmse	0.1397910971084928		1	ok
mae	physics	pooled	mlp	16	enstrophy		test_r2	0.9804584491692039		1	ok
mae	physics	pooled	mlp	16	enstrophy		test_pearson_r	0.990221621236943		1	ok
mae	physics	pooled	mlp	16	enstrophy		test_mse	34.12479270770836		1	ok
mae	physics	pooled	mlp	16	enstrophy		test_log_mse	1.533070021919235		1	ok
mae	physics	pooled	ridge	16	enstrophy		test_vrmse	0.1537168888431789		1	ok
mae	physics	pooled	ridge	16	enstrophy		test_r2	0.9763711180843738		1	ok
mae	physics	pooled	ridge	16	enstrophy		test_pearson_r	0.9882511561425129		1	ok
mae	physics	pooled	ridge	16	enstrophy		test_mse	41.26236982250893		1	ok
mae	physics	pooled	ridge	16	enstrophy		test_log_mse	1.6155541671970721		1	ok
mae	physics	pooled	ridge_plus_control	16	enstrophy		test_vrmse	0.15079484364131943		1	ok
mae	physics	pooled	ridge_plus_control	16	enstrophy		test_r2	0.9772609151311901		1	ok
mae	physics	pooled	ridge_plus_control	16	enstrophy		test_pearson_r	0.9886124132511888		1	ok
mae	physics	pooled	ridge_plus_control	16	enstrophy		test_mse	39.708545357017485		1	ok
mae	physics	pooled	ridge_plus_control	16	enstrophy		test_log_mse	1.5988839778472717		1	ok
mae	physics	pooled	selected	16	enstrophy		test_vrmse	0.1397910971084928		1	ok
mae	physics	pooled	selected	16	enstrophy		test_r2	0.9804584491692039		1	ok
mae	physics	pooled	selected	16	enstrophy		test_pearson_r	0.990221621236943		1	ok
mae	physics	pooled	selected	16	enstrophy		test_mse	34.12479270770836		1	ok
mae	physics	pooled	selected	16	enstrophy		test_log_mse	1.533070021919235		1	ok
mae	physics	pooled	mlp	16	pressure_gradient_magnitude		test_vrmse	0.07081345855536077		1	ok
mae	physics	pooled	mlp	16	pressure_gradient_magnitude		test_r2	0.9949854540874282		1	ok
mae	physics	pooled	mlp	16	pressure_gradient_magnitude		test_pearson_r	0.997517653142069		1	ok
mae	physics	pooled	mlp	16	pressure_gradient_magnitude		test_mse	0.000594243313401697		1	ok
mae	physics	pooled	mlp	16	pressure_gradient_magnitude		test_log_mse	-3.2260356963798977		1	ok
mae	physics	pooled	ridge	16	pressure_gradient_magnitude		test_vrmse	0.07489549094578817		1	ok
mae	physics	pooled	ridge	16	pressure_gradient_magnitude		test_r2	0.9943906654359894		1	ok
mae	physics	pooled	ridge	16	pressure_gradient_magnitude		test_pearson_r	0.9972200657590965		1	ok
mae	physics	pooled	ridge	16	pressure_gradient_magnitude		test_mse	0.000664728096105276		1	ok
mae	physics	pooled	ridge	16	pressure_gradient_magnitude		test_log_mse	-3.1773559644850593		1	ok
mae	physics	pooled	ridge_plus_control	16	pressure_gradient_magnitude		test_vrmse	0.07411671784720006		1	ok
mae	physics	pooled	ridge_plus_control	16	pressure_gradient_magnitude		test_r2	0.9945067121355585		1	ok
mae	physics	pooled	ridge_plus_control	16	pressure_gradient_magnitude		test_pearson_r	0.9972728523881097		1	ok
mae	physics	pooled	ridge_plus_control	16	pressure_gradient_magnitude		test_mse	0.0006509761080960668		1	ok
mae	physics	pooled	ridge_plus_control	16	pressure_gradient_magnitude		test_log_mse	-3.1864349504678273		1	ok
mae	physics	pooled	selected	16	pressure_gradient_magnitude		test_vrmse	0.07081345855536077		1	ok
mae	physics	pooled	selected	16	pressure_gradient_magnitude		test_r2	0.9949854540874282		1	ok
mae	physics	pooled	selected	16	pressure_gradient_magnitude		test_pearson_r	0.997517653142069		1	ok
mae	physics	pooled	selected	16	pressure_gradient_magnitude		test_mse	0.000594243313401697		1	ok
mae	physics	pooled	selected	16	pressure_gradient_magnitude		test_log_mse	-3.2260356963798977		1	ok
mae	physics	pooled	mlp	40	buoyancy_gradient_energy		test_vrmse	0.6096740717647118		1	ok
mae	physics	pooled	mlp	40	buoyancy_gradient_energy		test_r2	0.6282975262178371		1	ok
mae	physics	pooled	mlp	40	buoyancy_gradient_energy		test_pearson_r	0.7928909489828695		1	ok
mae	physics	pooled	mlp	40	buoyancy_gradient_energy		test_mse	1091.6217476775744		1	ok
mae	physics	pooled	mlp	40	buoyancy_gradient_energy		test_log_mse	3.038072179253522		1	ok
mae	physics	pooled	ridge	40	buoyancy_gradient_energy		test_vrmse	0.6134927393179064		1	ok
mae	physics	pooled	ridge	40	buoyancy_gradient_energy		test_r2	0.6236266588042114		1	ok
mae	physics	pooled	ridge	40	buoyancy_gradient_energy		test_pearson_r	0.7898992868855861		1	ok
mae	physics	pooled	ridge	40	buoyancy_gradient_energy		test_mse	1105.3392255230956		1	ok
mae	physics	pooled	ridge	40	buoyancy_gradient_energy		test_log_mse	3.043495582241818		1	ok
mae	physics	pooled	ridge_plus_control	40	buoyancy_gradient_energy		test_vrmse	0.2558002202673707		1	ok
mae	physics	pooled	ridge_plus_control	40	buoyancy_gradient_energy		test_r2	0.9345662473111647		1	ok
mae	physics	pooled	ridge_plus_control	40	buoyancy_gradient_energy		test_pearson_r	0.9668939767749015		1	ok
mae	physics	pooled	ridge_plus_control	40	buoyancy_gradient_energy		test_mse	192.16688751216034		1	ok
mae	physics	pooled	ridge_plus_control	40	buoyancy_gradient_energy		test_log_mse	2.2836785560190735		1	ok
mae	physics	pooled	selected	40	buoyancy_gradient_energy		test_vrmse	0.6096740717647118		1	ok
mae	physics	pooled	selected	40	buoyancy_gradient_energy		test_r2	0.6282975262178371		1	ok
mae	physics	pooled	selected	40	buoyancy_gradient_energy		test_pearson_r	0.7928909489828695		1	ok
mae	physics	pooled	selected	40	buoyancy_gradient_energy		test_mse	1091.6217476775744		1	ok
mae	physics	pooled	selected	40	buoyancy_gradient_energy		test_log_mse	3.038072179253522		1	ok
mae	physics	pooled	mlp	40	buoyancy_laplacian_magnitude		test_vrmse	0.6647534926061835		1	ok
mae	physics	pooled	mlp	40	buoyancy_laplacian_magnitude		test_r2	0.5581027940678807		1	ok
mae	physics	pooled	mlp	40	buoyancy_laplacian_magnitude		test_pearson_r	0.7470740288861399		1	ok
mae	physics	pooled	mlp	40	buoyancy_laplacian_magnitude		test_mse	194395.75889585077		1	ok
mae	physics	pooled	mlp	40	buoyancy_laplacian_magnitude		test_log_mse	5.288686785753727		1	ok
mae	physics	pooled	ridge	40	buoyancy_laplacian_magnitude		test_vrmse	0.6717402114950431		1	ok
mae	physics	pooled	ridge	40	buoyancy_laplacian_magnitude		test_r2	0.5487650882605947		1	ok
mae	physics	pooled	ridge	40	buoyancy_laplacian_magnitude		test_pearson_r	0.7409591638189197		1	ok
mae	physics	pooled	ridge	40	buoyancy_laplacian_magnitude		test_mse	198503.5250966454		1	ok
mae	physics	pooled	ridge	40	buoyancy_laplacian_magnitude		test_log_mse	5.2977682235244625		1	ok
mae	physics	pooled	ridge_plus_control	40	buoyancy_laplacian_magnitude		test_vrmse	0.25939237304127494		1	ok
mae	physics	pooled	ridge_plus_control	40	buoyancy_laplacian_magnitude		test_r2	0.9327155968080161		1	ok
mae	physics	pooled	ridge_plus_control	40	buoyancy_laplacian_magnitude		test_pearson_r	0.965914495611843		1	ok
mae	physics	pooled	ridge_plus_control	40	buoyancy_laplacian_magnitude		test_mse	29599.19738068979		1	ok
mae	physics	pooled	ridge_plus_control	40	buoyancy_laplacian_magnitude		test_log_mse	4.471279934779768		1	ok
mae	physics	pooled	selected	40	buoyancy_laplacian_magnitude		test_vrmse	0.6647534926061835		1	ok
mae	physics	pooled	selected	40	buoyancy_laplacian_magnitude		test_r2	0.5581027940678807		1	ok
mae	physics	pooled	selected	40	buoyancy_laplacian_magnitude		test_pearson_r	0.7470740288861399		1	ok
mae	physics	pooled	selected	40	buoyancy_laplacian_magnitude		test_mse	194395.75889585077		1	ok
mae	physics	pooled	selected	40	buoyancy_laplacian_magnitude		test_log_mse	5.288686785753727		1	ok
mae	physics	pooled	mlp	40	convective_flux		test_vrmse	0.3793967503075696		1	ok
mae	physics	pooled	mlp	40	convective_flux		test_r2	0.8560581058560557		1	ok
mae	physics	pooled	mlp	40	convective_flux		test_pearson_r	0.925579252535266		1	ok
mae	physics	pooled	mlp	40	convective_flux		test_mse	2.4754686626353877e-06		1	ok
mae	physics	pooled	mlp	40	convective_flux		test_log_mse	-5.6063425671029155		1	ok
mae	physics	pooled	ridge	40	convective_flux		test_vrmse	0.39446440140980976		1	ok
mae	physics	pooled	ridge	40	convective_flux		test_r2	0.8443978360204005		1	ok
mae	physics	pooled	ridge	40	convective_flux		test_pearson_r	0.9191463276447019		1	ok
mae	physics	pooled	ridge	40	convective_flux		test_mse	2.6759984163092696e-06		1	ok
mae	physics	pooled	ridge	40	convective_flux		test_log_mse	-5.572514147925272		1	ok
mae	physics	pooled	ridge_plus_control	40	convective_flux		test_vrmse	0.2966642282539579		1	ok
mae	physics	pooled	ridge_plus_control	40	convective_flux		test_r2	0.9119903356744836		1	ok
mae	physics	pooled	ridge_plus_control	40	convective_flux		test_pearson_r	0.9553113464112833		1	ok
mae	physics	pooled	ridge_plus_control	40	convective_flux		test_mse	1.513563284286135e-06		1	ok
mae	physics	pooled	ridge_plus_control	40	convective_flux		test_log_mse	-5.819999415842738		1	ok
mae	physics	pooled	selected	40	convective_flux		test_vrmse	0.3793967503075696		1	ok
mae	physics	pooled	selected	40	convective_flux		test_r2	0.8560581058560557		1	ok
mae	physics	pooled	selected	40	convective_flux		test_pearson_r	0.925579252535266		1	ok
mae	physics	pooled	selected	40	convective_flux		test_mse	2.4754686626353877e-06		1	ok
mae	physics	pooled	selected	40	convective_flux		test_log_mse	-5.6063425671029155		1	ok
mae	physics	pooled	mlp	40	enstrophy		test_vrmse	0.2280011412939805		1	ok
mae	physics	pooled	mlp	40	enstrophy		test_r2	0.9480154795686423		1	ok
mae	physics	pooled	mlp	40	enstrophy		test_pearson_r	0.9737208543416693		1	ok
mae	physics	pooled	mlp	40	enstrophy		test_mse	106.79679775499501		1	ok
mae	physics	pooled	mlp	40	enstrophy		test_log_mse	2.0285582307994185		1	ok
mae	physics	pooled	ridge	40	enstrophy		test_vrmse	0.24130478678735115		1	ok
mae	physics	pooled	ridge	40	enstrophy		test_r2	0.941771999873511		1	ok
mae	physics	pooled	ridge	40	enstrophy		test_pearson_r	0.9705504165597945		1	ok
mae	physics	pooled	ridge	40	enstrophy		test_mse	119.62337829773189		1	ok
mae	physics	pooled	ridge	40	enstrophy		test_log_mse	2.0778160632102267		1	ok
mae	physics	pooled	ridge_plus_control	40	enstrophy		test_vrmse	0.17501479237980405		1	ok
mae	physics	pooled	ridge_plus_control	40	enstrophy		test_r2	0.9693698224482541		1	ok
mae	physics	pooled	ridge_plus_control	40	enstrophy		test_pearson_r	0.9846894922221338		1	ok
mae	physics	pooled	ridge_plus_control	40	enstrophy		test_mse	62.9265183183294		1	ok
mae	physics	pooled	ridge_plus_control	40	enstrophy		test_log_mse	1.7988337031924633		1	ok
mae	physics	pooled	selected	40	enstrophy		test_vrmse	0.2280011412939805		1	ok
mae	physics	pooled	selected	40	enstrophy		test_r2	0.9480154795686423		1	ok
mae	physics	pooled	selected	40	enstrophy		test_pearson_r	0.9737208543416693		1	ok
mae	physics	pooled	selected	40	enstrophy		test_mse	106.79679775499501		1	ok
mae	physics	pooled	selected	40	enstrophy		test_log_mse	2.0285582307994185		1	ok
mae	physics	pooled	mlp	40	pressure_gradient_magnitude		test_vrmse	0.1039406575311607		1	ok
mae	physics	pooled	mlp	40	pressure_gradient_magnitude		test_r2	0.98919633971199		1	ok
mae	physics	pooled	mlp	40	pressure_gradient_magnitude		test_pearson_r	0.994641308936545		1	ok
mae	physics	pooled	mlp	40	pressure_gradient_magnitude		test_mse	0.0016065639991036656		1	ok
mae	physics	pooled	mlp	40	pressure_gradient_magnitude		test_log_mse	-2.7941019692074205		1	ok
mae	physics	pooled	ridge	40	pressure_gradient_magnitude		test_vrmse	0.11395344361444876		1	ok
mae	physics	pooled	ridge	40	pressure_gradient_magnitude		test_r2	0.9870146126884086		1	ok
mae	physics	pooled	ridge	40	pressure_gradient_magnitude		test_pearson_r	0.9935037889677317		1	ok
mae	physics	pooled	ridge	40	pressure_gradient_magnitude		test_mse	0.001930998866409453		1	ok
mae	physics	pooled	ridge	40	pressure_gradient_magnitude		test_log_mse	-2.71421798117258		1	ok
mae	physics	pooled	ridge_plus_control	40	pressure_gradient_magnitude		test_vrmse	0.10298546788737103		1	ok
mae	physics	pooled	ridge_plus_control	40	pressure_gradient_magnitude		test_r2	0.9893939934040192		1	ok
mae	physics	pooled	ridge_plus_control	40	pressure_gradient_magnitude		test_pearson_r	0.9946977962643536		1	ok
mae	physics	pooled	ridge_plus_control	40	pressure_gradient_magnitude		test_mse	0.0015771718026221994		1	ok
mae	physics	pooled	ridge_plus_control	40	pressure_gradient_magnitude		test_log_mse	-2.8021209960389943		1	ok
mae	physics	pooled	selected	40	pressure_gradient_magnitude		test_vrmse	0.1039406575311607		1	ok
mae	physics	pooled	selected	40	pressure_gradient_magnitude		test_r2	0.98919633971199		1	ok
mae	physics	pooled	selected	40	pressure_gradient_magnitude		test_pearson_r	0.994641308936545		1	ok
mae	physics	pooled	selected	40	pressure_gradient_magnitude		test_mse	0.0016065639991036656		1	ok
mae	physics	pooled	selected	40	pressure_gradient_magnitude		test_log_mse	-2.7941019692074205		1	ok
mae	physics	token	mlp	0	buoyancy_gradient_energy		test_vrmse	0.16384449958246752		1	ok
mae	physics	token	mlp	0	buoyancy_gradient_energy		test_r2	0.9731549799565709		1	ok
mae	physics	token	mlp	0	buoyancy_gradient_energy		test_pearson_r	0.9867073503465349		1	ok
mae	physics	token	mlp	0	buoyancy_gradient_energy		test_mse	4004.91878724491		1	ok
mae	physics	token	mlp	0	buoyancy_gradient_energy		test_log_mse	3.6025937137763107		1	ok
mae	physics	token	ridge	0	buoyancy_gradient_energy		test_vrmse	0.4989647299970788		1	ok
mae	physics	token	ridge	0	buoyancy_gradient_energy		test_r2	0.7510341982189422		1	ok
mae	physics	token	ridge	0	buoyancy_gradient_energy		test_pearson_r	0.8707849215408049		1	ok
mae	physics	token	ridge	0	buoyancy_gradient_energy		test_mse	37142.3755810719		1	ok
mae	physics	token	ridge	0	buoyancy_gradient_energy		test_log_mse	4.56986967723782		1	ok
mae	physics	token	selected	0	buoyancy_gradient_energy		test_vrmse	0.16384449958246752		1	ok
mae	physics	token	selected	0	buoyancy_gradient_energy		test_r2	0.9731549799565709		1	ok
mae	physics	token	selected	0	buoyancy_gradient_energy		test_pearson_r	0.9867073503465349		1	ok
mae	physics	token	selected	0	buoyancy_gradient_energy		test_mse	4004.91878724491		1	ok
mae	physics	token	selected	0	buoyancy_gradient_energy		test_log_mse	3.6025937137763107		1	ok
mae	physics	token	mlp	0	buoyancy_laplacian_magnitude		test_vrmse	0.2919925576078423		1	ok
mae	physics	token	mlp	0	buoyancy_laplacian_magnitude		test_r2	0.9147403463016309		1	ok
mae	physics	token	mlp	0	buoyancy_laplacian_magnitude		test_pearson_r	0.9581837519908952		1	ok
mae	physics	token	mlp	0	buoyancy_laplacian_magnitude		test_mse	416220.47041233163		1	ok
mae	physics	token	mlp	0	buoyancy_laplacian_magnitude		test_log_mse	5.619323435723031		1	ok
mae	physics	token	ridge	0	buoyancy_laplacian_magnitude		test_vrmse	0.587429353214107		1	ok
mae	physics	token	ridge	0	buoyancy_laplacian_magnitude		test_r2	0.6549267549824559		1	ok
mae	physics	token	ridge	0	buoyancy_laplacian_magnitude		test_pearson_r	0.8092951293705442		1	ok
mae	physics	token	ridge	0	buoyancy_laplacian_magnitude		test_mse	1684578.1344131748		1	ok
mae	physics	token	ridge	0	buoyancy_laplacian_magnitude		test_log_mse	6.22649115931092		1	ok
mae	physics	token	selected	0	buoyancy_laplacian_magnitude		test_vrmse	0.2919925576078423		1	ok
mae	physics	token	selected	0	buoyancy_laplacian_magnitude		test_r2	0.9147403463016309		1	ok
mae	physics	token	selected	0	buoyancy_laplacian_magnitude		test_pearson_r	0.9581837519908952		1	ok
mae	physics	token	selected	0	buoyancy_laplacian_magnitude		test_mse	416220.47041233163		1	ok
mae	physics	token	selected	0	buoyancy_laplacian_magnitude		test_log_mse	5.619323435723031		1	ok
mae	physics	token	mlp	0	convective_flux		test_vrmse	0.052583827915942356		1	ok
mae	physics	token	mlp	0	convective_flux		test_r2	0.9972349410417065		1	ok
mae	physics	token	mlp	0	convective_flux		test_pearson_r	0.9986482636390935		1	ok
mae	physics	token	mlp	0	convective_flux		test_mse	1.443751298072303e-05		1	ok
mae	physics	token	mlp	0	convective_flux		test_log_mse	-4.840507612290787		1	ok
mae	physics	token	ridge	0	convective_flux		test_vrmse	0.19876470824715914		1	ok
mae	physics	token	ridge	0	convective_flux		test_r2	0.9604925907554217		1	ok
mae	physics	token	ridge	0	convective_flux		test_pearson_r	0.981541993419457		1	ok
mae	physics	token	ridge	0	convective_flux		test_mse	0.00020628447436628014		1	ok
mae	physics	token	ridge	0	convective_flux		test_log_mse	-3.685533457197885		1	ok
mae	physics	token	selected	0	convective_flux		test_vrmse	0.052583827915942356		1	ok
mae	physics	token	selected	0	convective_flux		test_r2	0.9972349410417065		1	ok
mae	physics	token	selected	0	convective_flux		test_pearson_r	0.9986482636390935		1	ok
mae	physics	token	selected	0	convective_flux		test_mse	1.443751298072303e-05		1	ok
mae	physics	token	selected	0	convective_flux		test_log_mse	-4.840507612290787		1	ok
mae	physics	token	mlp	0	enstrophy		test_vrmse	0.22126940326722894		1	ok
mae	physics	token	mlp	0	enstrophy		test_r2	0.9510398511777645		1	ok
mae	physics	token	mlp	0	enstrophy		test_pearson_r	0.97536983754964		1	ok
mae	physics	token	mlp	0	enstrophy		test_mse	3438.640538374866		1	ok
mae	physics	token	mlp	0	enstrophy		test_log_mse	3.5363867787997285		1	ok
mae	physics	token	ridge	0	enstrophy		test_vrmse	0.7344989193085325		1	ok
mae	physics	token	ridge	0	enstrophy		test_r2	0.46051133753459783		1	ok
mae	physics	token	ridge	0	enstrophy		test_pearson_r	0.6821518156253109		1	ok
mae	physics	token	ridge	0	enstrophy		test_mse	37890.15412274763		1	ok
mae	physics	token	ridge	0	enstrophy		test_log_mse	4.578526371823494		1	ok
mae	physics	token	selected	0	enstrophy		test_vrmse	0.22126940326722894		1	ok
mae	physics	token	selected	0	enstrophy		test_r2	0.9510398511777645		1	ok
mae	physics	token	selected	0	enstrophy		test_pearson_r	0.97536983754964		1	ok
mae	physics	token	selected	0	enstrophy		test_mse	3438.640538374866		1	ok
mae	physics	token	selected	0	enstrophy		test_log_mse	3.5363867787997285		1	ok
mae	physics	token	mlp	0	pressure_gradient_magnitude		test_vrmse	0.19025278830871867		1	ok
mae	physics	token	mlp	0	pressure_gradient_magnitude		test_r2	0.9638038765407578		1	ok
mae	physics	token	mlp	0	pressure_gradient_magnitude		test_pearson_r	0.981841512012423		1	ok
mae	physics	token	mlp	0	pressure_gradient_magnitude		test_mse	0.008692633901368157		1	ok
mae	physics	token	mlp	0	pressure_gradient_magnitude		test_log_mse	-2.0608486107192032		1	ok
mae	physics	token	ridge	0	pressure_gradient_magnitude		test_vrmse	0.39065580912742637		1	ok
mae	physics	token	ridge	0	pressure_gradient_magnitude		test_r2	0.8473880387949958		1	ok
mae	physics	token	ridge	0	pressure_gradient_magnitude		test_pearson_r	0.9206092357720115		1	ok
mae	physics	token	ridge	0	pressure_gradient_magnitude		test_mse	0.03665033105599529		1	ok
mae	physics	token	ridge	0	pressure_gradient_magnitude		test_log_mse	-1.4359220980994534		1	ok
mae	physics	token	selected	0	pressure_gradient_magnitude		test_vrmse	0.19025278830871867		1	ok
mae	physics	token	selected	0	pressure_gradient_magnitude		test_r2	0.9638038765407578		1	ok
mae	physics	token	selected	0	pressure_gradient_magnitude		test_pearson_r	0.981841512012423		1	ok
mae	physics	token	selected	0	pressure_gradient_magnitude		test_mse	0.008692633901368157		1	ok
mae	physics	token	selected	0	pressure_gradient_magnitude		test_log_mse	-2.0608486107192032		1	ok
mae	physics	token	mlp	16	buoyancy_gradient_energy		test_vrmse	0.3884283369016484		1	ok
mae	physics	token	mlp	16	buoyancy_gradient_energy		test_r2	0.8491234270918195		1	ok
mae	physics	token	mlp	16	buoyancy_gradient_energy		test_pearson_r	0.9223202178579046		1	ok
mae	physics	token	mlp	16	buoyancy_gradient_energy		test_mse	30967.9802832799		1	ok
mae	physics	token	mlp	16	buoyancy_gradient_energy		test_log_mse	4.490912881804006		1	ok
mae	physics	token	ridge	16	buoyancy_gradient_energy		test_vrmse	0.6047281512467493		1	ok
mae	physics	token	ridge	16	buoyancy_gradient_energy		test_r2	0.6343038630896887		1	ok
mae	physics	token	ridge	16	buoyancy_gradient_energy		test_pearson_r	0.7968952041675444		1	ok
mae	physics	token	ridge	16	buoyancy_gradient_energy		test_mse	75060.49838766002		1	ok
mae	physics	token	ridge	16	buoyancy_gradient_energy		test_log_mse	4.875411443720709		1	ok
mae	physics	token	selected	16	buoyancy_gradient_energy		test_vrmse	0.3884283369016484		1	ok
mae	physics	token	selected	16	buoyancy_gradient_energy		test_r2	0.8491234270918195		1	ok
mae	physics	token	selected	16	buoyancy_gradient_energy		test_pearson_r	0.9223202178579046		1	ok
mae	physics	token	selected	16	buoyancy_gradient_energy		test_mse	30967.9802832799		1	ok
mae	physics	token	selected	16	buoyancy_gradient_energy		test_log_mse	4.490912881804006		1	ok
mae	physics	token	mlp	16	buoyancy_laplacian_magnitude		test_vrmse	0.4067367692054514		1	ok
mae	physics	token	mlp	16	buoyancy_laplacian_magnitude		test_r2	0.8345652005763113		1	ok
mae	physics	token	mlp	16	buoyancy_laplacian_magnitude		test_pearson_r	0.9140295281463168		1	ok
mae	physics	token	mlp	16	buoyancy_laplacian_magnitude		test_mse	868693.8130067844		1	ok
mae	physics	token	mlp	16	buoyancy_laplacian_magnitude		test_log_mse	5.938866728400771		1	ok
mae	physics	token	ridge	16	buoyancy_laplacian_magnitude		test_vrmse	0.6346459864129385		1	ok
mae	physics	token	ridge	16	buoyancy_laplacian_magnitude		test_r2	0.5972244719299483		1	ok
mae	physics	token	ridge	16	buoyancy_laplacian_magnitude		test_pearson_r	0.7738934065407709		1	ok
mae	physics	token	ridge	16	buoyancy_laplacian_magnitude		test_mse	2114963.7832177514		1	ok
mae	physics	token	ridge	16	buoyancy_laplacian_magnitude		test_log_mse	6.325302934886781		1	ok
mae	physics	token	selected	16	buoyancy_laplacian_magnitude		test_vrmse	0.4067367692054514		1	ok
mae	physics	token	selected	16	buoyancy_laplacian_magnitude		test_r2	0.8345652005763113		1	ok
mae	physics	token	selected	16	buoyancy_laplacian_magnitude		test_pearson_r	0.9140295281463168		1	ok
mae	physics	token	selected	16	buoyancy_laplacian_magnitude		test_mse	868693.8130067844		1	ok
mae	physics	token	selected	16	buoyancy_laplacian_magnitude		test_log_mse	5.938866728400771		1	ok
mae	physics	token	mlp	16	convective_flux		test_vrmse	0.5494550508507524		1	ok
mae	physics	token	mlp	16	convective_flux		test_r2	0.6980991470945971		1	ok
mae	physics	token	mlp	16	convective_flux		test_pearson_r	0.8356775231742672		1	ok
mae	physics	token	mlp	16	convective_flux		test_mse	0.0017784213849313193		1	ok
mae	physics	token	mlp	16	convective_flux		test_log_mse	-2.749965328029585		1	ok
mae	physics	token	ridge	16	convective_flux		test_vrmse	0.6155803699322798		1	ok
mae	physics	token	ridge	16	convective_flux		test_r2	0.6210608081540374		1	ok
mae	physics	token	ridge	16	convective_flux		test_pearson_r	0.7911497395113182		1	ok
mae	physics	token	ridge	16	convective_flux		test_mse	0.002232234708454482		1	ok
mae	physics	token	ridge	16	convective_flux		test_log_mse	-2.651260143413851		1	ok
mae	physics	token	selected	16	convective_flux		test_vrmse	0.5494550508507524		1	ok
mae	physics	token	selected	16	convective_flux		test_r2	0.6980991470945971		1	ok
mae	physics	token	selected	16	convective_flux		test_pearson_r	0.8356775231742672		1	ok
mae	physics	token	selected	16	convective_flux		test_mse	0.0017784213849313193		1	ok
mae	physics	token	selected	16	convective_flux		test_log_mse	-2.749965328029585		1	ok
mae	physics	token	mlp	16	enstrophy		test_vrmse	0.7269427016116341		1	ok
mae	physics	token	mlp	16	enstrophy		test_r2	0.4715543085735787		1	ok
mae	physics	token	mlp	16	enstrophy		test_pearson_r	0.7116945908371358		1	ok
mae	physics	token	mlp	16	enstrophy		test_mse	25529.99206625086		1	ok
mae	physics	token	mlp	16	enstrophy		test_log_mse	4.407050679842087		1	ok
mae	physics	token	ridge	16	enstrophy		test_vrmse	0.799856721495215		1	ok
mae	physics	token	ridge	16	enstrophy		test_r2	0.36022922507892596		1	ok
mae	physics	token	ridge	16	enstrophy		test_pearson_r	0.6059937189709199		1	ok
mae	physics	token	ridge	16	enstrophy		test_mse	30908.271318980707		1	ok
mae	physics	token	ridge	16	enstrophy		test_log_mse	4.490074715913452		1	ok
mae	physics	token	selected	16	enstrophy		test_vrmse	0.7269427016116341		1	ok
mae	physics	token	selected	16	enstrophy		test_r2	0.4715543085735787		1	ok
mae	physics	token	selected	16	enstrophy		test_pearson_r	0.7116945908371358		1	ok
mae	physics	token	selected	16	enstrophy		test_mse	25529.99206625086		1	ok
mae	physics	token	selected	16	enstrophy		test_log_mse	4.407050679842087		1	ok
mae	physics	token	mlp	16	pressure_gradient_magnitude		test_vrmse	0.6582987166241986		1	ok
mae	physics	token	mlp	16	pressure_gradient_magnitude		test_r2	0.5666427996909331		1	ok
mae	physics	token	mlp	16	pressure_gradient_magnitude		test_pearson_r	0.7537573582290668		1	ok
mae	physics	token	mlp	16	pressure_gradient_magnitude		test_mse	0.11602380381026751		1	ok
mae	physics	token	mlp	16	pressure_gradient_magnitude		test_log_mse	-0.9354529004032491		1	ok
mae	physics	token	ridge	16	pressure_gradient_magnitude		test_vrmse	0.6792174993309641		1	ok
mae	physics	token	ridge	16	pressure_gradient_magnitude		test_r2	0.5386635886025919		1	ok
mae	physics	token	ridge	16	pressure_gradient_magnitude		test_pearson_r	0.7340025659711067		1	ok
mae	physics	token	ridge	16	pressure_gradient_magnitude		test_mse	0.12351474776081123		1	ok
mae	physics	token	ridge	16	pressure_gradient_magnitude		test_log_mse	-0.9082811841957962		1	ok
mae	physics	token	selected	16	pressure_gradient_magnitude		test_vrmse	0.6582987166241986		1	ok
mae	physics	token	selected	16	pressure_gradient_magnitude		test_r2	0.5666427996909331		1	ok
mae	physics	token	selected	16	pressure_gradient_magnitude		test_pearson_r	0.7537573582290668		1	ok
mae	physics	token	selected	16	pressure_gradient_magnitude		test_mse	0.11602380381026751		1	ok
mae	physics	token	selected	16	pressure_gradient_magnitude		test_log_mse	-0.9354529004032491		1	ok
mae	physics	token	mlp	40	buoyancy_gradient_energy		test_vrmse	0.33491020623067624		1	ok
mae	physics	token	mlp	40	buoyancy_gradient_energy		test_r2	0.8878351537625259		1	ok
mae	physics	token	mlp	40	buoyancy_gradient_energy		test_pearson_r	0.9427097821813961		1	ok
mae	physics	token	mlp	40	buoyancy_gradient_energy		test_mse	24100.874652858754		1	ok
mae	physics	token	mlp	40	buoyancy_gradient_energy		test_log_mse	4.382032803986375		1	ok
mae	physics	token	ridge	40	buoyancy_gradient_energy		test_vrmse	0.5580666755674908		1	ok
mae	physics	token	ridge	40	buoyancy_gradient_energy		test_r2	0.688561585621049		1	ok
mae	physics	token	ridge	40	buoyancy_gradient_energy		test_pearson_r	0.8298369068447655		1	ok
mae	physics	token	ridge	40	buoyancy_gradient_energy		test_mse	66918.81136395174		1	ok
mae	physics	token	ridge	40	buoyancy_gradient_energy		test_log_mse	4.825548218263738		1	ok
mae	physics	token	selected	40	buoyancy_gradient_energy		test_vrmse	0.33491020623067624		1	ok
mae	physics	token	selected	40	buoyancy_gradient_energy		test_r2	0.8878351537625259		1	ok
mae	physics	token	selected	40	buoyancy_gradient_energy		test_pearson_r	0.9427097821813961		1	ok
mae	physics	token	selected	40	buoyancy_gradient_energy		test_mse	24100.874652858754		1	ok
mae	physics	token	selected	40	buoyancy_gradient_energy		test_log_mse	4.382032803986375		1	ok
mae	physics	token	mlp	40	buoyancy_laplacian_magnitude		test_vrmse	0.30735768417645015		1	ok
mae	physics	token	mlp	40	buoyancy_laplacian_magnitude		test_r2	0.9055312539776895		1	ok
mae	physics	token	mlp	40	buoyancy_laplacian_magnitude		test_pearson_r	0.952715085521008		1	ok
mae	physics	token	mlp	40	buoyancy_laplacian_magnitude		test_mse	509780.20690259646		1	ok
mae	physics	token	mlp	40	buoyancy_laplacian_magnitude		test_log_mse	5.707382969226898		1	ok
mae	physics	token	ridge	40	buoyancy_laplacian_magnitude		test_vrmse	0.5664786103198022		1	ok
mae	physics	token	ridge	40	buoyancy_laplacian_magnitude		test_r2	0.6791019840501458		1	ok
mae	physics	token	ridge	40	buoyancy_laplacian_magnitude		test_pearson_r	0.8247699730546015		1	ok
mae	physics	token	ridge	40	buoyancy_laplacian_magnitude		test_mse	1731656.911450008		1	ok
mae	physics	token	ridge	40	buoyancy_laplacian_magnitude		test_log_mse	6.2384618506006575		1	ok
mae	physics	token	selected	40	buoyancy_laplacian_magnitude		test_vrmse	0.30735768417645015		1	ok
mae	physics	token	selected	40	buoyancy_laplacian_magnitude		test_r2	0.9055312539776895		1	ok
mae	physics	token	selected	40	buoyancy_laplacian_magnitude		test_pearson_r	0.952715085521008		1	ok
mae	physics	token	selected	40	buoyancy_laplacian_magnitude		test_mse	509780.20690259646		1	ok
mae	physics	token	selected	40	buoyancy_laplacian_magnitude		test_log_mse	5.707382969226898		1	ok
mae	physics	token	mlp	40	convective_flux		test_vrmse	0.650406700781764		1	ok
mae	physics	token	mlp	40	convective_flux		test_r2	0.5769711235781809		1	ok
mae	physics	token	mlp	40	convective_flux		test_pearson_r	0.7595977114292899		1	ok
mae	physics	token	mlp	40	convective_flux		test_mse	0.002882775599865108		1	ok
mae	physics	token	mlp	40	convective_flux		test_log_mse	-2.540189162514076		1	ok
mae	physics	token	ridge	40	convective_flux		test_vrmse	0.6904675605183124		1	ok
mae	physics	token	ridge	40	convective_flux		test_r2	0.5232545478718906		1	ok
mae	physics	token	ridge	40	convective_flux		test_pearson_r	0.7250251724596513		1	ok
mae	physics	token	ridge	40	convective_flux		test_mse	0.0032488329599777797		1	ok
mae	physics	token	ridge	40	convective_flux		test_log_mse	-2.488272617502302		1	ok
mae	physics	token	selected	40	convective_flux		test_vrmse	0.650406700781764		1	ok
mae	physics	token	selected	40	convective_flux		test_r2	0.5769711235781809		1	ok
mae	physics	token	selected	40	convective_flux		test_pearson_r	0.7595977114292899		1	ok
mae	physics	token	selected	40	convective_flux		test_mse	0.002882775599865108		1	ok
mae	physics	token	selected	40	convective_flux		test_log_mse	-2.540189162514076		1	ok
mae	physics	token	mlp	40	enstrophy		test_vrmse	0.7734976264976792		1	ok
mae	physics	token	mlp	40	enstrophy		test_r2	0.4017014218024568		1	ok
mae	physics	token	mlp	40	enstrophy		test_pearson_r	0.6469192168245698		1	ok
mae	physics	token	mlp	40	enstrophy		test_mse	45476.054982398695		1	ok
mae	physics	token	mlp	40	enstrophy		test_log_mse	4.657782782891535		1	ok
mae	physics	token	ridge	40	enstrophy		test_vrmse	0.8344727683381972		1	ok
mae	physics	token	ridge	40	enstrophy		test_r2	0.30365519890198545		1	ok
mae	physics	token	ridge	40	enstrophy		test_pearson_r	0.5525481746817232		1	ok
mae	physics	token	ridge	40	enstrophy		test_mse	52928.44679130282		1	ok
mae	physics	token	ridge	40	enstrophy		test_log_mse	4.723689149614472		1	ok
mae	physics	token	selected	40	enstrophy		test_vrmse	0.7734976264976792		1	ok
mae	physics	token	selected	40	enstrophy		test_r2	0.4017014218024568		1	ok
mae	physics	token	selected	40	enstrophy		test_pearson_r	0.6469192168245698		1	ok
mae	physics	token	selected	40	enstrophy		test_mse	45476.054982398695		1	ok
mae	physics	token	selected	40	enstrophy		test_log_mse	4.657782782891535		1	ok
mae	physics	token	mlp	40	pressure_gradient_magnitude		test_vrmse	0.7004188153778085		1	ok
mae	physics	token	mlp	40	pressure_gradient_magnitude		test_r2	0.5094134830647474		1	ok
mae	physics	token	mlp	40	pressure_gradient_magnitude		test_pearson_r	0.7138364747315867		1	ok
mae	physics	token	mlp	40	pressure_gradient_magnitude		test_mse	0.16747639102724		1	ok
mae	physics	token	mlp	40	pressure_gradient_magnitude		test_log_mse	-0.7760464063540248		1	ok
mae	physics	token	ridge	40	pressure_gradient_magnitude		test_vrmse	0.7214707364033741		1	ok
mae	physics	token	ridge	40	pressure_gradient_magnitude		test_r2	0.4794799765135731		1	ok
mae	physics	token	ridge	40	pressure_gradient_magnitude		test_pearson_r	0.6925476525843078		1	ok
mae	physics	token	ridge	40	pressure_gradient_magnitude		test_mse	0.1776950894115712		1	ok
mae	physics	token	ridge	40	pressure_gradient_magnitude		test_log_mse	-0.7503245737193183		1	ok
mae	physics	token	selected	40	pressure_gradient_magnitude		test_vrmse	0.7004188153778085		1	ok
mae	physics	token	selected	40	pressure_gradient_magnitude		test_r2	0.5094134830647474		1	ok
mae	physics	token	selected	40	pressure_gradient_magnitude		test_pearson_r	0.7138364747315867		1	ok
mae	physics	token	selected	40	pressure_gradient_magnitude		test_mse	0.16747639102724		1	ok
mae	physics	token	selected	40	pressure_gradient_magnitude		test_log_mse	-0.7760464063540248		1	ok
mae	regime	pooled	mlp	0	log10_Prandtl		test_vrmse	0.042210647887509986		1	ok
mae	regime	pooled	mlp	0	log10_Prandtl		test_r2	0.9982182612049166		1	ok
mae	regime	pooled	mlp	0	log10_Prandtl		test_pearson_r	0.9991195534786138		1	ok
mae	regime	pooled	mlp	0	log10_Prandtl		test_mse	0.0008039094030047503		1	ok
mae	regime	pooled	mlp	0	log10_Prandtl		test_log_mse	-3.094792891540202		1	ok
mae	regime	pooled	ridge	0	log10_Prandtl		test_vrmse	0.0455614528659354		1	ok
mae	regime	pooled	ridge	0	log10_Prandtl		test_r2	0.9979241540127451		1	ok
mae	regime	pooled	ridge	0	log10_Prandtl		test_pearson_r	0.9989833182473005		1	ok
mae	regime	pooled	ridge	0	log10_Prandtl		test_mse	0.0009366087290397626		1	ok
mae	regime	pooled	ridge	0	log10_Prandtl		test_log_mse	-3.028441798981725		1	ok
mae	regime	pooled	mlp	0	log10_Rayleigh		test_vrmse	0.026899448077274252		1	ok
mae	regime	pooled	mlp	0	log10_Rayleigh		test_r2	0.9992764196931381		1	ok
mae	regime	pooled	mlp	0	log10_Rayleigh		test_pearson_r	0.9996624482392118		1	ok
mae	regime	pooled	mlp	0	log10_Rayleigh		test_mse	0.001447160613723947		1	ok
mae	regime	pooled	mlp	0	log10_Rayleigh		test_log_mse	-2.8394832658518916		1	ok
mae	regime	pooled	ridge	0	log10_Rayleigh		test_vrmse	0.023426674942598282		1	ok
mae	regime	pooled	ridge	0	log10_Rayleigh		test_r2	0.9994511909011339		1	ok
mae	regime	pooled	ridge	0	log10_Rayleigh		test_pearson_r	0.9997318769959657		1	ok
mae	regime	pooled	ridge	0	log10_Rayleigh		test_mse	0.0010976181977323245		1	ok
mae	regime	pooled	ridge	0	log10_Rayleigh		test_log_mse	-2.959548701282716		1	ok
mae_future	physics	pooled	mlp	0	buoyancy_gradient_energy		test_vrmse	0.147510206708245		1	ok
mae_future	physics	pooled	mlp	0	buoyancy_gradient_energy		test_r2	0.9782407389168908		1	ok
mae_future	physics	pooled	mlp	0	buoyancy_gradient_energy		test_pearson_r	0.9894908547834985		1	ok
mae_future	physics	pooled	mlp	0	buoyancy_gradient_energy		test_mse	142.60131464768165		1	ok
mae_future	physics	pooled	mlp	0	buoyancy_gradient_energy		test_log_mse	2.1541235293138974		1	ok
mae_future	physics	pooled	ridge	0	buoyancy_gradient_energy		test_vrmse	0.31031717476212345		1	ok
mae_future	physics	pooled	ridge	0	buoyancy_gradient_energy		test_r2	0.9037032510476537		1	ok
mae_future	physics	pooled	ridge	0	buoyancy_gradient_energy		test_pearson_r	0.9512799644227284		1	ok
mae_future	physics	pooled	ridge	0	buoyancy_gradient_energy		test_mse	631.0895827047165		1	ok
mae_future	physics	pooled	ridge	0	buoyancy_gradient_energy		test_log_mse	2.8000910114040614		1	ok
mae_future	physics	pooled	ridge_plus_control	0	buoyancy_gradient_energy		test_vrmse	0.3004086824554364		1	ok
mae_future	physics	pooled	ridge_plus_control	0	buoyancy_gradient_energy		test_r2	0.9097546235053888		1	ok
mae_future	physics	pooled	ridge_plus_control	0	buoyancy_gradient_energy		test_pearson_r	0.9544718736951898		1	ok
mae_future	physics	pooled	ridge_plus_control	0	buoyancy_gradient_energy		test_mse	591.4313578872548		1	ok
mae_future	physics	pooled	ridge_plus_control	0	buoyancy_gradient_energy		test_log_mse	2.771904347238395		1	ok
mae_future	physics	pooled	selected	0	buoyancy_gradient_energy		test_vrmse	0.147510206708245		1	ok
mae_future	physics	pooled	selected	0	buoyancy_gradient_energy		test_r2	0.9782407389168908		1	ok
mae_future	physics	pooled	selected	0	buoyancy_gradient_energy		test_pearson_r	0.9894908547834985		1	ok
mae_future	physics	pooled	selected	0	buoyancy_gradient_energy		test_mse	142.60131464768165		1	ok
mae_future	physics	pooled	selected	0	buoyancy_gradient_energy		test_log_mse	2.1541235293138974		1	ok
mae_future	physics	pooled	mlp	0	buoyancy_laplacian_magnitude		test_vrmse	0.11496155754632889		1	ok
mae_future	physics	pooled	mlp	0	buoyancy_laplacian_magnitude		test_r2	0.9867838402865221		1	ok
mae_future	physics	pooled	mlp	0	buoyancy_laplacian_magnitude		test_pearson_r	0.9936697747958166		1	ok
mae_future	physics	pooled	mlp	0	buoyancy_laplacian_magnitude		test_mse	14220.52692736398		1	ok
mae_future	physics	pooled	mlp	0	buoyancy_laplacian_magnitude		test_log_mse	4.152915689038385		1	ok
mae_future	physics	pooled	ridge	0	buoyancy_laplacian_magnitude		test_vrmse	0.2573063259182721		1	ok
mae_future	physics	pooled	ridge	0	buoyancy_laplacian_magnitude		test_r2	0.9337934546424399		1	ok
mae_future	physics	pooled	ridge	0	buoyancy_laplacian_magnitude		test_pearson_r	0.9667405607967812		1	ok
mae_future	physics	pooled	ridge	0	buoyancy_laplacian_magnitude		test_mse	71237.93760337135		1	ok
mae_future	physics	pooled	ridge	0	buoyancy_laplacian_magnitude		test_log_mse	4.85271133779232		1	ok
mae_future	physics	pooled	ridge_plus_control	0	buoyancy_laplacian_magnitude		test_vrmse	0.2485972347522657		1	ok
mae_future	physics	pooled	ridge_plus_control	0	buoyancy_laplacian_magnitude		test_r2	0.9381994148735269		1	ok
mae_future	physics	pooled	ridge_plus_control	0	buoyancy_laplacian_magnitude		test_pearson_r	0.9689962079679039		1	ok
mae_future	physics	pooled	ridge_plus_control	0	buoyancy_laplacian_magnitude		test_mse	66497.14470547898		1	ok
mae_future	physics	pooled	ridge_plus_control	0	buoyancy_laplacian_magnitude		test_log_mse	4.822802997704953		1	ok
mae_future	physics	pooled	selected	0	buoyancy_laplacian_magnitude		test_vrmse	0.11496155754632889		1	ok
mae_future	physics	pooled	selected	0	buoyancy_laplacian_magnitude		test_r2	0.9867838402865221		1	ok
mae_future	physics	pooled	selected	0	buoyancy_laplacian_magnitude		test_pearson_r	0.9936697747958166		1	ok
mae_future	physics	pooled	selected	0	buoyancy_laplacian_magnitude		test_mse	14220.52692736398		1	ok
mae_future	physics	pooled	selected	0	buoyancy_laplacian_magnitude		test_log_mse	4.152915689038385		1	ok
mae_future	physics	pooled	mlp	0	convective_flux		test_vrmse	0.10888046775915627		1	ok
mae_future	physics	pooled	mlp	0	convective_flux		test_r2	0.9881450437405473		1	ok
mae_future	physics	pooled	mlp	0	convective_flux		test_pearson_r	0.9940701765269547		1	ok
mae_future	physics	pooled	mlp	0	convective_flux		test_mse	2.1152592949059962e-07		1	ok
mae_future	physics	pooled	mlp	0	convective_flux		test_log_mse	-6.674636387889639		1	ok
mae_future	physics	pooled	ridge	0	convective_flux		test_vrmse	0.1316815299318318		1	ok
mae_future	physics	pooled	ridge	0	convective_flux		test_r2	0.9826599746748121		1	ok
mae_future	physics	pooled	ridge	0	convective_flux		test_pearson_r	0.9913150960693057		1	ok
mae_future	physics	pooled	ridge	0	convective_flux		test_mse	3.0939506599835e-07		1	ok
mae_future	physics	pooled	ridge	0	convective_flux		test_log_mse	-6.509486616385766		1	ok
mae_future	physics	pooled	ridge_plus_control	0	convective_flux		test_vrmse	0.12987750295310113		1	ok
mae_future	physics	pooled	ridge_plus_control	0	convective_flux		test_r2	0.9831318342266672		1	ok
mae_future	physics	pooled	ridge_plus_control	0	convective_flux		test_pearson_r	0.9915457568059343		1	ok
mae_future	physics	pooled	ridge_plus_control	0	convective_flux		test_mse	3.0097575781106025e-07		1	ok
mae_future	physics	pooled	ridge_plus_control	0	convective_flux		test_log_mse	-6.521468483385807		1	ok
mae_future	physics	pooled	selected	0	convective_flux		test_vrmse	0.10888046775915627		1	ok
mae_future	physics	pooled	selected	0	convective_flux		test_r2	0.9881450437405473		1	ok
mae_future	physics	pooled	selected	0	convective_flux		test_pearson_r	0.9940701765269547		1	ok
mae_future	physics	pooled	selected	0	convective_flux		test_mse	2.1152592949059962e-07		1	ok
mae_future	physics	pooled	selected	0	convective_flux		test_log_mse	-6.674636387889639		1	ok
mae_future	physics	pooled	mlp	0	enstrophy		test_vrmse	0.056489549082162076		1	ok
mae_future	physics	pooled	mlp	0	enstrophy		test_r2	0.996808930844494		1	ok
mae_future	physics	pooled	mlp	0	enstrophy		test_pearson_r	0.9984087411706716		1	ok
mae_future	physics	pooled	mlp	0	enstrophy		test_mse	5.3077194111298605		1	ok
mae_future	physics	pooled	mlp	0	enstrophy		test_log_mse	0.724907956125536		1	ok
mae_future	physics	pooled	ridge	0	enstrophy		test_vrmse	0.09077634144577153		1	ok
mae_future	physics	pooled	ridge	0	enstrophy		test_r2	0.9917596558337207		1	ok
mae_future	physics	pooled	ridge	0	enstrophy		test_pearson_r	0.9959333748764135		1	ok
mae_future	physics	pooled	ridge	0	enstrophy		test_mse	13.706200823095612		1	ok
mae_future	physics	pooled	ridge	0	enstrophy		test_log_mse	1.1369170908057091		1	ok
mae_future	physics	pooled	ridge_plus_control	0	enstrophy		test_vrmse	0.09080487675448592		1	ok
mae_future	physics	pooled	ridge_plus_control	0	enstrophy		test_r2	0.9917544743576027		1	ok
mae_future	physics	pooled	ridge_plus_control	0	enstrophy		test_pearson_r	0.9959231953494779		1	ok
mae_future	physics	pooled	ridge_plus_control	0	enstrophy		test_mse	13.714819195192874		1	ok
mae_future	physics	pooled	ridge_plus_control	0	enstrophy		test_log_mse	1.1371900865998539		1	ok
mae_future	physics	pooled	selected	0	enstrophy		test_vrmse	0.056489549082162076		1	ok
mae_future	physics	pooled	selected	0	enstrophy		test_r2	0.996808930844494		1	ok
mae_future	physics	pooled	selected	0	enstrophy		test_pearson_r	0.9984087411706716		1	ok
mae_future	physics	pooled	selected	0	enstrophy		test_mse	5.3077194111298605		1	ok
mae_future	physics	pooled	selected	0	enstrophy		test_log_mse	0.724907956125536		1	ok
mae_future	physics	pooled	mlp	0	pressure_gradient_magnitude		test_vrmse	0.03466291467360173		1	ok
mae_future	physics	pooled	mlp	0	pressure_gradient_magnitude		test_r2	0.9987984823463306		1	ok
mae_future	physics	pooled	mlp	0	pressure_gradient_magnitude		test_pearson_r	0.9994047521595695		1	ok
mae_future	physics	pooled	mlp	0	pressure_gradient_magnitude		test_mse	0.00012559476834143296		1	ok
mae_future	physics	pooled	mlp	0	pressure_gradient_magnitude		test_log_mse	-3.9010284507880586		1	ok
mae_future	physics	pooled	ridge	0	pressure_gradient_magnitude		test_vrmse	0.03423269472996594		1	ok
mae_future	physics	pooled	ridge	0	pressure_gradient_magnitude		test_r2	0.998828122611525		1	ok
mae_future	physics	pooled	ridge	0	pressure_gradient_magnitude		test_pearson_r	0.9994145533196863		1	ok
mae_future	physics	pooled	ridge	0	pressure_gradient_magnitude		test_mse	0.00012249646826294897		1	ok
mae_future	physics	pooled	ridge	0	pressure_gradient_magnitude		test_log_mse	-3.911876432409845		1	ok
mae_future	physics	pooled	ridge_plus_control	0	pressure_gradient_magnitude		test_vrmse	0.03417107673209918		1	ok
mae_future	physics	pooled	ridge_plus_control	0	pressure_gradient_magnitude		test_r2	0.998832337514969		1	ok
mae_future	physics	pooled	ridge_plus_control	0	pressure_gradient_magnitude		test_pearson_r	0.9994169018662842		1	ok
mae_future	physics	pooled	ridge_plus_control	0	pressure_gradient_magnitude		test_mse	0.00012205588395691107		1	ok
mae_future	physics	pooled	ridge_plus_control	0	pressure_gradient_magnitude		test_log_mse	-3.9134412796763396		1	ok
mae_future	physics	pooled	selected	0	pressure_gradient_magnitude		test_vrmse	0.03423269472996594		1	ok
mae_future	physics	pooled	selected	0	pressure_gradient_magnitude		test_r2	0.998828122611525		1	ok
mae_future	physics	pooled	selected	0	pressure_gradient_magnitude		test_pearson_r	0.9994145533196863		1	ok
mae_future	physics	pooled	selected	0	pressure_gradient_magnitude		test_mse	0.00012249646826294897		1	ok
mae_future	physics	pooled	selected	0	pressure_gradient_magnitude		test_log_mse	-3.911876432409845		1	ok
mae_future	physics	pooled	mlp	16	buoyancy_gradient_energy		test_vrmse	0.18252212539842497		1	ok
mae_future	physics	pooled	mlp	16	buoyancy_gradient_energy		test_r2	0.9666856737400417		1	ok
mae_future	physics	pooled	mlp	16	buoyancy_gradient_energy		test_pearson_r	0.9844782554304069		1	ok
mae_future	physics	pooled	mlp	16	buoyancy_gradient_energy		test_mse	98.51561707273713		1	ok
mae_future	physics	pooled	mlp	16	buoyancy_gradient_energy		test_log_mse	1.993505081978811		1	ok
mae_future	physics	pooled	ridge	16	buoyancy_gradient_energy		test_vrmse	0.2307749836917507		1	ok
mae_future	physics	pooled	ridge	16	buoyancy_gradient_energy		test_r2	0.9467429069020722		1	ok
mae_future	physics	pooled	ridge	16	buoyancy_gradient_energy		test_pearson_r	0.9737093738706201		1	ok
mae_future	physics	pooled	ridge	16	buoyancy_gradient_energy		test_mse	157.48946411528368		1	ok
mae_future	physics	pooled	ridge	16	buoyancy_gradient_energy		test_log_mse	2.197251505238985		1	ok
mae_future	physics	pooled	ridge_plus_control	16	buoyancy_gradient_energy		test_vrmse	0.21689562311180968		1	ok
mae_future	physics	pooled	ridge_plus_control	16	buoyancy_gradient_energy		test_r2	0.9529562886749398		1	ok
mae_future	physics	pooled	ridge_plus_control	16	buoyancy_gradient_energy		test_pearson_r	0.9766571402618867		1	ok
mae_future	physics	pooled	ridge_plus_control	16	buoyancy_gradient_energy		test_mse	139.11553289163857		1	ok
mae_future	physics	pooled	ridge_plus_control	16	buoyancy_gradient_energy		test_log_mse	2.143375623683707		1	ok
mae_future	physics	pooled	selected	16	buoyancy_gradient_energy		test_vrmse	0.18252212539842497		1	ok
mae_future	physics	pooled	selected	16	buoyancy_gradient_energy		test_r2	0.9666856737400417		1	ok
mae_future	physics	pooled	selected	16	buoyancy_gradient_energy		test_pearson_r	0.9844782554304069		1	ok
mae_future	physics	pooled	selected	16	buoyancy_gradient_energy		test_mse	98.51561707273713		1	ok
mae_future	physics	pooled	selected	16	buoyancy_gradient_energy		test_log_mse	1.993505081978811		1	ok
mae_future	physics	pooled	mlp	16	buoyancy_laplacian_magnitude		test_vrmse	0.15870849762830394		1	ok
mae_future	physics	pooled	mlp	16	buoyancy_laplacian_magnitude		test_r2	0.9748116127805666		1	ok
mae_future	physics	pooled	mlp	16	buoyancy_laplacian_magnitude		test_pearson_r	0.9877296503678674		1	ok
mae_future	physics	pooled	mlp	16	buoyancy_laplacian_magnitude		test_mse	11635.665023742617		1	ok
mae_future	physics	pooled	mlp	16	buoyancy_laplacian_magnitude		test_log_mse	4.0657912099595		1	ok
mae_future	physics	pooled	ridge	16	buoyancy_laplacian_magnitude		test_vrmse	0.23840963932855103		1	ok
mae_future	physics	pooled	ridge	16	buoyancy_laplacian_magnitude		test_r2	0.9431608438752302		1	ok
mae_future	physics	pooled	ridge	16	buoyancy_laplacian_magnitude		test_pearson_r	0.9714569752248491		1	ok
mae_future	physics	pooled	ridge	16	buoyancy_laplacian_magnitude		test_mse	26256.598929437438		1	ok
mae_future	physics	pooled	ridge	16	buoyancy_laplacian_magnitude		test_log_mse	4.419238470350663		1	ok
mae_future	physics	pooled	ridge_plus_control	16	buoyancy_laplacian_magnitude		test_vrmse	0.2280671170752345		1	ok
mae_future	physics	pooled	ridge_plus_control	16	buoyancy_laplacian_magnitude		test_r2	0.9479853901089913		1	ok
mae_future	physics	pooled	ridge_plus_control	16	buoyancy_laplacian_magnitude		test_pearson_r	0.9738630221308328		1	ok
mae_future	physics	pooled	ridge_plus_control	16	buoyancy_laplacian_magnitude		test_mse	24027.920952615958		1	ok
mae_future	physics	pooled	ridge_plus_control	16	buoyancy_laplacian_magnitude		test_log_mse	4.380716194529723		1	ok
mae_future	physics	pooled	selected	16	buoyancy_laplacian_magnitude		test_vrmse	0.15870849762830394		1	ok
mae_future	physics	pooled	selected	16	buoyancy_laplacian_magnitude		test_r2	0.9748116127805666		1	ok
mae_future	physics	pooled	selected	16	buoyancy_laplacian_magnitude		test_pearson_r	0.9877296503678674		1	ok
mae_future	physics	pooled	selected	16	buoyancy_laplacian_magnitude		test_mse	11635.665023742617		1	ok
mae_future	physics	pooled	selected	16	buoyancy_laplacian_magnitude		test_log_mse	4.0657912099595		1	ok
mae_future	physics	pooled	mlp	16	convective_flux		test_vrmse	0.2091425203674086		1	ok
mae_future	physics	pooled	mlp	16	convective_flux		test_r2	0.9562594061743681		1	ok
mae_future	physics	pooled	mlp	16	convective_flux		test_pearson_r	0.9779264516030606		1	ok
mae_future	physics	pooled	mlp	16	convective_flux		test_mse	7.332917305770947e-07		1	ok
mae_future	physics	pooled	mlp	16	convective_flux		test_log_mse	-6.13472321257017		1	ok
mae_future	physics	pooled	ridge	16	convective_flux		test_vrmse	0.23004299193621056		1	ok
mae_future	physics	pooled	ridge	16	convective_flux		test_r2	0.9470802218610366		1	ok
mae_future	physics	pooled	ridge	16	convective_flux		test_pearson_r	0.9732211460038918		1	ok
mae_future	physics	pooled	ridge	16	convective_flux		test_mse	8.871767001603063e-07		1	ok
mae_future	physics	pooled	ridge	16	convective_flux		test_log_mse	-6.0519898725449695		1	ok
mae_future	physics	pooled	ridge_plus_control	16	convective_flux		test_vrmse	0.22700117461957217		1	ok
mae_future	physics	pooled	ridge_plus_control	16	convective_flux		test_r2	0.9484704667213345		1	ok
mae_future	physics	pooled	ridge_plus_control	16	convective_flux		test_pearson_r	0.9739361451824163		1	ok
mae_future	physics	pooled	ridge_plus_control	16	convective_flux		test_mse	8.638698592976112e-07		1	ok
mae_future	physics	pooled	ridge_plus_control	16	convective_flux		test_log_mse	-6.063551678407664		1	ok
mae_future	physics	pooled	selected	16	convective_flux		test_vrmse	0.2091425203674086		1	ok
mae_future	physics	pooled	selected	16	convective_flux		test_r2	0.9562594061743681		1	ok
mae_future	physics	pooled	selected	16	convective_flux		test_pearson_r	0.9779264516030606		1	ok
mae_future	physics	pooled	selected	16	convective_flux		test_mse	7.332917305770947e-07		1	ok
mae_future	physics	pooled	selected	16	convective_flux		test_log_mse	-6.13472321257017		1	ok
mae_future	physics	pooled	mlp	16	enstrophy		test_vrmse	0.12756780679331714		1	ok
mae_future	physics	pooled	mlp	16	enstrophy		test_r2	0.9837264546699429		1	ok
mae_future	physics	pooled	mlp	16	enstrophy		test_pearson_r	0.9918502851033878		1	ok
mae_future	physics	pooled	mlp	16	enstrophy		test_mse	28.417977969923033		1	ok
mae_future	physics	pooled	mlp	16	enstrophy		test_log_mse	1.453593173248532		1	ok
mae_future	physics	pooled	ridge	16	enstrophy		test_vrmse	0.13770240678556991		1	ok
mae_future	physics	pooled	ridge	16	enstrophy		test_r2	0.9810380471654614		1	ok
mae_future	physics	pooled	ridge	16	enstrophy		test_pearson_r	0.9905027236013236		1	ok
mae_future	physics	pooled	ridge	16	enstrophy		test_mse	33.11265904199539		1	ok
mae_future	physics	pooled	ridge	16	enstrophy		test_log_mse	1.5199940572515347		1	ok
mae_future	physics	pooled	ridge_plus_control	16	enstrophy		test_vrmse	0.13330374331728898		1	ok
mae_future	physics	pooled	ridge_plus_control	16	enstrophy		test_r2	0.9822301120175984		1	ok
mae_future	physics	pooled	ridge_plus_control	16	enstrophy		test_pearson_r	0.9910947099983082		1	ok
mae_future	physics	pooled	ridge_plus_control	16	enstrophy		test_mse	31.030993859659404		1	ok
mae_future	physics	pooled	ridge_plus_control	16	enstrophy		test_log_mse	1.491795685376422		1	ok
mae_future	physics	pooled	selected	16	enstrophy		test_vrmse	0.12756780679331714		1	ok
mae_future	physics	pooled	selected	16	enstrophy		test_r2	0.9837264546699429		1	ok
mae_future	physics	pooled	selected	16	enstrophy		test_pearson_r	0.9918502851033878		1	ok
mae_future	physics	pooled	selected	16	enstrophy		test_mse	28.417977969923033		1	ok
mae_future	physics	pooled	selected	16	enstrophy		test_log_mse	1.453593173248532		1	ok
mae_future	physics	pooled	mlp	16	pressure_gradient_magnitude		test_vrmse	0.07244370348937522		1	ok
mae_future	physics	pooled	mlp	16	pressure_gradient_magnitude		test_r2	0.9947519098247435		1	ok
mae_future	physics	pooled	mlp	16	pressure_gradient_magnitude		test_pearson_r	0.9973922074988346		1	ok
mae_future	physics	pooled	mlp	16	pressure_gradient_magnitude		test_mse	0.0006219192224278339		1	ok
mae_future	physics	pooled	mlp	16	pressure_gradient_magnitude		test_log_mse	-3.2062660197014763		1	ok
mae_future	physics	pooled	ridge	16	pressure_gradient_magnitude		test_vrmse	0.07242129355736834		1	ok
mae_future	physics	pooled	ridge	16	pressure_gradient_magnitude		test_r2	0.9947551562394775		1	ok
mae_future	physics	pooled	ridge	16	pressure_gradient_magnitude		test_pearson_r	0.9973906001679665		1	ok
mae_future	physics	pooled	ridge	16	pressure_gradient_magnitude		test_mse	0.0006215345095780884		1	ok
mae_future	physics	pooled	ridge	16	pressure_gradient_magnitude		test_log_mse	-3.2065347529382544		1	ok
mae_future	physics	pooled	ridge_plus_control	16	pressure_gradient_magnitude		test_vrmse	0.07137102889542714		1	ok
mae_future	physics	pooled	ridge_plus_control	16	pressure_gradient_magnitude		test_r2	0.9949061762344081		1	ok
mae_future	physics	pooled	ridge_plus_control	16	pressure_gradient_magnitude		test_pearson_r	0.9974637413339418		1	ok
mae_future	physics	pooled	ridge_plus_control	16	pressure_gradient_magnitude		test_mse	0.0006036380492121576		1	ok
mae_future	physics	pooled	ridge_plus_control	16	pressure_gradient_magnitude		test_log_mse	-3.219223393081219		1	ok
mae_future	physics	pooled	selected	16	pressure_gradient_magnitude		test_vrmse	0.07244370348937522		1	ok
mae_future	physics	pooled	selected	16	pressure_gradient_magnitude		test_r2	0.9947519098247435		1	ok
mae_future	physics	pooled	selected	16	pressure_gradient_magnitude		test_pearson_r	0.9973922074988346		1	ok
mae_future	physics	pooled	selected	16	pressure_gradient_magnitude		test_mse	0.0006219192224278339		1	ok
mae_future	physics	pooled	selected	16	pressure_gradient_magnitude		test_log_mse	-3.2062660197014763		1	ok
mae_future	physics	pooled	mlp	40	buoyancy_gradient_energy		test_vrmse	0.608088188091299		1	ok
mae_future	physics	pooled	mlp	40	buoyancy_gradient_energy		test_r2	0.6302287555038409		1	ok
mae_future	physics	pooled	mlp	40	buoyancy_gradient_energy		test_pearson_r	0.7941234983146407		1	ok
mae_future	physics	pooled	mlp	40	buoyancy_gradient_energy		test_mse	1085.9500827384027		1	ok
mae_future	physics	pooled	mlp	40	buoyancy_gradient_energy		test_log_mse	3.0358098627394723		1	ok
mae_future	physics	pooled	ridge	40	buoyancy_gradient_energy		test_vrmse	0.6138868638465483		1	ok
mae_future	physics	pooled	ridge	40	buoyancy_gradient_energy		test_r2	0.6231429183966495		1	ok
mae_future	physics	pooled	ridge	40	buoyancy_gradient_energy		test_pearson_r	0.7896053087037805		1	ok
mae_future	physics	pooled	ridge	40	buoyancy_gradient_energy		test_mse	1106.7598820599		1	ok
mae_future	physics	pooled	ridge	40	buoyancy_gradient_energy		test_log_mse	3.0440534084055044		1	ok
mae_future	physics	pooled	ridge_plus_control	40	buoyancy_gradient_energy		test_vrmse	0.262076309361395		1	ok
mae_future	physics	pooled	ridge_plus_control	40	buoyancy_gradient_energy		test_r2	0.9313160080715104		1	ok
mae_future	physics	pooled	ridge_plus_control	40	buoyancy_gradient_energy		test_pearson_r	0.965063865501232		1	ok
mae_future	physics	pooled	ridge_plus_control	40	buoyancy_gradient_energy		test_mse	201.71224190019953		1	ok
mae_future	physics	pooled	ridge_plus_control	40	buoyancy_gradient_energy		test_log_mse	2.3047322563107806		1	ok
mae_future	physics	pooled	selected	40	buoyancy_gradient_energy		test_vrmse	0.608088188091299		1	ok
mae_future	physics	pooled	selected	40	buoyancy_gradient_energy		test_r2	0.6302287555038409		1	ok
mae_future	physics	pooled	selected	40	buoyancy_gradient_energy		test_pearson_r	0.7941234983146407		1	ok
mae_future	physics	pooled	selected	40	buoyancy_gradient_energy		test_mse	1085.9500827384027		1	ok
mae_future	physics	pooled	selected	40	buoyancy_gradient_energy		test_log_mse	3.0358098627394723		1	ok
mae_future	physics	pooled	mlp	40	buoyancy_laplacian_magnitude		test_vrmse	0.6662152547911798		1	ok
mae_future	physics	pooled	mlp	40	buoyancy_laplacian_magnitude		test_r2	0.5561572342835234		1	ok
mae_future	physics	pooled	mlp	40	buoyancy_laplacian_magnitude		test_pearson_r	0.7460913455971403		1	ok
mae_future	physics	pooled	mlp	40	buoyancy_laplacian_magnitude		test_mse	195251.63344242005		1	ok
mae_future	physics	pooled	mlp	40	buoyancy_laplacian_magnitude		test_log_mse	5.290594675799336		1	ok
mae_future	physics	pooled	ridge	40	buoyancy_laplacian_magnitude		test_vrmse	0.6716570988939772		1	ok
mae_future	physics	pooled	ridge	40	buoyancy_laplacian_magnitude		test_r2	0.5488767415053262		1	ok
mae_future	physics	pooled	ridge	40	buoyancy_laplacian_magnitude		test_pearson_r	0.7409874364009277		1	ok
mae_future	physics	pooled	ridge	40	buoyancy_laplacian_magnitude		test_mse	198454.40752597197		1	ok
mae_future	physics	pooled	ridge	40	buoyancy_laplacian_magnitude		test_log_mse	5.297660748710314		1	ok
mae_future	physics	pooled	ridge_plus_control	40	buoyancy_laplacian_magnitude		test_vrmse	0.26641757630152296		1	ok
mae_future	physics	pooled	ridge_plus_control	40	buoyancy_laplacian_magnitude		test_r2	0.9290216750376222		1	ok
mae_future	physics	pooled	ridge_plus_control	40	buoyancy_laplacian_magnitude		test_pearson_r	0.9638663884614783		1	ok
mae_future	physics	pooled	ridge_plus_control	40	buoyancy_laplacian_magnitude		test_mse	31224.196851648034		1	ok
mae_future	physics	pooled	ridge_plus_control	40	buoyancy_laplacian_magnitude		test_log_mse	4.494491276273289		1	ok
mae_future	physics	pooled	selected	40	buoyancy_laplacian_magnitude		test_vrmse	0.6662152547911798		1	ok
mae_future	physics	pooled	selected	40	buoyancy_laplacian_magnitude		test_r2	0.5561572342835234		1	ok
mae_future	physics	pooled	selected	40	buoyancy_laplacian_magnitude		test_pearson_r	0.7460913455971403		1	ok
mae_future	physics	pooled	selected	40	buoyancy_laplacian_magnitude		test_mse	195251.63344242005		1	ok
mae_future	physics	pooled	selected	40	buoyancy_laplacian_magnitude		test_log_mse	5.290594675799336		1	ok
mae_future	physics	pooled	mlp	40	convective_flux		test_vrmse	0.37835623215043346		1	ok
mae_future	physics	pooled	mlp	40	convective_flux		test_r2	0.8568465615929273		1	ok
mae_future	physics	pooled	mlp	40	convective_flux		test_pearson_r	0.9263878870598685		1	ok
mae_future	physics	pooled	mlp	40	convective_flux		test_mse	2.461909042066904e-06		1	ok
mae_future	physics	pooled	mlp	40	convective_flux		test_log_mse	-5.608727996594854		1	ok
mae_future	physics	pooled	ridge	40	convective_flux		test_vrmse	0.39669724427294856		1	ok
mae_future	physics	pooled	ridge	40	convective_flux		test_r2	0.8426312963862486		1	ok
mae_future	physics	pooled	ridge	40	convective_flux		test_pearson_r	0.9184995054122879		1	ok
mae_future	physics	pooled	ridge	40	convective_flux		test_mse	2.7063788245403396e-06		1	ok
mae_future	physics	pooled	ridge	40	convective_flux		test_log_mse	-5.56761141324744		1	ok
mae_future	physics	pooled	ridge_plus_control	40	convective_flux		test_vrmse	0.3053574889438012		1	ok
mae_future	physics	pooled	ridge_plus_control	40	convective_flux		test_r2	0.9067568039459363		1	ok
mae_future	physics	pooled	ridge_plus_control	40	convective_flux		test_pearson_r	0.9530924773144266		1	ok
mae_future	physics	pooled	ridge_plus_control	40	convective_flux		test_mse	1.6035679619790038e-06		1	ok
mae_future	physics	pooled	ridge_plus_control	40	convective_flux		test_log_mse	-5.794912629195477		1	ok
mae_future	physics	pooled	selected	40	convective_flux		test_vrmse	0.37835623215043346		1	ok
mae_future	physics	pooled	selected	40	convective_flux		test_r2	0.8568465615929273		1	ok
mae_future	physics	pooled	selected	40	convective_flux		test_pearson_r	0.9263878870598685		1	ok
mae_future	physics	pooled	selected	40	convective_flux		test_mse	2.461909042066904e-06		1	ok
mae_future	physics	pooled	selected	40	convective_flux		test_log_mse	-5.608727996594854		1	ok
mae_future	physics	pooled	mlp	40	enstrophy		test_vrmse	0.22377643420797194		1	ok
mae_future	physics	pooled	mlp	40	enstrophy		test_r2	0.9499241074931652		1	ok
mae_future	physics	pooled	mlp	40	enstrophy		test_pearson_r	0.9748885275040615		1	ok
mae_future	physics	pooled	mlp	40	enstrophy		test_mse	102.87571992733754		1	ok
mae_future	physics	pooled	mlp	40	enstrophy		test_log_mse	2.0123128874366185		1	ok
mae_future	physics	pooled	ridge	40	enstrophy		test_vrmse	0.23682369702112835		1	ok
mae_future	physics	pooled	ridge	40	enstrophy		test_r2	0.9439145365292448		1	ok
mae_future	physics	pooled	ridge	40	enstrophy		test_pearson_r	0.9717224512621029		1	ok
mae_future	physics	pooled	ridge	40	enstrophy		test_mse	115.22175927717741		1	ok
mae_future	physics	pooled	ridge	40	enstrophy		test_log_mse	2.0615345020182403		1	ok
mae_future	physics	pooled	ridge_plus_control	40	enstrophy		test_vrmse	0.16230170297613908		1	ok
mae_future	physics	pooled	ridge_plus_control	40	enstrophy		test_r2	0.9736581572110451		1	ok
mae_future	physics	pooled	ridge_plus_control	40	enstrophy		test_pearson_r	0.9869119707194998		1	ok
mae_future	physics	pooled	ridge_plus_control	40	enstrophy		test_mse	54.11657996423332		1	ok
mae_future	physics	pooled	ridge_plus_control	40	enstrophy		test_log_mse	1.7333303424415842		1	ok
mae_future	physics	pooled	selected	40	enstrophy		test_vrmse	0.22377643420797194		1	ok
mae_future	physics	pooled	selected	40	enstrophy		test_r2	0.9499241074931652		1	ok
mae_future	physics	pooled	selected	40	enstrophy		test_pearson_r	0.9748885275040615		1	ok
mae_future	physics	pooled	selected	40	enstrophy		test_mse	102.87571992733754		1	ok
mae_future	physics	pooled	selected	40	enstrophy		test_log_mse	2.0123128874366185		1	ok
mae_future	physics	pooled	mlp	40	pressure_gradient_magnitude		test_vrmse	0.10835879623005157		1	ok
mae_future	physics	pooled	mlp	40	pressure_gradient_magnitude		test_r2	0.9882583712795742		1	ok
mae_future	physics	pooled	mlp	40	pressure_gradient_magnitude		test_pearson_r	0.9941286459916068		1	ok
mae_future	physics	pooled	mlp	40	pressure_gradient_magnitude		test_mse	0.0017460450893677963		1	ok
mae_future	physics	pooled	mlp	40	pressure_gradient_magnitude		test_log_mse	-2.7579445453894507		1	ok
mae_future	physics	pooled	ridge	40	pressure_gradient_magnitude		test_vrmse	0.11357463615994685		1	ok
mae_future	physics	pooled	ridge	40	pressure_gradient_magnitude		test_r2	0.9871008020211357		1	ok
mae_future	physics	pooled	ridge	40	pressure_gradient_magnitude		test_pearson_r	0.9935592780079898		1	ok
mae_future	physics	pooled	ridge	40	pressure_gradient_magnitude		test_mse	0.0019181820362449845		1	ok
mae_future	physics	pooled	ridge	40	pressure_gradient_magnitude		test_log_mse	-2.717110180488975		1	ok
mae_future	physics	pooled	ridge_plus_control	40	pressure_gradient_magnitude		test_vrmse	0.1028502478953795		1	ok
mae_future	physics	pooled	ridge_plus_control	40	pressure_gradient_magnitude		test_r2	0.989421826507859		1	ok
mae_future	physics	pooled	ridge_plus_control	40	pressure_gradient_magnitude		test_pearson_r	0.9947266577412457		1	ok
mae_future	physics	pooled	ridge_plus_control	40	pressure_gradient_magnitude		test_mse	0.001573032866241367		1	ok
mae_future	physics	pooled	ridge_plus_control	40	pressure_gradient_magnitude		test_log_mse	-2.803262203328301		1	ok
mae_future	physics	pooled	selected	40	pressure_gradient_magnitude		test_vrmse	0.10835879623005157		1	ok
mae_future	physics	pooled	selected	40	pressure_gradient_magnitude		test_r2	0.9882583712795742		1	ok
mae_future	physics	pooled	selected	40	pressure_gradient_magnitude		test_pearson_r	0.9941286459916068		1	ok
mae_future	physics	pooled	selected	40	pressure_gradient_magnitude		test_mse	0.0017460450893677963		1	ok
mae_future	physics	pooled	selected	40	pressure_gradient_magnitude		test_log_mse	-2.7579445453894507		1	ok
mae_future	physics	token	mlp	0	buoyancy_gradient_energy		test_vrmse	0.1699572022471367		1	ok
mae_future	physics	token	mlp	0	buoyancy_gradient_energy		test_r2	0.9711145494043258		1	ok
mae_future	physics	token	mlp	0	buoyancy_gradient_energy		test_pearson_r	0.98545924339102		1	ok
mae_future	physics	token	mlp	0	buoyancy_gradient_energy		test_mse	4309.323799404862		1	ok
mae_future	physics	token	mlp	0	buoyancy_gradient_energy		test_log_mse	3.6344091278807653		1	ok
mae_future	physics	token	ridge	0	buoyancy_gradient_energy		test_vrmse	0.5255115249259343		1	ok
mae_future	physics	token	ridge	0	buoyancy_gradient_energy		test_r2	0.723837637170019		1	ok
mae_future	physics	token	ridge	0	buoyancy_gradient_energy		test_pearson_r	0.8537949055754875		1	ok
mae_future	physics	token	ridge	0	buoyancy_gradient_energy		test_mse	41199.73959559219		1	ok
mae_future	physics	token	ridge	0	buoyancy_gradient_energy		test_log_mse	4.6148944710682125		1	ok
mae_future	physics	token	selected	0	buoyancy_gradient_energy		test_vrmse	0.1699572022471367		1	ok
mae_future	physics	token	selected	0	buoyancy_gradient_energy		test_r2	0.9711145494043258		1	ok
mae_future	physics	token	selected	0	buoyancy_gradient_energy		test_pearson_r	0.98545924339102		1	ok
mae_future	physics	token	selected	0	buoyancy_gradient_energy		test_mse	4309.323799404862		1	ok
mae_future	physics	token	selected	0	buoyancy_gradient_energy		test_log_mse	3.6344091278807653		1	ok
mae_future	physics	token	mlp	0	buoyancy_laplacian_magnitude		test_vrmse	0.3095061075048569		1	ok
mae_future	physics	token	mlp	0	buoyancy_laplacian_magnitude		test_r2	0.904205969417192		1	ok
mae_future	physics	token	mlp	0	buoyancy_laplacian_magnitude		test_pearson_r	0.9525158124842572		1	ok
mae_future	physics	token	mlp	0	buoyancy_laplacian_magnitude		test_mse	467647.17826472153		1	ok
mae_future	physics	token	mlp	0	buoyancy_laplacian_magnitude		test_log_mse	5.669918318200831		1	ok
mae_future	physics	token	ridge	0	buoyancy_laplacian_magnitude		test_vrmse	0.5998593259414953		1	ok
mae_future	physics	token	ridge	0	buoyancy_laplacian_magnitude		test_r2	0.640168789081015		1	ok
mae_future	physics	token	ridge	0	buoyancy_laplacian_magnitude		test_pearson_r	0.8002906164736311		1	ok
mae_future	physics	token	ridge	0	buoyancy_laplacian_magnitude		test_mse	1756623.553827591		1	ok
mae_future	physics	token	ridge	0	buoyancy_laplacian_magnitude		test_log_mse	6.24467870172749		1	ok
mae_future	physics	token	selected	0	buoyancy_laplacian_magnitude		test_vrmse	0.3095061075048569		1	ok
mae_future	physics	token	selected	0	buoyancy_laplacian_magnitude		test_r2	0.904205969417192		1	ok
mae_future	physics	token	selected	0	buoyancy_laplacian_magnitude		test_pearson_r	0.9525158124842572		1	ok
mae_future	physics	token	selected	0	buoyancy_laplacian_magnitude		test_mse	467647.17826472153		1	ok
mae_future	physics	token	selected	0	buoyancy_laplacian_magnitude		test_log_mse	5.669918318200831		1	ok
mae_future	physics	token	mlp	0	convective_flux		test_vrmse	0.07360903479435843		1	ok
mae_future	physics	token	mlp	0	convective_flux		test_r2	0.994581709996643		1	ok
mae_future	physics	token	mlp	0	convective_flux		test_pearson_r	0.9973315203596672		1	ok
mae_future	physics	token	mlp	0	convective_flux		test_mse	2.8291126314742338e-05		1	ok
mae_future	physics	token	mlp	0	convective_flux		test_log_mse	-4.548349762244657		1	ok
mae_future	physics	token	ridge	0	convective_flux		test_vrmse	0.2523482074570051		1	ok
mae_future	physics	token	ridge	0	convective_flux		test_r2	0.9363203821932363		1	ok
mae_future	physics	token	ridge	0	convective_flux		test_pearson_r	0.9692844256981381		1	ok
mae_future	physics	token	ridge	0	convective_flux		test_mse	0.0003324975425696021		1	ok
mae_future	physics	token	ridge	0	convective_flux		test_log_mse	-3.478211560142547		1	ok
mae_future	physics	token	selected	0	convective_flux		test_vrmse	0.07360903479435843		1	ok
mae_future	physics	token	selected	0	convective_flux		test_r2	0.994581709996643		1	ok
mae_future	physics	token	selected	0	convective_flux		test_pearson_r	0.9973315203596672		1	ok
mae_future	physics	token	selected	0	convective_flux		test_mse	2.8291126314742338e-05		1	ok
mae_future	physics	token	selected	0	convective_flux		test_log_mse	-4.548349762244657		1	ok
mae_future	physics	token	mlp	0	enstrophy		test_vrmse	0.30567678708842927		1	ok
mae_future	physics	token	mlp	0	enstrophy		test_r2	0.906561701835295		1	ok
mae_future	physics	token	mlp	0	enstrophy		test_pearson_r	0.9527462106459454		1	ok
mae_future	physics	token	mlp	0	enstrophy		test_mse	6562.494756143209		1	ok
mae_future	physics	token	mlp	0	enstrophy		test_log_mse	3.817068969384836		1	ok
mae_future	physics	token	ridge	0	enstrophy		test_vrmse	0.7293902023527411		1	ok
mae_future	physics	token	ridge	0	enstrophy		test_r2	0.4679899327118274		1	ok
mae_future	physics	token	ridge	0	enstrophy		test_pearson_r	0.6865503017746527		1	ok
mae_future	physics	token	ridge	0	enstrophy		test_mse	37364.90652515786		1	ok
mae_future	physics	token	ridge	0	enstrophy		test_log_mse	4.572463900130019		1	ok
mae_future	physics	token	selected	0	enstrophy		test_vrmse	0.30567678708842927		1	ok
mae_future	physics	token	selected	0	enstrophy		test_r2	0.906561701835295		1	ok
mae_future	physics	token	selected	0	enstrophy		test_pearson_r	0.9527462106459454		1	ok
mae_future	physics	token	selected	0	enstrophy		test_mse	6562.494756143209		1	ok
mae_future	physics	token	selected	0	enstrophy		test_log_mse	3.817068969384836		1	ok
mae_future	physics	token	mlp	0	pressure_gradient_magnitude		test_vrmse	0.202460077091622		1	ok
mae_future	physics	token	mlp	0	pressure_gradient_magnitude		test_r2	0.9590099171840545		1	ok
mae_future	physics	token	mlp	0	pressure_gradient_magnitude		test_pearson_r	0.9794508013357809		1	ok
mae_future	physics	token	mlp	0	pressure_gradient_magnitude		test_mse	0.009843921101302291		1	ok
mae_future	physics	token	mlp	0	pressure_gradient_magnitude		test_log_mse	-2.006831875811003		1	ok
mae_future	physics	token	ridge	0	pressure_gradient_magnitude		test_vrmse	0.4023039877598921		1	ok
mae_future	physics	token	ridge	0	pressure_gradient_magnitude		test_r2	0.8381515014324885		1	ok
mae_future	physics	token	ridge	0	pressure_gradient_magnitude		test_pearson_r	0.9155228292222395		1	ok
mae_future	physics	token	ridge	0	pressure_gradient_magnitude		test_mse	0.03886851991533524		1	ok
mae_future	physics	token	ridge	0	pressure_gradient_magnitude		test_log_mse	-1.410401996668477		1	ok
mae_future	physics	token	selected	0	pressure_gradient_magnitude		test_vrmse	0.202460077091622		1	ok
mae_future	physics	token	selected	0	pressure_gradient_magnitude		test_r2	0.9590099171840545		1	ok
mae_future	physics	token	selected	0	pressure_gradient_magnitude		test_pearson_r	0.9794508013357809		1	ok
mae_future	physics	token	selected	0	pressure_gradient_magnitude		test_mse	0.009843921101302291		1	ok
mae_future	physics	token	selected	0	pressure_gradient_magnitude		test_log_mse	-2.006831875811003		1	ok
mae_future	physics	token	mlp	16	buoyancy_gradient_energy		test_vrmse	0.3801691951203141		1	ok
mae_future	physics	token	mlp	16	buoyancy_gradient_energy		test_r2	0.8554713830815726		1	ok
mae_future	physics	token	mlp	16	buoyancy_gradient_energy		test_pearson_r	0.925638988856991		1	ok
mae_future	physics	token	mlp	16	buoyancy_gradient_energy		test_mse	29665.038599620133		1	ok
mae_future	physics	token	mlp	16	buoyancy_gradient_energy		test_log_mse	4.472244917770089		1	ok
mae_future	physics	token	ridge	16	buoyancy_gradient_energy		test_vrmse	0.6349764695143031		1	ok
mae_future	physics	token	ridge	16	buoyancy_gradient_energy		test_r2	0.5968048831631513		1	ok
mae_future	physics	token	ridge	16	buoyancy_gradient_energy		test_pearson_r	0.7726278487550157		1	ok
mae_future	physics	token	ridge	16	buoyancy_gradient_energy		test_mse	82757.30411849296		1	ok
mae_future	physics	token	ridge	16	buoyancy_gradient_energy		test_log_mse	4.917806334754305		1	ok
mae_future	physics	token	selected	16	buoyancy_gradient_energy		test_vrmse	0.3801691951203141		1	ok
mae_future	physics	token	selected	16	buoyancy_gradient_energy		test_r2	0.8554713830815726		1	ok
mae_future	physics	token	selected	16	buoyancy_gradient_energy		test_pearson_r	0.925638988856991		1	ok
mae_future	physics	token	selected	16	buoyancy_gradient_energy		test_mse	29665.038599620133		1	ok
mae_future	physics	token	selected	16	buoyancy_gradient_energy		test_log_mse	4.472244917770089		1	ok
mae_future	physics	token	mlp	16	buoyancy_laplacian_magnitude		test_vrmse	0.4091603631271342		1	ok
mae_future	physics	token	mlp	16	buoyancy_laplacian_magnitude		test_r2	0.8325877972456717		1	ok
mae_future	physics	token	mlp	16	buoyancy_laplacian_magnitude		test_pearson_r	0.9146268198603195		1	ok
mae_future	physics	token	mlp	16	buoyancy_laplacian_magnitude		test_mse	879077.1062747653		1	ok
mae_future	physics	token	mlp	16	buoyancy_laplacian_magnitude		test_log_mse	5.944026969909945		1	ok
mae_future	physics	token	ridge	16	buoyancy_laplacian_magnitude		test_vrmse	0.6521026143533671		1	ok
mae_future	physics	token	ridge	16	buoyancy_laplacian_magnitude		test_r2	0.5747621803535038		1	ok
mae_future	physics	token	ridge	16	buoyancy_laplacian_magnitude		test_pearson_r	0.7584358191043085		1	ok
mae_future	physics	token	ridge	16	buoyancy_laplacian_magnitude		test_mse	2232912.6898951074		1	ok
mae_future	physics	token	ridge	16	buoyancy_laplacian_magnitude		test_log_mse	6.3488717418631575		1	ok
mae_future	physics	token	selected	16	buoyancy_laplacian_magnitude		test_vrmse	0.4091603631271342		1	ok
mae_future	physics	token	selected	16	buoyancy_laplacian_magnitude		test_r2	0.8325877972456717		1	ok
mae_future	physics	token	selected	16	buoyancy_laplacian_magnitude		test_pearson_r	0.9146268198603195		1	ok
mae_future	physics	token	selected	16	buoyancy_laplacian_magnitude		test_mse	879077.1062747653		1	ok
mae_future	physics	token	selected	16	buoyancy_laplacian_magnitude		test_log_mse	5.944026969909945		1	ok
mae_future	physics	token	mlp	16	convective_flux		test_vrmse	0.5383244188528501		1	ok
mae_future	physics	token	mlp	16	convective_flux		test_r2	0.7102068200667412		1	ok
mae_future	physics	token	mlp	16	convective_flux		test_pearson_r	0.8427886520932315		1	ok
mae_future	physics	token	mlp	16	convective_flux		test_mse	0.0017070981530550484		1	ok
mae_future	physics	token	mlp	16	convective_flux		test_log_mse	-2.7677415075292653		1	ok
mae_future	physics	token	ridge	16	convective_flux		test_vrmse	0.6188005296519167		1	ok
mae_future	physics	token	ridge	16	convective_flux		test_r2	0.6170859045025073		1	ok
mae_future	physics	token	ridge	16	convective_flux		test_pearson_r	0.7883722939016421		1	ok
mae_future	physics	token	ridge	16	convective_flux		test_mse	0.002255649858126609		1	ok
mae_future	physics	token	ridge	16	convective_flux		test_log_mse	-2.6467283144782776		1	ok
mae_future	physics	token	selected	16	convective_flux		test_vrmse	0.5383244188528501		1	ok
mae_future	physics	token	selected	16	convective_flux		test_r2	0.7102068200667412		1	ok
mae_future	physics	token	selected	16	convective_flux		test_pearson_r	0.8427886520932315		1	ok
mae_future	physics	token	selected	16	convective_flux		test_mse	0.0017070981530550484		1	ok
mae_future	physics	token	selected	16	convective_flux		test_log_mse	-2.7677415075292653		1	ok
mae_future	physics	token	mlp	16	enstrophy		test_vrmse	0.7534441888493223		1	ok
mae_future	physics	token	mlp	16	enstrophy		test_r2	0.4323218542891868		1	ok
mae_future	physics	token	mlp	16	enstrophy		test_pearson_r	0.6997797132068178		1	ok
mae_future	physics	token	mlp	16	enstrophy		test_mse	27425.369893850264		1	ok
mae_future	physics	token	mlp	16	enstrophy		test_log_mse	4.438152493740814		1	ok
mae_future	physics	token	ridge	16	enstrophy		test_vrmse	0.8017273443267394		1	ok
mae_future	physics	token	ridge	16	enstrophy		test_r2	0.35723326535879374		1	ok
mae_future	physics	token	ridge	16	enstrophy		test_pearson_r	0.6032804178194312		1	ok
mae_future	physics	token	ridge	16	enstrophy		test_mse	31053.01055922188		1	ok
mae_future	physics	token	ridge	16	enstrophy		test_log_mse	4.492103710982052		1	ok
mae_future	physics	token	selected	16	enstrophy		test_vrmse	0.7534441888493223		1	ok
mae_future	physics	token	selected	16	enstrophy		test_r2	0.4323218542891868		1	ok
mae_future	physics	token	selected	16	enstrophy		test_pearson_r	0.6997797132068178		1	ok
mae_future	physics	token	selected	16	enstrophy		test_mse	27425.369893850264		1	ok
mae_future	physics	token	selected	16	enstrophy		test_log_mse	4.438152493740814		1	ok
mae_future	physics	token	mlp	16	pressure_gradient_magnitude		test_vrmse	0.6502785579091888		1	ok
mae_future	physics	token	mlp	16	pressure_gradient_magnitude		test_r2	0.5771377971235458		1	ok
mae_future	physics	token	mlp	16	pressure_gradient_magnitude		test_pearson_r	0.7600518641884613		1	ok
mae_future	physics	token	mlp	16	pressure_gradient_magnitude		test_mse	0.1132139519784708		1	ok
mae_future	physics	token	mlp	16	pressure_gradient_magnitude		test_log_mse	-0.9461000493501526		1	ok
mae_future	physics	token	ridge	16	pressure_gradient_magnitude		test_vrmse	0.6777622918694312		1	ok
mae_future	physics	token	ridge	16	pressure_gradient_magnitude		test_r2	0.5406382757198961		1	ok
mae_future	physics	token	ridge	16	pressure_gradient_magnitude		test_pearson_r	0.7353375002181899		1	ok
mae_future	physics	token	ridge	16	pressure_gradient_magnitude		test_mse	0.12298605985503426		1	ok
mae_future	physics	token	ridge	16	pressure_gradient_magnitude		test_log_mse	-0.910144111903141		1	ok
mae_future	physics	token	selected	16	pressure_gradient_magnitude		test_vrmse	0.6502785579091888		1	ok
mae_future	physics	token	selected	16	pressure_gradient_magnitude		test_r2	0.5771377971235458		1	ok
mae_future	physics	token	selected	16	pressure_gradient_magnitude		test_pearson_r	0.7600518641884613		1	ok
mae_future	physics	token	selected	16	pressure_gradient_magnitude		test_mse	0.1132139519784708		1	ok
mae_future	physics	token	selected	16	pressure_gradient_magnitude		test_log_mse	-0.9461000493501526		1	ok
mae_future	physics	token	mlp	40	buoyancy_gradient_energy		test_vrmse	0.3302353957416401		1	ok
mae_future	physics	token	mlp	40	buoyancy_gradient_energy		test_r2	0.8909445833993623		1	ok
mae_future	physics	token	mlp	40	buoyancy_gradient_energy		test_pearson_r	0.944277960172766		1	ok
mae_future	physics	token	mlp	40	buoyancy_gradient_energy		test_mse	23432.75111475291		1	ok
mae_future	physics	token	mlp	40	buoyancy_gradient_energy		test_log_mse	4.369823279796977		1	ok
mae_future	physics	token	ridge	40	buoyancy_gradient_energy		test_vrmse	0.5867177136367101		1	ok
mae_future	physics	token	ridge	40	buoyancy_gradient_energy		test_r2	0.6557623245049113		1	ok
mae_future	physics	token	ridge	40	buoyancy_gradient_energy		test_pearson_r	0.8100457588672416		1	ok
mae_future	physics	token	ridge	40	buoyancy_gradient_energy		test_mse	73966.3927353272		1	ok
mae_future	physics	token	ridge	40	buoyancy_gradient_energy		test_log_mse	4.869034439124476		1	ok
mae_future	physics	token	selected	40	buoyancy_gradient_energy		test_vrmse	0.3302353957416401		1	ok
mae_future	physics	token	selected	40	buoyancy_gradient_energy		test_r2	0.8909445833993623		1	ok
mae_future	physics	token	selected	40	buoyancy_gradient_energy		test_pearson_r	0.944277960172766		1	ok
mae_future	physics	token	selected	40	buoyancy_gradient_energy		test_mse	23432.75111475291		1	ok
mae_future	physics	token	selected	40	buoyancy_gradient_energy		test_log_mse	4.369823279796977		1	ok
mae_future	physics	token	mlp	40	buoyancy_laplacian_magnitude		test_vrmse	0.31136168799705044		1	ok
mae_future	physics	token	mlp	40	buoyancy_laplacian_magnitude		test_r2	0.9030538992476274		1	ok
mae_future	physics	token	mlp	40	buoyancy_laplacian_magnitude		test_pearson_r	0.950585326917083		1	ok
mae_future	physics	token	mlp	40	buoyancy_laplacian_magnitude		test_mse	523148.71723048756		1	ok
mae_future	physics	token	mlp	40	buoyancy_laplacian_magnitude		test_log_mse	5.71862516475925		1	ok
mae_future	physics	token	ridge	40	buoyancy_laplacian_magnitude		test_vrmse	0.58579962997739		1	ok
mae_future	physics	token	ridge	40	buoyancy_laplacian_magnitude		test_r2	0.656838793518353		1	ok
mae_future	physics	token	ridge	40	buoyancy_laplacian_magnitude		test_pearson_r	0.8130157645270264		1	ok
mae_future	physics	token	ridge	40	buoyancy_laplacian_magnitude		test_mse	1851795.4160187982		1	ok
mae_future	physics	token	ridge	40	buoyancy_laplacian_magnitude		test_log_mse	6.267593004699079		1	ok
mae_future	physics	token	selected	40	buoyancy_laplacian_magnitude		test_vrmse	0.31136168799705044		1	ok
mae_future	physics	token	selected	40	buoyancy_laplacian_magnitude		test_r2	0.9030538992476274		1	ok
mae_future	physics	token	selected	40	buoyancy_laplacian_magnitude		test_pearson_r	0.950585326917083		1	ok
mae_future	physics	token	selected	40	buoyancy_laplacian_magnitude		test_mse	523148.71723048756		1	ok
mae_future	physics	token	selected	40	buoyancy_laplacian_magnitude		test_log_mse	5.71862516475925		1	ok
mae_future	physics	token	mlp	40	convective_flux		test_vrmse	0.646694977575586		1	ok
mae_future	physics	token	mlp	40	convective_flux		test_r2	0.5817856059785123		1	ok
mae_future	physics	token	mlp	40	convective_flux		test_pearson_r	0.762984231809714		1	ok
mae_future	physics	token	mlp	40	convective_flux		test_mse	0.0028499667937451787		1	ok
mae_future	physics	token	mlp	40	convective_flux		test_log_mse	-2.5451602001238576		1	ok
mae_future	physics	token	ridge	40	convective_flux		test_vrmse	0.6904621233909665		1	ok
mae_future	physics	token	ridge	40	convective_flux		test_r2	0.5232620561624377		1	ok
mae_future	physics	token	ridge	40	convective_flux		test_pearson_r	0.7248112431196052		1	ok
mae_future	physics	token	ridge	40	convective_flux		test_mse	0.0032487817939274403		1	ok
mae_future	physics	token	ridge	40	convective_flux		test_log_mse	-2.4882794572840266		1	ok
mae_future	physics	token	selected	40	convective_flux		test_vrmse	0.646694977575586		1	ok
mae_future	physics	token	selected	40	convective_flux		test_r2	0.5817856059785123		1	ok
mae_future	physics	token	selected	40	convective_flux		test_pearson_r	0.762984231809714		1	ok
mae_future	physics	token	selected	40	convective_flux		test_mse	0.0028499667937451787		1	ok
mae_future	physics	token	selected	40	convective_flux		test_log_mse	-2.5451602001238576		1	ok
mae_future	physics	token	mlp	40	enstrophy		test_vrmse	0.7679950935828215		1	ok
mae_future	physics	token	mlp	40	enstrophy		test_r2	0.4101835362327133		1	ok
mae_future	physics	token	mlp	40	enstrophy		test_pearson_r	0.6547148295343093		1	ok
mae_future	physics	token	mlp	40	enstrophy		test_mse	44831.33825357173		1	ok
mae_future	physics	token	mlp	40	enstrophy		test_log_mse	4.651581703118901		1	ok
mae_future	physics	token	ridge	40	enstrophy		test_vrmse	0.8327712204318434		1	ok
mae_future	physics	token	ridge	40	enstrophy		test_r2	0.3064920944204581		1	ok
mae_future	physics	token	ridge	40	enstrophy		test_pearson_r	0.5559432773930777		1	ok
mae_future	physics	token	ridge	40	enstrophy		test_mse	52712.81730248463		1	ok
mae_future	physics	token	ridge	40	enstrophy		test_log_mse	4.721916228247315		1	ok
mae_future	physics	token	selected	40	enstrophy		test_vrmse	0.7679950935828215		1	ok
mae_future	physics	token	selected	40	enstrophy		test_r2	0.4101835362327133		1	ok
mae_future	physics	token	selected	40	enstrophy		test_pearson_r	0.6547148295343093		1	ok
mae_future	physics	token	selected	40	enstrophy		test_mse	44831.33825357173		1	ok
mae_future	physics	token	selected	40	enstrophy		test_log_mse	4.651581703118901		1	ok
mae_future	physics	token	mlp	40	pressure_gradient_magnitude		test_vrmse	0.7025591758344168		1	ok
mae_future	physics	token	mlp	40	pressure_gradient_magnitude		test_r2	0.5064106044508649		1	ok
mae_future	physics	token	mlp	40	pressure_gradient_magnitude		test_pearson_r	0.7118135637998302		1	ok
mae_future	physics	token	mlp	40	pressure_gradient_magnitude		test_mse	0.1685015135195736		1	ok
mae_future	physics	token	mlp	40	pressure_gradient_magnitude		test_log_mse	-0.7733961938416218		1	ok
mae_future	physics	token	ridge	40	pressure_gradient_magnitude		test_vrmse	0.7191068810557486		1	ok
mae_future	physics	token	ridge	40	pressure_gradient_magnitude		test_r2	0.4828852936182735		1	ok
mae_future	physics	token	ridge	40	pressure_gradient_magnitude		test_pearson_r	0.6950884871409531		1	ok
mae_future	physics	token	ridge	40	pressure_gradient_magnitude		test_mse	0.17653258249523493		1	ok
mae_future	physics	token	ridge	40	pressure_gradient_magnitude		test_log_mse	-0.75317512544929		1	ok
mae_future	physics	token	selected	40	pressure_gradient_magnitude		test_vrmse	0.7025591758344168		1	ok
mae_future	physics	token	selected	40	pressure_gradient_magnitude		test_r2	0.5064106044508649		1	ok
mae_future	physics	token	selected	40	pressure_gradient_magnitude		test_pearson_r	0.7118135637998302		1	ok
mae_future	physics	token	selected	40	pressure_gradient_magnitude		test_mse	0.1685015135195736		1	ok
mae_future	physics	token	selected	40	pressure_gradient_magnitude		test_log_mse	-0.7733961938416218		1	ok
mae_future	regime	pooled	mlp	0	log10_Prandtl		test_vrmse	0.040532415717962914		1	ok
mae_future	regime	pooled	mlp	0	log10_Prandtl		test_r2	0.9983571232760662		1	ok
mae_future	regime	pooled	mlp	0	log10_Prandtl		test_pearson_r	0.9991836379991572		1	ok
mae_future	regime	pooled	mlp	0	log10_Prandtl		test_mse	0.0007412557048162663		1	ok
mae_future	regime	pooled	mlp	0	log10_Prandtl		test_log_mse	-3.1300319512186547		1	ok
mae_future	regime	pooled	ridge	0	log10_Prandtl		test_vrmse	0.04172353824173301		1	ok
mae_future	regime	pooled	ridge	0	log10_Prandtl		test_r2	0.9982591463565906		1	ok
mae_future	regime	pooled	ridge	0	log10_Prandtl		test_pearson_r	0.9991379692655948		1	ok
mae_future	regime	pooled	ridge	0	log10_Prandtl		test_mse	0.000785462278227147		1	ok
mae_future	regime	pooled	ridge	0	log10_Prandtl		test_log_mse	-3.104874667086353		1	ok
mae_future	regime	pooled	mlp	0	log10_Rayleigh		test_vrmse	0.02578577290603234		1	ok
mae_future	regime	pooled	mlp	0	log10_Rayleigh		test_r2	0.9993350939156386		1	ok
mae_future	regime	pooled	mlp	0	log10_Rayleigh		test_pearson_r	0.9996903645034565		1	ok
mae_future	regime	pooled	mlp	0	log10_Rayleigh		test_mse	0.001329812168722943		1	ok
mae_future	regime	pooled	mlp	0	log10_Rayleigh		test_log_mse	-2.876209697264425		1	ok
mae_future	regime	pooled	ridge	0	log10_Rayleigh		test_vrmse	0.024206868971902856		1	ok
mae_future	regime	pooled	ridge	0	log10_Rayleigh		test_r2	0.9994140274945771		1	ok
mae_future	regime	pooled	ridge	0	log10_Rayleigh		test_pearson_r	0.9997223094615653		1	ok
mae_future	regime	pooled	ridge	0	log10_Rayleigh		test_mse	0.0011719450108457466		1	ok
mae_future	regime	pooled	ridge	0	log10_Rayleigh		test_log_mse	-2.931092765490729		1	ok
shared	physics	pooled	regime_time	0	buoyancy_gradient_energy		test_vrmse	0.6271934561849316		1	ok
shared	physics	pooled	regime_time	0	buoyancy_gradient_energy		test_r2	0.6066283685188003		1	ok
shared	physics	pooled	regime_time	0	buoyancy_gradient_energy		test_pearson_r	0.7794814353316957		1	ok
shared	physics	pooled	regime_time	0	buoyancy_gradient_energy		test_mse	2577.997091908004		1	ok
shared	physics	pooled	regime_time	0	buoyancy_gradient_energy		test_log_mse	3.411282423114739		1	ok
shared	physics	pooled	regime_time	0	buoyancy_laplacian_magnitude		test_vrmse	0.6383715474467664		1	ok
shared	physics	pooled	regime_time	0	buoyancy_laplacian_magnitude		test_r2	0.5924817674104209		1	ok
shared	physics	pooled	regime_time	0	buoyancy_laplacian_magnitude		test_pearson_r	0.7707829044559402		1	ok
shared	physics	pooled	regime_time	0	buoyancy_laplacian_magnitude		test_mse	438487.73967387807		1	ok
shared	physics	pooled	regime_time	0	buoyancy_laplacian_magnitude		test_log_mse	5.641957454791182		1	ok
shared	physics	pooled	regime_time	0	convective_flux		test_vrmse	0.5553236154043204		1	ok
shared	physics	pooled	regime_time	0	convective_flux		test_r2	0.6916156821742745		1	ok
shared	physics	pooled	regime_time	0	convective_flux		test_pearson_r	0.8320734589923482		1	ok
shared	physics	pooled	regime_time	0	convective_flux		test_mse	5.50244792479924e-06		1	ok
shared	physics	pooled	regime_time	0	convective_flux		test_log_mse	-5.259444058920794		1	ok
shared	physics	pooled	regime_time	0	enstrophy		test_vrmse	0.41884973079262294		1	ok
shared	physics	pooled	regime_time	0	enstrophy		test_r2	0.8245649030149473		1	ok
shared	physics	pooled	regime_time	0	enstrophy		test_pearson_r	0.9080598424546587		1	ok
shared	physics	pooled	regime_time	0	enstrophy		test_mse	291.8019711526316		1	ok
shared	physics	pooled	regime_time	0	enstrophy		test_log_mse	2.4650882212716874		1	ok
shared	physics	pooled	regime_time	0	pressure_gradient_magnitude		test_vrmse	0.45683573937658417		1	ok
shared	physics	pooled	regime_time	0	pressure_gradient_magnitude		test_r2	0.7913011072282496		1	ok
shared	physics	pooled	regime_time	0	pressure_gradient_magnitude		test_pearson_r	0.8896744463666096		1	ok
shared	physics	pooled	regime_time	0	pressure_gradient_magnitude		test_mse	0.0218153174951134		1	ok
shared	physics	pooled	regime_time	0	pressure_gradient_magnitude		test_log_mse	-1.6612384620091623		1	ok
shared	physics	pooled	persistence	16	buoyancy_gradient_energy		test_vrmse	0.7749095645962867		1	ok
shared	physics	pooled	persistence	16	buoyancy_gradient_energy		test_r2	0.39951516669719334		1	ok
shared	physics	pooled	persistence	16	buoyancy_gradient_energy		test_pearson_r	0.8877107429776367		1	ok
shared	physics	pooled	persistence	16	buoyancy_gradient_energy		test_mse	1775.7265578187207		1	ok
shared	physics	pooled	persistence	16	buoyancy_gradient_energy		test_log_mse	3.2493760900611566		1	ok
shared	physics	pooled	regime_time	16	buoyancy_gradient_energy		test_vrmse	0.5422332196110851		1	ok
shared	physics	pooled	regime_time	16	buoyancy_gradient_energy		test_r2	0.7059831355501968		1	ok
shared	physics	pooled	regime_time	16	buoyancy_gradient_energy		test_pearson_r	0.8402638941540331		1	ok
shared	physics	pooled	regime_time	16	buoyancy_gradient_energy		test_mse	869.4533578449702		1	ok
shared	physics	pooled	regime_time	16	buoyancy_gradient_energy		test_log_mse	2.939246289071479		1	ok
shared	physics	pooled	persistence	16	buoyancy_laplacian_magnitude		test_vrmse	0.700776956121671		1	ok
shared	physics	pooled	persistence	16	buoyancy_laplacian_magnitude		test_r2	0.5089116577688456		1	ok
shared	physics	pooled	persistence	16	buoyancy_laplacian_magnitude		test_pearson_r	0.9375384072983348		1	ok
shared	physics	pooled	persistence	16	buoyancy_laplacian_magnitude		test_mse	226856.1062479701		1	ok
shared	physics	pooled	persistence	16	buoyancy_laplacian_magnitude		test_log_mse	5.35575047359149		1	ok
shared	physics	pooled	regime_time	16	buoyancy_laplacian_magnitude		test_vrmse	0.5368792044404025		1	ok
shared	physics	pooled	regime_time	16	buoyancy_laplacian_magnitude		test_r2	0.7117607198394404		1	ok
shared	physics	pooled	regime_time	16	buoyancy_laplacian_magnitude		test_pearson_r	0.8439804051245826		1	ok
shared	physics	pooled	regime_time	16	buoyancy_laplacian_magnitude		test_mse	133150.87152723307		1	ok
shared	physics	pooled	regime_time	16	buoyancy_laplacian_magnitude		test_log_mse	5.124344013420318		1	ok
shared	physics	pooled	persistence	16	convective_flux		test_vrmse	0.598289626655338		1	ok
shared	physics	pooled	persistence	16	convective_flux		test_r2	0.6420495226366163		1	ok
shared	physics	pooled	persistence	16	convective_flux		test_pearson_r	0.8274188933632055		1	ok
shared	physics	pooled	persistence	16	convective_flux		test_mse	6.000881607896202e-06		1	ok
shared	physics	pooled	persistence	16	convective_flux		test_log_mse	-5.22178494139664		1	ok
shared	physics	pooled	regime_time	16	convective_flux		test_vrmse	0.433965458713774		1	ok
shared	physics	pooled	regime_time	16	convective_flux		test_r2	0.8116739806433437		1	ok
shared	physics	pooled	regime_time	16	convective_flux		test_pearson_r	0.9009614743954978		1	ok
shared	physics	pooled	regime_time	16	convective_flux		test_mse	3.157202510721579e-06		1	ok
shared	physics	pooled	regime_time	16	convective_flux		test_log_mse	-5.500697560499862		1	ok
shared	physics	pooled	persistence	16	enstrophy		test_vrmse	0.19343398006643037		1	ok
shared	physics	pooled	persistence	16	enstrophy		test_r2	0.9625832953556598		1	ok
shared	physics	pooled	persistence	16	enstrophy		test_pearson_r	0.9811318598552721		1	ok
shared	physics	pooled	persistence	16	enstrophy		test_mse	65.33960896191795		1	ok
shared	physics	pooled	persistence	16	enstrophy		test_log_mse	1.815176531024184		1	ok
shared	physics	pooled	regime_time	16	enstrophy		test_vrmse	0.37447993921985906		1	ok
shared	physics	pooled	regime_time	16	enstrophy		test_r2	0.8597647751218906		1	ok
shared	physics	pooled	regime_time	16	enstrophy		test_pearson_r	0.9272465169694498		1	ok
shared	physics	pooled	regime_time	16	enstrophy		test_mse	244.88834180666723		1	ok
shared	physics	pooled	regime_time	16	enstrophy		test_log_mse	2.388968110524679		1	ok
shared	physics	pooled	persistence	16	pressure_gradient_magnitude		test_vrmse	0.16979580788846282		1	ok
shared	physics	pooled	persistence	16	pressure_gradient_magnitude		test_r2	0.9711693836235042		1	ok
shared	physics	pooled	persistence	16	pressure_gradient_magnitude		test_pearson_r	0.9906180343017694		1	ok
shared	physics	pooled	persistence	16	pressure_gradient_magnitude		test_mse	0.003416540859667875		1	ok
shared	physics	pooled	persistence	16	pressure_gradient_magnitude		test_log_mse	-2.466413381022904		1	ok
shared	physics	pooled	regime_time	16	pressure_gradient_magnitude		test_vrmse	0.45133724918870843		1	ok
shared	physics	pooled	regime_time	16	pressure_gradient_magnitude		test_r2	0.7962946874947697		1	ok
shared	physics	pooled	regime_time	16	pressure_gradient_magnitude		test_pearson_r	0.8924841936152057		1	ok
shared	physics	pooled	regime_time	16	pressure_gradient_magnitude		test_mse	0.02413987666503453		1	ok
shared	physics	pooled	regime_time	16	pressure_gradient_magnitude		test_log_mse	-1.6172649531215098		1	ok
shared	physics	pooled	persistence	40	buoyancy_gradient_energy		test_vrmse	1.2482563949549466		1	ok
shared	physics	pooled	persistence	40	buoyancy_gradient_energy		test_r2	-0.5581440275459195		1	ok
shared	physics	pooled	persistence	40	buoyancy_gradient_energy		test_pearson_r	0.5635198143348109		1	ok
shared	physics	pooled	persistence	40	buoyancy_gradient_energy		test_mse	4575.982207425043		1	ok
shared	physics	pooled	persistence	40	buoyancy_gradient_energy		test_log_mse	3.6604843271415795		1	ok
shared	physics	pooled	regime_time	40	buoyancy_gradient_energy		test_vrmse	0.5425173659999232		1	ok
shared	physics	pooled	regime_time	40	buoyancy_gradient_energy		test_r2	0.7056749075885054		1	ok
shared	physics	pooled	regime_time	40	buoyancy_gradient_energy		test_pearson_r	0.8405175135761331		1	ok
shared	physics	pooled	regime_time	40	buoyancy_gradient_energy		test_mse	864.378621143891		1	ok
shared	physics	pooled	regime_time	40	buoyancy_gradient_energy		test_log_mse	2.936704016848343		1	ok
shared	physics	pooled	persistence	40	buoyancy_laplacian_magnitude		test_vrmse	1.3525882727955327		1	ok
shared	physics	pooled	persistence	40	buoyancy_laplacian_magnitude		test_r2	-0.8294950357040027		1	ok
shared	physics	pooled	persistence	40	buoyancy_laplacian_magnitude		test_pearson_r	0.5196027539074274		1	ok
shared	physics	pooled	persistence	40	buoyancy_laplacian_magnitude		test_mse	804816.3036280946		1	ok
shared	physics	pooled	persistence	40	buoyancy_laplacian_magnitude		test_log_mse	5.905696765554793		1	ok
shared	physics	pooled	regime_time	40	buoyancy_laplacian_magnitude		test_vrmse	0.527349399736891		1	ok
shared	physics	pooled	regime_time	40	buoyancy_laplacian_magnitude		test_r2	0.7219026105971408		1	ok
shared	physics	pooled	regime_time	40	buoyancy_laplacian_magnitude		test_pearson_r	0.8498296544582894		1	ok
shared	physics	pooled	regime_time	40	buoyancy_laplacian_magnitude		test_mse	122338.30025218161		1	ok
shared	physics	pooled	regime_time	40	buoyancy_laplacian_magnitude		test_log_mse	5.087562442189033		1	ok
shared	physics	pooled	persistence	40	convective_flux		test_vrmse	0.778561403202787		1	ok
shared	physics	pooled	persistence	40	convective_flux		test_r2	0.3938421414429073		1	ok
shared	physics	pooled	persistence	40	convective_flux		test_pearson_r	0.7128523734895448		1	ok
shared	physics	pooled	persistence	40	convective_flux		test_mse	1.042451742345218e-05		1	ok
shared	physics	pooled	persistence	40	convective_flux		test_log_mse	-4.981944040448472		1	ok
shared	physics	pooled	regime_time	40	convective_flux		test_vrmse	0.5968667740537834		1	ok
shared	physics	pooled	regime_time	40	convective_flux		test_r2	0.6437500540306298		1	ok
shared	physics	pooled	regime_time	40	convective_flux		test_pearson_r	0.8027103932589479		1	ok
shared	physics	pooled	regime_time	40	convective_flux		test_mse	6.126677591381599e-06		1	ok
shared	physics	pooled	regime_time	40	convective_flux		test_log_mse	-5.212774973261651		1	ok
shared	physics	pooled	persistence	40	enstrophy		test_vrmse	0.3550660333609484		1	ok
shared	physics	pooled	persistence	40	enstrophy		test_r2	0.8739281119533219		1	ok
shared	physics	pooled	persistence	40	enstrophy		test_pearson_r	0.9402198744440525		1	ok
shared	physics	pooled	persistence	40	enstrophy		test_mse	259.00159929511966		1	ok
shared	physics	pooled	persistence	40	enstrophy		test_log_mse	2.4133024457912944		1	ok
shared	physics	pooled	regime_time	40	enstrophy		test_vrmse	0.3821400018661355		1	ok
shared	physics	pooled	regime_time	40	enstrophy		test_r2	0.8539690189737499		1	ok
shared	physics	pooled	regime_time	40	enstrophy		test_pearson_r	0.9242466415987147		1	ok
shared	physics	pooled	regime_time	40	enstrophy		test_mse	300.00548273244186		1	ok
shared	physics	pooled	regime_time	40	enstrophy		test_log_mse	2.477129191715286		1	ok
shared	physics	pooled	persistence	40	pressure_gradient_magnitude		test_vrmse	0.3261889639153882		1	ok
shared	physics	pooled	persistence	40	pressure_gradient_magnitude		test_r2	0.8936007598198056		1	ok
shared	physics	pooled	persistence	40	pressure_gradient_magnitude		test_pearson_r	0.9725667914933361		1	ok
shared	physics	pooled	persistence	40	pressure_gradient_magnitude		test_mse	0.015822155107486274		1	ok
shared	physics	pooled	persistence	40	pressure_gradient_magnitude		test_log_mse	-1.8007343623336536		1	ok
shared	physics	pooled	regime_time	40	pressure_gradient_magnitude		test_vrmse	0.4184137589891128		1	ok
shared	physics	pooled	regime_time	40	pressure_gradient_magnitude		test_r2	0.8249299262886006		1	ok
shared	physics	pooled	regime_time	40	pressure_gradient_magnitude		test_pearson_r	0.9083687530026722		1	ok
shared	physics	pooled	regime_time	40	pressure_gradient_magnitude		test_mse	0.026033887612821813		1	ok
shared	physics	pooled	regime_time	40	pressure_gradient_magnitude		test_log_mse	-1.5844609743137819		1	ok
shared	physics	token	position	0	buoyancy_gradient_energy		test_vrmse	0.8757964411884239		1	ok
shared	physics	token	position	0	buoyancy_gradient_energy		test_r2	0.23298059360169143		1	ok
shared	physics	token	position	0	buoyancy_gradient_energy		test_pearson_r	0.4828228228911278		1	ok
shared	physics	token	position	0	buoyancy_gradient_energy		test_mse	114429.06080518705		1	ok
shared	physics	token	position	0	buoyancy_gradient_energy		test_log_mse	5.0585363334130085		1	ok
shared	physics	token	position	0	buoyancy_laplacian_magnitude		test_vrmse	0.940164346992278		1	ok
shared	physics	token	position	0	buoyancy_laplacian_magnitude		test_r2	0.11609100064458344		1	ok
shared	physics	token	position	0	buoyancy_laplacian_magnitude		test_pearson_r	0.3409751004620148		1	ok
shared	physics	token	position	0	buoyancy_laplacian_magnitude		test_mse	4315065.843628242		1	ok
shared	physics	token	position	0	buoyancy_laplacian_magnitude		test_log_mse	6.634987427005167		1	ok
shared	physics	token	position	0	convective_flux		test_vrmse	0.9999146465728116		1	ok
shared	physics	token	position	0	convective_flux		test_r2	0.00017069956916926365		1	ok
shared	physics	token	position	0	convective_flux		test_pearson_r	0.015993222587599734		1	ok
shared	physics	token	position	0	convective_flux		test_mse	0.005220521052609484		1	ok
shared	physics	token	position	0	convective_flux		test_log_mse	-2.2822861485341646		1	ok
shared	physics	token	position	0	enstrophy		test_vrmse	0.9772741130765397		1	ok
shared	physics	token	position	0	enstrophy		test_r2	0.04493530791046285		1	ok
shared	physics	token	position	0	enstrophy		test_pearson_r	0.21204875275971138		1	ok
shared	physics	token	position	0	enstrophy		test_mse	67077.4955957259		1	ok
shared	physics	token	position	0	enstrophy		test_log_mse	4.826576839425093		1	ok
shared	physics	token	position	0	pressure_gradient_magnitude		test_vrmse	0.9924871626059739		1	ok
shared	physics	token	position	0	pressure_gradient_magnitude		test_r2	0.01496923206234313		1	ok
shared	physics	token	position	0	pressure_gradient_magnitude		test_pearson_r	0.12594483710594784		1	ok
shared	physics	token	position	0	pressure_gradient_magnitude		test_mse	0.23655880876048013		1	ok
shared	physics	token	position	0	pressure_gradient_magnitude		test_log_mse	-0.6260608754537544		1	ok
shared	physics	token	persistence	16	buoyancy_gradient_energy		test_vrmse	0.502476844294968		1	ok
shared	physics	token	persistence	16	buoyancy_gradient_energy		test_r2	0.7475170209473705		1	ok
shared	physics	token	persistence	16	buoyancy_gradient_energy		test_pearson_r	0.8647080941839919		1	ok
shared	physics	token	persistence	16	buoyancy_gradient_energy		test_mse	51823.07475875644		1	ok
shared	physics	token	persistence	16	buoyancy_gradient_energy		test_log_mse	4.714523176908122		1	ok
shared	physics	token	position	16	buoyancy_gradient_energy		test_vrmse	0.8987839091758271		1	ok
shared	physics	token	position	16	buoyancy_gradient_energy		test_r2	0.1921874846066186		1	ok
shared	physics	token	position	16	buoyancy_gradient_energy		test_pearson_r	0.4390541898402127		1	ok
shared	physics	token	position	16	buoyancy_gradient_energy		test_mse	165806.53687377466		1	ok
shared	physics	token	position	16	buoyancy_gradient_energy		test_log_mse	5.219601648483534		1	ok
shared	physics	token	persistence	16	buoyancy_laplacian_magnitude		test_vrmse	0.6549009891805884		1	ok
shared	physics	token	persistence	16	buoyancy_laplacian_magnitude		test_r2	0.5711046943702869		1	ok
shared	physics	token	persistence	16	buoyancy_laplacian_magnitude		test_pearson_r	0.7784470007875361		1	ok
shared	physics	token	persistence	16	buoyancy_laplacian_magnitude		test_mse	2252118.0533122835		1	ok
shared	physics	token	persistence	16	buoyancy_laplacian_magnitude		test_log_mse	6.35259115196897		1	ok
shared	physics	token	position	16	buoyancy_laplacian_magnitude		test_vrmse	0.9317428327283941		1	ok
shared	physics	token	position	16	buoyancy_laplacian_magnitude		test_r2	0.13185529365926774		1	ok
shared	physics	token	position	16	buoyancy_laplacian_magnitude		test_pearson_r	0.3657203462424607		1	ok
shared	physics	token	position	16	buoyancy_laplacian_magnitude		test_mse	4558605.189597122		1	ok
shared	physics	token	position	16	buoyancy_laplacian_magnitude		test_log_mse	6.658831980575683		1	ok
shared	physics	token	persistence	16	convective_flux		test_vrmse	0.6734198626807265		1	ok
shared	physics	token	persistence	16	convective_flux		test_r2	0.5465056885470714		1	ok
shared	physics	token	persistence	16	convective_flux		test_pearson_r	0.761088736158526		1	ok
shared	physics	token	persistence	16	convective_flux		test_mse	0.0026714200164426197		1	ok
shared	physics	token	persistence	16	convective_flux		test_log_mse	-2.573257824265137		1	ok
shared	physics	token	position	16	convective_flux		test_vrmse	0.9996805320149365		1	ok
shared	physics	token	position	16	convective_flux		test_r2	0.0006388339103337026		1	ok
shared	physics	token	position	16	convective_flux		test_pearson_r	0.026470691243102615		1	ok
shared	physics	token	position	16	convective_flux		test_mse	0.0058869832659951245		1	ok
shared	physics	token	position	16	convective_flux		test_log_mse	-2.230107198686949		1	ok
shared	physics	token	persistence	16	enstrophy		test_vrmse	1.0854122071296946		1	ok
shared	physics	token	persistence	16	enstrophy		test_r2	-0.17811965938615493		1	ok
shared	physics	token	persistence	16	enstrophy		test_pearson_r	0.5290835394697962		1	ok
shared	physics	token	persistence	16	enstrophy		test_mse	56916.70127167753		1	ok
shared	physics	token	persistence	16	enstrophy		test_log_mse	4.755239721682412		1	ok
shared	physics	token	position	16	enstrophy		test_vrmse	0.9640645029985602		1	ok
shared	physics	token	position	16	enstrophy		test_r2	0.07057963405813916		1	ok
shared	physics	token	position	16	enstrophy		test_pearson_r	0.26955835310141935		1	ok
shared	physics	token	position	16	enstrophy		test_mse	44901.67098280048		1	ok
shared	physics	token	position	16	enstrophy		test_log_mse	4.652262503255133		1	ok
shared	physics	token	persistence	16	pressure_gradient_magnitude		test_vrmse	0.8475831258320146		1	ok
shared	physics	token	persistence	16	pressure_gradient_magnitude		test_r2	0.28160284480483144		1	ok
shared	physics	token	persistence	16	pressure_gradient_magnitude		test_pearson_r	0.6246340207872128		1	ok
shared	physics	token	persistence	16	pressure_gradient_magnitude		test_mse	0.19233826167598725		1	ok
shared	physics	token	persistence	16	pressure_gradient_magnitude		test_log_mse	-0.7159343133597829		1	ok
shared	physics	token	position	16	pressure_gradient_magnitude		test_vrmse	0.9924135444756478		1	ok
shared	physics	token	position	16	pressure_gradient_magnitude		test_r2	0.015115356741281394		1	ok
shared	physics	token	position	16	pressure_gradient_magnitude		test_pearson_r	0.12899908072029537		1	ok
shared	physics	token	position	16	pressure_gradient_magnitude		test_mse	0.26368562133892864		1	ok
shared	physics	token	position	16	pressure_gradient_magnitude		test_log_mse	-0.5789135514481821		1	ok
shared	physics	token	persistence	40	buoyancy_gradient_energy		test_vrmse	0.5224086088603933		1	ok
shared	physics	token	persistence	40	buoyancy_gradient_energy		test_r2	0.7270892453885487		1	ok
shared	physics	token	persistence	40	buoyancy_gradient_energy		test_pearson_r	0.8536478370349995		1	ok
shared	physics	token	persistence	40	buoyancy_gradient_energy		test_mse	58640.36825211809		1	ok
shared	physics	token	persistence	40	buoyancy_gradient_energy		test_log_mse	4.768196688941405		1	ok
shared	physics	token	position	40	buoyancy_gradient_energy		test_vrmse	0.8867897971424861		1	ok
shared	physics	token	position	40	buoyancy_gradient_energy		test_r2	0.21360385568398832		1	ok
shared	physics	token	position	40	buoyancy_gradient_energy		test_pearson_r	0.46261783010081586		1	ok
shared	physics	token	position	40	buoyancy_gradient_energy		test_mse	168973.0386784902		1	ok
shared	physics	token	position	40	buoyancy_gradient_energy		test_log_mse	5.227817414156499		1	ok
shared	physics	token	persistence	40	buoyancy_laplacian_magnitude		test_vrmse	0.7704713395757996		1	ok
shared	physics	token	persistence	40	buoyancy_laplacian_magnitude		test_r2	0.4063739148922728		1	ok
shared	physics	token	persistence	40	buoyancy_laplacian_magnitude		test_pearson_r	0.6907254501068166		1	ok
shared	physics	token	persistence	40	buoyancy_laplacian_magnitude		test_mse	3203375.097384341		1	ok
shared	physics	token	persistence	40	buoyancy_laplacian_magnitude		test_log_mse	6.5056077951066325		1	ok
shared	physics	token	position	40	buoyancy_laplacian_magnitude		test_vrmse	0.9260763516683687		1	ok
shared	physics	token	position	40	buoyancy_laplacian_magnitude		test_r2	0.1423825908806039		1	ok
shared	physics	token	position	40	buoyancy_laplacian_magnitude		test_pearson_r	0.37754469955167336		1	ok
shared	physics	token	position	40	buoyancy_laplacian_magnitude		test_mse	4627947.323032134		1	ok
shared	physics	token	position	40	buoyancy_laplacian_magnitude		test_log_mse	6.665388407011202		1	ok
shared	physics	token	persistence	40	convective_flux		test_vrmse	0.7370470371245849		1	ok
shared	physics	token	persistence	40	convective_flux		test_r2	0.4567616650658709		1	ok
shared	physics	token	persistence	40	convective_flux		test_pearson_r	0.6986254602069487		1	ok
shared	physics	token	persistence	40	convective_flux		test_mse	0.0037019558336199754		1	ok
shared	physics	token	persistence	40	convective_flux		test_log_mse	-2.431568766925511		1	ok
shared	physics	token	position	40	convective_flux		test_vrmse	0.9998472373478785		1	ok
shared	physics	token	position	40	convective_flux		test_r2	0.00030550196781520267		1	ok
shared	physics	token	position	40	convective_flux		test_pearson_r	0.01926285025444073		1	ok
shared	physics	token	position	40	convective_flux		test_mse	0.006812525259795568		1	ok
shared	physics	token	position	40	convective_flux		test_log_mse	-2.1666918744151924		1	ok
shared	physics	token	persistence	40	enstrophy		test_vrmse	1.027371343212942		1	ok
shared	physics	token	persistence	40	enstrophy		test_r2	-0.0554918768551651		1	ok
shared	physics	token	persistence	40	enstrophy		test_pearson_r	0.4539404299652467		1	ok
shared	physics	token	persistence	40	enstrophy		test_mse	80226.843877761		1	ok
shared	physics	token	persistence	40	enstrophy		test_log_mse	4.9043197074033715		1	ok
shared	physics	token	position	40	enstrophy		test_vrmse	0.9603358991171675		1	ok
shared	physics	token	position	40	enstrophy		test_r2	0.07775496086682132		1	ok
shared	physics	token	position	40	enstrophy		test_pearson_r	0.2792196408771401		1	ok
shared	physics	token	position	40	enstrophy		test_mse	70098.88981052753		1	ok
shared	physics	token	position	40	enstrophy		test_log_mse	4.845711139892768		1	ok
shared	physics	token	persistence	40	pressure_gradient_magnitude		test_vrmse	0.884861285634813		1	ok
shared	physics	token	persistence	40	pressure_gradient_magnitude		test_r2	0.21702050518470584		1	ok
shared	physics	token	persistence	40	pressure_gradient_magnitude		test_pearson_r	0.5667677952997487		1	ok
shared	physics	token	persistence	40	pressure_gradient_magnitude		test_mse	0.2672934854777177		1	ok
shared	physics	token	persistence	40	pressure_gradient_magnitude		test_log_mse	-0.5730116258134451		1	ok
shared	physics	token	position	40	pressure_gradient_magnitude		test_vrmse	0.9973626983110889		1	ok
shared	physics	token	position	40	pressure_gradient_magnitude		test_r2	0.005267648017623916		1	ok
shared	physics	token	position	40	pressure_gradient_magnitude		test_pearson_r	0.07314832327696286		1	ok
shared	physics	token	position	40	pressure_gradient_magnitude		test_mse	0.33958166112835425		1	ok
shared	physics	token	position	40	pressure_gradient_magnitude		test_log_mse	-0.46905577156652445		1	ok
